{
  "n": 20,
  "pearson_r": 0.6660229937135946,
  "pearson_p": 0.001346493044452888,
  "spearman_r": 0.7593984962406014,
  "spearman_p": 0.00010303152627878628,
  "r2": 0.13500452694240728,
  "rmse": 74.23709084744526,
  "mae": 59.09049937109531
}