{
  "sspg": {
    "spearman_r": -0.3142857142857143,
    "rmse": NaN,
    "n": 6
  },
  "di": {
    "spearman_r": -0.08571428571428573,
    "rmse": NaN,
    "n": 6
  }
}