{
"epoch": [
1,
2,
3,
4,
5,
6,
7,
8,
9,
10,
11,
12,
13,
14,
15,
16,
17,
18,
19,
20,
21,
22,
23,
24,
25,
26,
27,
28,
29,
30,
31,
32,
33,
34,
35,
36,
37,
38,
39,
40,
41,
42,
43,
44,
45,
46,
47,
48,
49,
50,
51,
52,
53,
54,
55,
56,
57,
58,
59,
60,
61,
62,
63,
64,
65,
66,
67,
68,
69,
70,
71,
72,
73,
74,
75,
76,
77,
78,
79,
80,
81,
82,
83,
84,
85,
86,
87,
88,
89,
90,
91,
92,
93,
94,
95,
96,
97,
98,
99,
100
],
"recon_loss": [
0.1496415622048564,
0.17047829732492373,
0.13815087718623026,
0.1424439215621391,
0.15388774117092033,
0.17915233795518998,
0.14602872477723405,
0.13883174762323305,
0.15309041777214447,
0.15066502891577682,
0.13739966514048638,
0.1479797898368402,
0.1701495995769253,
0.1532629904421893,
0.1672271331409355,
0.1434251648652089,
0.15741896629333496,
0.16241668667886164,
0.16575556103285258,
0.15550772768336457,
0.1446472272857443,
0.1467950882075669,
0.16108155250549316,
0.14472388330992167,
0.15410738564156867,
0.15396530713353837,
0.14762472003311305,
0.1435067711712478,
0.15734151915296332,
0.1491060173743731,
0.1472524358080579,
0.155916447376276,
0.1506619399244135,
0.14367758356905602,
0.1517940080398089,
0.1637866748617841,
0.15149415506945027,
0.1426218705517905,
0.17047975725167758,
0.15593679094469393,
0.16554716732594874,
0.1453161717622311,
0.15643203258514404,
0.14237563660392513,
0.15203916116968377,
0.15921249656708208,
0.14399035236278138,
0.13803034962771774,
0.14256252541944578,
0.14604048227721994,
0.14902524204997272,
0.16125073487108404,
0.14714523859612352,
0.14795714365197465,
0.14606798807908963,
0.15369555450879135,
0.14720721755708968,
0.13945237266552912,
0.15855106982317838,
0.17484505300397996,
0.1422261961481788,
0.1479037588873467,
0.15157620995849758,
0.14979908373448755,
0.15445915077413833,
0.15034419627158674,
0.1526035364572104,
0.15504182730015223,
0.16759402198450907,
0.1638080630596582,
0.15437836112914147,
0.1584243058384239,
0.14007484003320916,
0.15435763516209342,
0.1485421768837161,
0.1452417594271821,
0.16430776633999564,
0.1379999980911032,
0.1563942904596205,
0.1467932482044418,
0.18615916023006687,
0.13769457518280326,
0.15357596552991248,
0.16097494534083776,
0.15761741337838112,
0.15253503620624542,
0.1463057410407376,
0.1618956450324554,
0.148018731892883,
0.149618889604296,
0.1452002703369438,
0.15204321312439906,
0.1465989537053294,
0.1691139398457168,
0.13997465488198516,
0.1494031260152916,
0.1380800875750455,
0.1531354221817735,
0.1496345035054467,
0.15059665755018012
],
"sspg_loss": [
364.3321495551568,
272.3183859292563,
199.21223628056515,
108.0968231597504,
64.3410227391627,
61.722108915254665,
89.04079159823331,
54.392429302265114,
55.63185382198978,
62.07961426772081,
61.86320842396129,
44.426379662055474,
46.81778063092913,
35.174268450055806,
34.72023921817928,
26.604852701162365,
27.55675828611696,
33.62594431096857,
24.215047093180868,
15.806615507447875,
13.915139260230127,
20.613666212403928,
15.915544138326274,
14.520494349591143,
14.391969903722986,
8.415089396687296,
10.22675338968054,
9.558663368225098,
7.665403873889478,
8.896284437798835,
7.912664286501996,
6.126081503830947,
4.930994306291852,
4.214989045997719,
4.957047289068049,
2.8737165277654473,
3.5250481072958415,
3.3159480218763475,
3.798988757195411,
2.6115200829196286,
4.0210066491907295,
2.1495925025506453,
2.964832231595919,
2.5227045858061157,
3.3523198846098663,
2.017954324747061,
1.998339004330821,
1.6818397230916209,
1.337872043832556,
1.3820178663575804,
1.3623202884352053,
1.3873990820599842,
1.5180297888718641,
1.433076592234822,
1.421257882923275,
1.2809744012820257,
1.3740889600345068,
1.282911225572809,
0.9707283230571003,
1.070217668236076,
0.9252043258060109,
1.126304655880123,
0.9471594327455991,
0.9051867506720803,
1.1332391159875053,
1.3392067915433412,
0.9665842009829236,
1.0444248992127259,
1.0190158633442667,
0.8324342075880472,
1.0589732643845793,
1.1059916739339952,
1.173552469773726,
0.9236463401224706,
0.9081204022680011,
0.9292304546802075,
1.2125254312118927,
1.1265350719550988,
0.9457313549983037,
0.8342475844668104,
1.3172318254198347,
0.9242340434681285,
1.012897847534774,
1.0416020727776862,
0.9253824391922394,
0.9301331817329704,
0.8431723706133953,
0.8069954785433683,
1.1655234578367952,
0.9856476628935182,
0.8308738532004418,
0.9234513524290803,
0.8783820201824237,
0.7575767226033396,
1.0209947112318758,
0.7950867832481087,
1.1396880699442578,
0.9320340590043501,
0.82183609689985,
0.8251630145233947
],
"di_loss": [
113.18475064364347,
110.72347036584631,
92.84103943465593,
75.67458987545658,
48.69868474192434,
41.2701893595906,
64.88702258816014,
45.58406393868582,
43.98943492344448,
42.300173895699636,
37.08459403298118,
25.86948335325563,
38.408799580165315,
35.93896266392299,
36.12406163401418,
21.27388080993256,
28.043837559687628,
21.131965488582463,
14.65487222547655,
17.598099820025556,
19.02309088273482,
10.863952079376617,
10.28920537775213,
10.61213661788346,
7.8945567514989285,
7.919341904776437,
7.9385962672047805,
6.339510468693523,
6.4281489694273315,
4.349827165727492,
4.211115570811482,
2.8373571092432197,
4.724605752276136,
3.702686298977245,
4.971464423390178,
2.983620861908058,
3.5499475993119276,
2.728173389063253,
3.2645225524902344,
2.0172344384255347,
1.781964936813751,
2.2774885970276673,
1.8047663515264338,
1.9191421936084698,
1.5923009414177436,
1.5079568798665877,
1.2147525146410063,
0.9636085010194159,
1.2246801202947444,
1.4649370320431598,
1.0092731938733683,
0.8380292715964379,
0.8817491577817248,
1.3261047741035363,
1.0732594651061218,
0.890239535214065,
0.9270090855561294,
0.9735045417562708,
0.9749642881480131,
0.9069813319614956,
0.9534521257722532,
0.9529714034749316,
0.9884903709609787,
0.8809378100680066,
0.8896387273615057,
0.9620311058960952,
0.8861578037212421,
0.8585923685655965,
0.9178390951899739,
0.9042853565959187,
0.8664312254298817,
0.7782605646492599,
0.9455402052247679,
0.8214527020206699,
0.864310148474458,
1.0210580601320638,
0.8181113786511607,
0.8690806367954651,
0.8531985344824853,
0.8312205912230851,
0.9084241591490708,
0.8519082146805602,
0.8566868274242847,
0.7737120397679218,
0.8630021315116387,
0.9553029560423517,
0.8709251153004633,
0.8528474770583115,
0.8890099157760669,
0.8497121705637349,
0.8414086250515728,
0.8428288729159863,
0.8365184564095038,
0.727401929435792,
0.8737847959840452,
0.9080611947294953,
0.8243778758234792,
0.7996865154860856,
0.8841207762817284,
0.8629827406499293
],