{
"epoch": [
1,
2,
3,
4,
5,
6,
7,
8,
9,
10,
11,
12,
13,
14,
15,
16,
17,
18,
19,
20,
21,
22,
23,
24,
25,
26,
27,
28,
29,
30,
31,
32,
33,
34,
35,
36,
37,
38,
39,
40,
41,
42,
43,
44,
45,
46,
47,
48,
49,
50,
51,
52,
53,
54,
55,
56,
57,
58,
59,
60,
61,
62,
63,
64,
65,
66,
67,
68,
69,
70,
71,
72,
73,
74,
75,
76,
77,
78,
79,
80,
81,
82,
83,
84,
85,
86,
87,
88,
89,
90,
91,
92,
93,
94,
95,
96,
97,
98,
99,
100
],
"train_loss": [
48.011681742482374,
38.58501466528162,
29.45382831623028,
18.629935821929536,
11.568209251800141,
10.58873192056433,
15.649160224121886,
10.246830952631964,
10.225569514485148,
10.6989935713929,
10.142530156420422,
7.287916208242441,
8.803157818781866,
7.374936004737755,
7.362006992488713,
5.04164829501858,
5.82782861164638,
5.748557648101411,
4.163097341339309,
3.606329199555632,
3.548820127140392,
3.404906737339961,
2.8919064069723155,
2.768336940121341,
2.493109842399498,
1.8977583290694595,
2.0745095571914276,
1.8436740652307289,
1.6770466210006119,
1.584067021871542,
1.4699803590774536,
1.1626102088333725,
1.2265718602514886,
1.045794976996137,
1.2549950596574064,
0.8598702658306469,
0.9693436251058207,
0.8573838991004151,
0.9871807547358723,
0.7291621209739091,
0.8561942151614598,
0.6983741498612738,
0.7437417716174931,
0.6969101947623414,
0.7568511436511944,
0.6221534756871013,
0.5756493721689496,
0.5129250318973095,
0.5091676030840192,
0.541085848560581,
0.49653445822852,
0.4941434465445481,
0.4974729883206355,
0.5342251542326691,
0.5058696146135206,
0.481166799347122,
0.4876668724146756,
0.47544380364479955,
0.4634701923116461,
0.4829148162495006,
0.4404417160269502,
0.46618123952444496,
0.45549105978631355,
0.43876140496947547,
0.4670967993798194,
0.4908178607364754,
0.4482276010048854,
0.455693417555326,
0.4716293958874492,
0.44782988281993125,
0.4572686773615998,
0.4571994051530764,
0.4623339687074934,
0.43921739985416464,
0.4361351054984254,
0.4506204921703834,
0.47772133427780944,
0.44791144597065913,
0.4466371520773157,
0.42368993201813143,
0.5190746265572387,
0.4256586858204433,
0.4508843007799867,
0.45285623259358593,
0.4468057511688827,
0.451428525246583,
0.42806535649609256,
0.43822982249321873,
0.46382195376730584,
0.44350475769538383,
0.4227783858002006,
0.43902109582702836,
0.42843888177500145,
0.42796167886102354,
0.4398024763379778,
0.4300678043396442,
0.44483654994469185,
0.4366573521069118,
0.43058006717013075,
0.42976111134925443
],
"val_loss": [
0.12077275663614273,
0.12077275663614273,
0.12077275663614273,
0.12077275663614273,
0.12077275663614273,
0.12077275663614273,
0.12077275663614273,
0.12077275663614273,
0.12077275663614273,
0.12077275663614273,
0.12077275663614273,
0.12077275663614273,
0.12077275663614273,
0.12077275663614273,
0.12077275663614273,
0.12077275663614273,
0.12077275663614273,
0.12077275663614273,
0.12077275663614273,
0.12077275663614273,
0.12077275663614273,
0.12077275663614273,
0.12077275663614273,
0.12077275663614273,
0.12077275663614273,
0.12077275663614273,
0.12077275663614273,
0.12077275663614273,
0.12077275663614273,
0.12077275663614273,
0.12077275663614273,
0.12077275663614273,
0.12077275663614273,
0.12077275663614273,
0.12077275663614273,
0.12077275663614273,
0.12077275663614273,
0.12077275663614273,
0.12077275663614273,
0.12077275663614273,
0.12077275663614273,
0.12077275663614273,
0.12077275663614273,
0.12077275663614273,
0.12077275663614273,
0.12077275663614273,
0.12077275663614273,
0.12077275663614273,
0.12077275663614273,
0.12077275663614273,
0.12077275663614273,
0.12077275663614273,
0.12077275663614273,
0.12077275663614273,
0.12077275663614273,
0.12077275663614273,
0.12077275663614273,
0.12077275663614273,
0.12077275663614273,
0.12077275663614273,
0.12077275663614273,
0.12077275663614273,
0.12077275663614273,
0.12077275663614273,
0.12077275663614273,
0.12077275663614273,
0.12077275663614273,
0.12077275663614273,
0.12077275663614273,
0.12077275663614273,
0.12077275663614273,
0.12077275663614273,
0.12077275663614273,
0.12077275663614273,
0.12077275663614273,
0.12077275663614273,
0.12077275663614273,
0.12077275663614273,
0.12077275663614273,
0.12077275663614273,
0.12077275663614273,
0.12077275663614273,
0.12077275663614273,
0.12077275663614273,
0.12077275663614273,
0.12077275663614273,
0.12077275663614273,
0.12077275663614273,
0.12077275663614273,
0.12077275663614273,
0.12077275663614273,
0.12077275663614273,
0.12077275663614273,
0.12077275663614273,
0.12077275663614273,
0.12077275663614273,
0.12077275663614273,
0.12077275663614273,
0.12077275663614273,
0.12077275663614273
]
}