{
  "n": 20,
  "pearson_r": 0.5133074252519972,
  "pearson_p": 0.020627383460314917,
  "spearman_r": 0.6406015037593984,
  "spearman_p": 0.002342270858482576,
  "r2": 0.06853145353905188,
  "rmse": 77.03678050169698,
  "mae": 60.45569886937544
}