{
  "n": 16,
  "pearson_r": 0.7083638855880627,
  "pearson_p": 0.0021322166791281467,
  "spearman_r": 0.6794117647058824,
  "spearman_p": 0.0037934326691597448,
  "r2": 0.14816396086133854,
  "rmse": 0.6691382704786688,
  "mae": 0.5342638896364198
}