{
"epoch": [
1,
2,
3,
4,
5,
6,
7,
8,
9,
10,
11,
12,
13,
14,
15,
16,
17,
18,
19,
20,
21,
22,
23,
24,
25,
26,
27,
28,
29,
30,
31,
32,
33,
34,
35,
36,
37,
38,
39,
40,
41,
42,
43,
44,
45,
46,
47,
48,
49,
50,
51,
52,
53,
54,
55,
56,
57,
58,
59,
60,
61,
62,
63,
64,
65,
66,
67,
68,
69,
70,
71,
72,
73,
74,
75,
76,
77,
78,
79,
80,
81,
82,
83,
84,
85,
86,
87,
88,
89,
90,
91,
92,
93,
94,
95,
96,
97,
98,
99,
100
],
"train_loss": [
1847.9889381333153,
865.1575704140238,
763.0887402827196,
704.7147253055384,
618.4842607856978,
681.7413873955755,
671.9227941531947,
526.3762188901995,
536.2671384905825,
563.7599547735535,
465.57848849154936,
532.9962127987701,
489.2740406753993,
476.1699259540822,
405.3472222432052,
491.5264463519106,
464.6100095239016,
442.4025353157874,
515.0095921884669,
515.1677753712871,
374.88633803565904,
472.7833168860709,
457.7404010886013,
450.30993531482056,
523.9213945747603,
449.9445461613117,
446.253181381981,
463.76611086401607,
441.5764377707302,
336.54402175752244,
423.07485508682703,
462.1059428300008,
526.9951907620572,
367.8294741186765,
438.76721614422183,
467.73326613171264,
515.4918073899676,
602.6148210280012,
570.3011112024288,
527.3866507652963,
504.85032245900373,
553.2258216178063,
491.40550639841814,
533.7723388671875,
449.9547708341391,
444.973405139281,
513.4009042872061,
417.2314042572928,
465.5950356662864,
668.7927122210513,
599.4355453642288,
517.2951049804688,
416.7097546039241,
424.27909987043626,
499.85652054890545,
435.15661590878324,
372.38769017587794,
437.0284043113784,
514.0332973971225,
453.8457211787158,
513.0150737951298,
429.31579831567143,
455.51891243811883,
449.6744738286084,
467.2083111753558,
422.09641318746134,
427.87209312514506,
433.70804104946626,
414.16871854574373,
468.85274090153155,
331.66750479216626,
377.54668962837445,
371.35561136680076,
331.79155104231126,
417.36530175539525,
352.4308127223855,
391.19909093875697,
337.0961095224513,
361.4039963826095,
470.729953879177,
371.2396288579053,
462.937716342435,
376.53220420308634,
406.71913917465963,
410.66895237535533,
369.121934003169,
399.8912294973241,
395.477342964399,
413.4511090269183,
368.8455694217493,
392.7383712919632,
355.7386272166035,
336.5309747374884,
357.8506939576404,
370.38756810556544,
333.4927685426013,
360.1068810189124,
288.8578424737005,
372.62184218604966,
324.84242082350323
],
"val_loss": [
2.0029304027557373,
2.0983734130859375,
2.240288496017456,
2.256596088409424,
3.1383049488067627,
2.276582717895508,
2.041207790374756,
2.4549720287323,
2.3109543323516846,
1.893356204032898,
2.139904499053955,
1.64247727394104,
1.6580753326416016,
1.7747187614440918,
5.40281343460083,
1.5699104070663452,
1.5001521110534668,
1.313693881034851,
1.3401869535446167,
1.2696523666381836,
1.259069561958313,
0.9362214207649231,
2.9689037799835205,
3.6992430686950684,
3.3060226440429688,
3.5419156551361084,
2.978071451187134,
4.086022853851318,
3.938762664794922,
3.631031036376953,
3.3144352436065674,
3.756115198135376,
3.9236831665039062,
2.790266752243042,
3.2863690853118896,
3.109295129776001,
2.4517312049865723,
2.8528599739074707,
3.0740339756011963,
2.481595516204834,
2.319953680038452,
2.4417564868927,
2.365300416946411,
3.178877830505371,
2.3677024841308594,
3.137960433959961,
2.4361157417297363,
2.6621766090393066,
3.0264322757720947,
2.774374485015869,
3.7133443355560303,
2.387430191040039,
2.2969064712524414,
2.3941147327423096,
2.914954662322998,
3.4392693042755127,
2.809516429901123,
2.523925542831421,
3.3366780281066895,
2.6893186569213867,
3.4254798889160156,
3.3417325019836426,
2.5683698654174805,
2.6090571880340576,
3.2911500930786133,
5.065373420715332,
4.961669445037842,
9.724519729614258,
2.8198344707489014,
2.424922466278076,
2.604254961013794,
2.6901309490203857,
5.023009300231934,
3.3024184703826904,
2.4159343242645264,
2.0508689880371094,
2.3674190044403076,
3.0270113945007324,
2.293149471282959,
2.0349202156066895,
1.9777809381484985,
2.2683498859405518,
2.596022367477417,
1.916603922843933,
1.7827637195587158,
1.8599292039871216,
2.100492238998413,
1.9736827611923218,
2.2737903594970703,
2.770585060119629,
2.46376895904541,
2.5864055156707764,
2.3545279502868652,
2.128351926803589,
2.299391984939575,
2.0276708602905273,
2.0993762016296387,
2.214999198913574,
2.136401653289795,
1.985697865486145
]
}