{
"epoch": [
1,
2,
3,
4,
5,
6,
7,
8,
9,
10,
11,
12,
13,
14,
15,
16,
17,
18,
19,
20,
21,
22,
23,
24,
25,
26,
27,
28,
29,
30,
31,
32,
33,
34,
35,
36,
37,
38,
39,
40,
41,
42,
43,
44,
45,
46,
47,
48,
49,
50,
51,
52,
53,
54,
55,
56,
57,
58,
59,
60,
61,
62,
63,
64,
65,
66,
67,
68,
69,
70,
71,
72,
73,
74,
75,
76,
77,
78,
79,
80,
81,
82,
83,
84,
85,
86,
87,
88,
89,
90,
91,
92,
93,
94,
95,
96,
97,
98,
99,
100
],
"train_loss": [
2563160.4751551244,
173.00976185984425,
35.624397513154264,
15.460219692874265,
24.16884404962713,
84.29810548757578,
29.302809157928863,
5.6199031000013475,
3.0893573389424906,
1.805372756796998,
2.0214128865824117,
1.417945586241685,
3.9270363349419135,
1.465456116509128,
0.9710978029610274,
0.8175717445162983,
0.7841147230817126,
0.7664423650735385,
0.9296674256200914,
0.6894632554673529,
0.5951306154201557,
0.5894242935366445,
0.5617487190605758,
0.7012924366183095,
0.556799590587616,
0.5312255841571015,
0.5197730435953511,
0.5162374942333667,
0.49069681802353304,
0.516887732914516,
0.5144765469935033,
0.5324118261213426,
0.4779280660214362,
0.4615951141753754,
0.43606270094970606,
0.45150294319375767,
0.49475228941285765,
0.4695868097342454,
0.5286423362694778,
0.5920304207058696,
0.5387689041626917,
0.4346609641979267,
0.4409194120338985,
0.4278147808917157,
0.44866659347113075,
0.46784755781099396,
0.6093766186144445,
0.6041314787678904,
0.5789624851245385,
0.7359109513171307,
0.5033034310712443,
0.4695161937119125,
0.44524120820033086,
0.46561633998697455,
0.45575603726622343,
0.4808471915009734,
0.5173341376440865,
0.5063745890344892,
0.4893267828148681,
0.48885992595127653,
0.48668649753966886,
0.4980578670254001,
0.5011932346727941,
0.5084855301039559,
0.5037172278026482,
0.497984348179458,
0.495394373868967,
0.49664723292573704,
0.49246642651496,
0.5008072373154876,
0.4878187740777994,
0.49826520836198485,
0.5284200736454555,
0.5180912830612876,
0.5107050646435131,
0.5353961896586727,
0.5048461827364835,
0.5347327102314342,
0.5320940660191821,
0.516809228952829,
0.5284496963798225,
0.5450930138687035,
0.5356464482747115,
0.5074438638501353,
0.500824675931559,
0.5291498860755524,
0.5331146500327371,
0.5999134190670856,
0.4923822570156741,
0.5138517370471707,
0.5006722800143353,
0.5043587328551652,
0.5315512890939589,
0.5307691368189725,
0.5399831657285814,
0.5323574388182009,
0.5655271217420503,
0.5652300916708909,
0.5350563704193413,
0.5365518494085832
],
"val_loss": [
2.8031439781188965,
3.275440216064453,
3.150813102722168,
2.5640347003936768,
2.4293065071105957,
1.655039668083191,
1.5590133666992188,
2.243867874145508,
1.961079478263855,
2.6175758838653564,
2.1215972900390625,
2.9468226432800293,
1.8009992837905884,
1.3357266187667847,
0.5966992974281311,
0.5376786589622498,
0.9898318648338318,
1.08829927444458,
0.604338526725769,
0.6811466813087463,
0.5689237713813782,
0.5966619849205017,
0.7149126529693604,
0.515790581703186,
0.5009571313858032,
0.5663322806358337,
0.5432416796684265,
0.44251561164855957,
0.4090217053890228,
0.49447956681251526,
0.4385535717010498,
0.5121217370033264,
0.4403952658176422,
0.4397694766521454,
0.380789577960968,
0.3965817093849182,
0.5467977523803711,
0.4000564515590668,
0.43044838309288025,
0.43911513686180115,
0.4385993480682373,
0.41280457377433777,
0.38484302163124084,
0.40449339151382446,
0.3757486343383789,
0.4159563481807709,
0.6619085073471069,
0.7512977719306946,
0.5266400575637817,
0.4608820080757141,
0.5427020192146301,
0.3841792643070221,
0.33746036887168884,
0.33718281984329224,
0.3958231210708618,
0.3719605803489685,
0.3936219811439514,
0.3546462655067444,
0.3347090482711792,
0.35608065128326416,
0.3527831435203552,
0.3846627175807953,
0.3598893880844116,
0.3758048117160797,
0.3702335059642792,
0.33966583013534546,
0.335348516702652,
0.38420891761779785,
0.3852166533470154,
0.31882715225219727,
0.3445451557636261,
0.3612482249736786,
0.35179564356803894,
0.32050466537475586,
0.32694894075393677,
0.3542061746120453,
0.335427850484848,
0.3891229033470154,
0.35427749156951904,
0.35342973470687866,
0.33691906929016113,
0.38586029410362244,
0.34945961833000183,
0.3394598066806793,
0.3371691405773163,
0.4760405421257019,
0.602156937122345,
0.3667789101600647,
0.360689252614975,
0.37035611271858215,
0.32996654510498047,
0.33115291595458984,
0.35834065079689026,
0.373542457818985,
0.36383256316185,
0.38823413848876953,
0.44398435950279236,
0.3694212734699249,
0.3841322064399719,
0.3183932602405548
]
}