{
  "n": 20,
  "pearson_r": 0.5732064964676686,
  "pearson_p": 0.008240908124053084,
  "spearman_r": 0.675187969924812,
  "spearman_p": 0.0010889426257988835,
  "r2": 0.10635512864722674,
  "rmse": 75.45647466486838,
  "mae": 59.010139853241185
}