{
  "n": 16,
  "pearson_r": 0.6631901356528241,
  "pearson_p": 0.005103269054175226,
  "spearman_r": 0.6147058823529412,
  "spearman_p": 0.011279474063305006,
  "r2": 0.05762831973280058,
  "rmse": 0.7037995383920259,
  "mae": 0.616252082428894
}