{
  "sspg": {
    "n": 20,
    "pearson_r": 0.6197331217861766,
    "pearson_p": 0.0035630928490183013,
    "spearman_r": 0.6631578947368421,
    "spearman_p": 0.0014368148651074362,
    "r2": 0.05515620823286849,
    "rmse": 77.58790659945612,
    "mae": 68.20855260756478,
    "true_std": 79.82042345164551,
    "pred_std": 25.899471925081205,
    "compression_ratio": 0.32447174300911685
  },
  "di": {
    "n": 16,
    "pearson_r": 0.6695497799073621,
    "pearson_p": 0.0045524384914127775,
    "spearman_r": 0.6529411764705881,
    "spearman_p": 0.006102046679077,
    "r2": 0.04588309671175461,
    "rmse": 0.708171849942239,
    "mae": 0.4716402259205155,
    "true_std": 0.7249997627411936,
    "pred_std": 0.44696456740366614,
    "compression_ratio": 0.6165030533440616
  }
}