{
  "n": 16,
  "pearson_r": 0.6695497799073621,
  "pearson_p": 0.0045524384914127775,
  "spearman_r": 0.6529411764705881,
  "spearman_p": 0.006102046679077,
  "r2": 0.04588309671175461,
  "rmse": 0.708171849942239,
  "mae": 0.4716402259205155
}