{
  "n": 20,
  "pearson_r": 0.6197331217861766,
  "pearson_p": 0.0035630928490183013,
  "spearman_r": 0.6631578947368421,
  "spearman_p": 0.0014368148651074362,
  "r2": 0.05515620823286849,
  "rmse": 77.58790659945612,
  "mae": 68.20855260756478
}