{
  "sspg_10d_share": 92.9971475794416,
  "sspg_16d_share": 7.002852420558398,
  "di_10d_share": 96.48971739283743,
  "di_16d_share": 3.510282607162573
}