{
"epoch": [
1,
2,
3,
4,
5,
6,
7,
8,
9,
10,
11,
12,
13,
14,
15,
16,
17,
18,
19,
20,
21,
22,
23,
24,
25,
26,
27,
28,
29,
30,
31,
32,
33,
34,
35,
36,
37,
38,
39,
40,
41,
42,
43,
44,
45,
46,
47,
48,
49,
50,
51,
52,
53,
54,
55,
56,
57,
58,
59,
60,
61,
62,
63,
64,
65,
66,
67,
68,
69,
70,
71,
72,
73,
74,
75,
76,
77,
78,
79,
80,
81,
82,
83,
84,
85,
86,
87,
88,
89,
90,
91,
92,
93,
94,
95,
96,
97,
98,
99,
100
],
"recon_loss": [
2562822.1207190673,
2.670685822313482,
2.282871588484033,
2.014977274002967,
1.7094594936866265,
1.5820857472233958,
1.115107819244459,
1.0751154484686913,
1.1244782240359814,
1.324494700927239,
1.0797233020330403,
1.5529545290129525,
1.2084203834657545,
3.272747463994212,
0.6497849721413154,
0.49402675845406274,
0.4660008894158648,
0.43916225162419403,
0.39825976398084073,
0.42125224912321413,
0.46492846135969285,
0.47852153785817036,
0.49113274394691764,
0.4061943985425033,
0.39616737001902097,
0.4051168007510049,
0.37419940357084397,
0.36732772263613617,
0.3827422168347743,
0.3771841231878702,
0.36887017202067685,
0.3605054814320106,
0.3732018211445251,
0.4075933690969046,
0.3825618616946332,
0.4322308445131624,
0.43065406053097216,
0.3807110511637353,
0.40190100128000433,
0.44429680472844607,
0.34852497337700483,
0.40162430490766254,
0.413926001880076,
0.39629345745235295,
0.3726947288234512,
0.39515984677649163,
0.3986805878676377,
0.5925773072552372,
0.40530586126562834,
0.483572925066019,
0.34474115015624407,
0.3465371782129461,
0.34109162316693886,
0.3531917291028159,
0.34043876962228253,
0.36049873952741746,
0.6090418518363655,
0.6142180600723663,
0.6188809995527391,
0.6536043394695629,
0.48158614201979205,
1.0540750584045013,
0.42531008341095666,
0.39736794573920114,
0.4203147477917857,
0.5669162180516627,
0.4166310150901993,
0.6530614034696058,
0.3747251138284609,
0.3690005908538769,
0.36668300860888,
0.3733274723802294,
0.3644256742743703,
0.4570225039859871,
0.4105958187734926,
0.3600573353953176,
0.3448211078519945,
0.34002867650676083,
0.34501203430163396,
0.3528800660913641,
0.33632399122436324,
0.3501177012146293,
0.4313584330020013,
0.42961876616849526,
0.5811410708860918,
0.38387058462415424,
0.38451636766458486,
0.39102435537746977,
0.3348947618301813,
0.32572447905292756,
0.3188389802907968,
0.32202146270058374,
0.34692924053638013,
0.40035070846607157,
0.36526755582202564,
0.501263803475863,
0.3920899691519799,
0.3302197088668873,
0.34032573483207007,
0.3193144190621066
],
"sspg_loss": [
14.147697622125799,
9.169026424358417,
2.7120243403818702,
3.563203731140533,
1.314641066959926,
1.5336595123464412,
1.294689220267457,
1.0650639441106227,
1.2933842098558104,
1.156191027009642,
1.0126511322987544,
0.998421285059545,
1.0315589641595815,
1.1361118957593843,
1.329256037613014,
0.9752910222326007,
1.196972872529711,
1.5931711491052207,
1.4073775495801653,
1.0545185908868715,
1.006842466917905,
1.0158893566627007,
0.978277124367751,
1.0102249740006088,
1.0318344096084693,
1.004914866252379,
1.0049624504981103,
0.9931498146676397,
0.9983693531581334,
1.0193549998394855,
0.9951335439434299,
1.0021098542523075,
0.9893643902493762,
1.0005164130941613,
0.9742077720629705,
0.948257986601297,
1.0526535332976998,
1.0548444421260388,
1.0198993326781631,
1.008707386332673,
1.0087260441346602,
1.0159126551120312,
0.9950681568740251,
1.0218924113682337,
0.9970651880487219,
1.0023617759927528,
0.9913453962895777,
1.0033145732693858,
1.008194201178365,
0.9828652994973319,
1.005078430299635,
1.0066611642961378,
0.9737805886702104,
0.947154023043521,
0.9951701667401698,
1.0009328219797704,
0.991279462715248,
0.9868619492301693,
0.9972390168673032,
0.9868151011405053,
0.9691248559332514,
0.9868103683768928,
0.9896067551204136,
1.0198072342129496,
0.9931329604867217,
1.0037263043515094,
0.9742453067333667,
1.0048484856432134,
0.9994776295377062,
0.9864035179088642,
0.9992664758261148,
1.0024206963452427,
1.0000439371381487,
1.0042552514509722,
0.9932191789924324,
1.0120315087306035,
1.0050201369570446,
0.9917329905869124,
0.9861699033093143,
1.0125447000776018,
0.9923988371700435,
1.0316753464859802,
0.9832136894201303,
0.9991703079892443,
0.9480064828674515,
0.9973670832522503,
0.976605566291066,
1.0048893334029556,
1.0005018896870799,
0.9850280849964588,
1.0005420740548667,
1.0063775390773624,
0.9912516234757064,
1.0199966771262032,
1.053932145044401,
0.9901196414774115,
1.0185536153904804,
1.0027540333859333,
1.0139856950029151,
1.0364792997186834
],
"di_loss": [
95.83623098398184,
46.626287708034766,
23.714710260366466,
8.086832857751228,
6.916054899042303,
7.784944184414752,
2.3160089471123437,
1.4745965561309418,
1.6244415091229725,
1.1552269288471766,
0.9454967604055033,
1.1992002934604495,
1.5332171947925122,
1.559276007986688,
1.661449278329874,
1.328993627003261,
1.0953447292377423,
1.2884866835235,
1.0979481687793484,
1.0827906882608092,
0.9617015014995228,
0.9799890340148628,
0.995006077475362,
0.9926234808835116,
1.0125390740184042,
0.9705786256047039,
0.9755615468149061,
0.9762832762359025,
0.9646161392137602,
0.9585233965477387,
1.0331973433494568,
1.0223342350551061,
0.9999799573576296,
1.0211061378578088,
1.0036029409278522,
1.0165542418306523,
1.003551687513079,
0.983683456461151,
1.0487740349459957,
1.0185288005060964,
1.0166110063528087,
1.0083810400653195,
0.9943155685028473,
1.10426427791645,
1.0135957358719467,
1.0029072072598841,
0.9987022257470465,
0.979811278256503,
0.9700078089515884,
1.008891245761475,
0.9886370912774817,
0.9994480021588215,
1.0275719769589313,
0.9909505635112911,
0.9932861815799366,
1.0414917747695724,
1.0258316459593835,
0.9598717379879642,
1.002063096343697,
1.0002795450099102,
1.0150504801180456,
1.004646431316029,
1.003290679547694,
1.0787381084708425,
0.989537961297221,
1.0179601814839747,
0.9818481168189606,
0.9925788563567323,
0.9990636156750964,
0.9849948341196234,
1.0149840217132073,
0.9999025069273911,
1.022607043191984,
0.9935856206076485,
1.0392609726298938,
1.0014178629045363,
1.0129239280502518,
1.0121584263714878,
1.0678146195102047,
1.0026816981179374,
0.9900900915071562,
0.9406921619718726,
0.9919730989963977,
0.9965077205137773,
1.050254602710922,
1.007012987291658,
1.0025261299950736,
1.0706438429943927,
1.0079725446639123,
1.0759586947304862,
0.9970414530147206,
1.012806485225628,
1.0153802091425115,
0.9684289802204479,
1.077679646479619,
1.0363710313648373,
0.9573392217809503,
0.999504584770698,
0.9888124225975631,
0.9887432618574663
],