{
  "sspg": {
    "spearman_r": 0.08571428571428573,
    "rmse": NaN,
    "n": 6
  },
  "di": {
    "spearman_r": 0.09999999999999999,
    "rmse": NaN,
    "n": 5
  }
}