{
"epoch": [
1,
2,
3,
4,
5,
6,
7,
8,
9,
10,
11,
12,
13,
14,
15,
16,
17,
18,
19,
20,
21,
22,
23,
24,
25,
26,
27,
28,
29,
30,
31,
32,
33,
34,
35,
36,
37,
38,
39,
40,
41,
42,
43,
44,
45,
46,
47,
48,
49,
50,
51,
52,
53,
54,
55,
56,
57,
58,
59,
60,
61,
62,
63,
64,
65,
66,
67,
68,
69,
70,
71,
72,
73,
74,
75,
76,
77,
78,
79,
80,
81,
82,
83,
84,
85,
86,
87,
88,
89,
90,
91,
92,
93,
94,
95,
96,
97,
98,
99,
100
],
"train_loss": [
6.67669958407336,
1.490358069391534,
0.7340686456991894,
0.5545676639764616,
0.47500652015799344,
0.4232645382975588,
0.424989596304327,
0.39097938502188956,
0.3827110443374898,
0.3570861503629401,
0.37469041081938415,
0.3672986384665612,
0.3648845281931433,
0.36672273897888635,
0.34035142046390193,
0.3635631050213729,
0.3649083139872787,
0.3392749579236059,
0.333172611670919,
0.33836333999539364,
0.30080896232387805,
0.35083659155534047,
0.3221170536362299,
0.3368284557715501,
0.32307507082967474,
0.34961552873696433,
0.3660598125788245,
0.329475731542795,
0.3393292730987662,
0.3063322435511221,
0.2994242006599313,
0.31314053246290374,
0.27721808127837605,
0.33171112407552134,
0.3032426934431095,
0.37359163519179467,
0.3629128307399183,
0.36145498699480944,
0.34918280181908373,
0.42339202820664584,
0.3530355963376489,
0.37757332711526664,
0.37516627261544216,
0.3289547181955659,
0.35961210270329275,
0.350197563372036,
0.37231444604326003,
0.37928367310231276,
0.35279497150147315,
0.36305482257710825,
0.3187806172536151,
0.3386488171792266,
0.34368066888044374,
0.355317744878259,
0.35283611965651557,
0.3161569934080143,
0.31712228664667297,
0.3181181113318642,
0.3416948477820595,
0.3412614750980151,
0.33833186697251727,
0.4064586298300488,
0.4102310331741182,
0.39246651736816557,
0.3732970303828173,
0.3515270831856397,
0.35416361542031316,
0.330420590568297,
0.33885198595500227,
0.3201440667161847,
0.3129976046557474,
0.3354893993623186,
0.303737609398247,
0.3323071177052979,
0.3403018665785837,
0.3367735889583531,
0.3313410383935022,
0.3965599660826202,
0.33279773002803914,
0.3630424127130225,
0.3533770176443723,
0.4500563118127313,
0.3738652243472562,
0.3639792858964146,
0.34245147504428824,
0.3361102743904189,
0.3379685849246412,
0.4227923538425181,
0.3436710014201627,
0.3234586904544641,
0.3557700538399196,
0.33681596889354215,
0.3524869265827802,
0.3398314649515813,
0.3207143014020259,
0.3840966767603808,
0.3865447994506005,
0.3478641386079316,
0.34734105355668776,
0.3655858287716856
],
"val_loss": [
0.894849419593811,
0.7494893670082092,
0.6281338334083557,
0.6072772741317749,
0.5789833664894104,
0.4931333065032959,
0.4748949408531189,
0.49146533012390137,
0.5055987238883972,
0.5784255862236023,
0.4953436255455017,
0.44628870487213135,
0.476886123418808,
0.47723934054374695,
0.45047488808631897,
0.4203495979309082,
0.4268313944339752,
0.4228839576244354,
0.3473801016807556,
0.2962448298931122,
0.4181221127510071,
0.24711042642593384,
0.3266584277153015,
0.3726325035095215,
0.37095212936401367,
0.3289130926132202,
0.2676461338996887,
0.2860402762889862,
0.3209463059902191,
0.2509244382381439,
0.2541419267654419,
0.2394915223121643,
0.2623778283596039,
0.19215722382068634,
0.31005361676216125,
0.32556480169296265,
0.43313243985176086,
0.2890371084213257,
0.4173988401889801,
0.25602415204048157,
0.41297647356987,
0.3672846853733063,
0.36022546887397766,
0.2956242561340332,
0.23666070401668549,
0.33138689398765564,
0.3776463270187378,
0.3716363310813904,
0.2874830663204193,
0.26531869173049927,
0.2751290798187256,
0.24827703833580017,
0.3019901216030121,
0.3150671422481537,
0.23708325624465942,
0.21079492568969727,
0.25843724608421326,
0.19752784073352814,
0.2498314082622528,
0.307689368724823,
0.38484394550323486,
0.4455511271953583,
0.32043182849884033,
0.39586663246154785,
0.27727946639060974,
0.2678387463092804,
0.20432396233081818,
0.1995169222354889,
0.2076537013053894,
0.18749196827411652,
0.2179284691810608,
0.22087979316711426,
0.23272305727005005,
0.22707518935203552,
0.19943766295909882,
0.2547200620174408,
0.2507927417755127,
0.20975817739963531,
0.19988954067230225,
0.1995108276605606,
0.2732473909854889,
0.2703048884868622,
0.19904418289661407,
0.17921465635299683,
0.17506812512874603,
0.23881953954696655,
0.3010450005531311,
0.2840859889984131,
0.25249817967414856,
0.19050563871860504,
0.20259276032447815,
0.2658378779888153,
0.20649270713329315,
0.20210248231887817,
0.20090365409851074,
0.20551536977291107,
0.22795265913009644,
0.22817111015319824,
0.21060031652450562,
0.1890530288219452
]
}