{
  "n": 16,
  "pearson_r": -0.6400908725406385,
  "pearson_p": 0.007568146677865457,
  "spearman_r": -0.5205882352941177,
  "spearman_p": 0.03869090714064999,
  "r2": -6.334473631213691,
  "rmse": 1.963461275187989,
  "mae": 1.7336810271443752
}