{
  "n": 16,
  "pearson_r": 0.6400908725406387,
  "spearman_r": 0.5205882352941177,
  "r2": -0.06231711836195819,
  "rmse": 0.7472483321327197,
  "mae": 0.6784753611319987
}