{
  "n": 20,
  "pearson_r": 0.5435489899844872,
  "spearman_r": 0.6406015037593984,
  "r2": 0.20098071975945853,
  "rmse": 71.34978304239307,
  "mae": 50.20720408872357
}