{
  "n": 20,
  "pearson_r": 0.5435489899844872,
  "pearson_p": 0.01324636455934737,
  "spearman_r": 0.6406015037593984,
  "spearman_p": 0.002342270858482576,
  "r2": 0.07574027372814318,
  "rmse": 76.73810001554561,
  "mae": 55.192145366668704
}