{
  "sspg": {
    "n": 16,
    "pearson_r": 0.6861849971227217,
    "spearman_r": 0.5852941176470587,
    "r2": 0.2780593799604061,
    "rmse": 72.16778793968237,
    "mae": 46.41891694068909
  },
  "di": {
    "n": 16,
    "pearson_r": 0.6524503263815741,
    "spearman_r": 0.5441176470588236,
    "r2": -0.46330285514218916,
    "rmse": 0.8770108664212986,
    "mae": 0.7936981420681768
  },
  "icc_sspg": {
    "n_subjects": 30,
    "n_rows": 175,
    "k_eff": 5.832118226600985,
    "icc1": 0.4189601757506639
  },
  "icc_di": {
    "n_subjects": 30,
    "n_rows": 175,
    "k_eff": 5.832118226600985,
    "icc1": 0.4482198386502389
  }
}