{
  "n": 16,
  "pearson_r": -0.6524211991851173,
  "pearson_p": 0.006156590398392173,
  "spearman_r": -0.5441176470588236,
  "spearman_p": 0.029336337481376578,
  "r2": -0.9873745949472124,
  "rmse": 1.0220631525312711,
  "mae": 0.8912349236445885
}