{
  "n": 16,
  "pearson_r": 0.6524211991851172,
  "spearman_r": 0.5441176470588236,
  "r2": -0.4637280662269867,
  "rmse": 0.8771382794355747,
  "mae": 0.793837906138557
}