{
  "n": 20,
  "pearson_r": 0.679305169667223,
  "spearman_r": 0.6360902255639098,
  "r2": 0.3101371838816076,
  "rmse": 66.29723192060973,
  "mae": 43.069738692516054
}