{
  "n": 20,
  "pearson_r": 0.679305169667223,
  "pearson_p": 0.000987553781296994,
  "spearman_r": 0.6360902255639098,
  "spearman_p": 0.0025711072764284873,
  "r2": 0.2364077698311311,
  "rmse": 69.75009086786135,
  "mae": 45.350637127558386
}