{
  "n": 16,
  "pearson_di_correct_head": -0.6524211991851172,
  "pearson_di_if_sign_flipped": 0.6524211991851172,
  "pearson_di_if_wrong_head0_used": -0.6313208535617212,
  "train_di_pred_sign_applied": -1.0
}