time_bin,count,mean,median
night,11,0.0008655522,1.0000016e-05
morning,555,0.00068395655,1.0000016e-05
afternoon,629,0.0007676537,1.00000525e-05
evening,511,0.000534139,1.0000016e-05
