macro,spearman_r_tau_m,p,n
total_carb,-0.2519098118678963,4.190085877087906e-26,1706
total_fat,-0.2542662712292748,1.4018198646431755e-26,1706
total_fiber,-0.05243897725765534,0.030324239384852205,1706
