{
"epoch": [
1,
2,
3,
4,
5,
6,
7,
8,
9,
10,
11,
12,
13,
14,
15,
16,
17,
18,
19,
20,
21,
22,
23,
24,
25,
26,
27,
28,
29,
30,
31,
32,
33,
34,
35,
36,
37,
38,
39,
40,
41,
42,
43,
44,
45,
46,
47,
48,
49,
50,
51,
52,
53,
54,
55,
56,
57,
58,
59,
60,
61,
62,
63,
64,
65,
66,
67,
68,
69,
70,
71,
72,
73,
74,
75,
76,
77,
78,
79,
80,
81,
82,
83,
84,
85,
86,
87,
88,
89,
90,
91,
92,
93,
94,
95,
96,
97,
98,
99,
100
],
"train_loss": [
1763.14404296875,
771.7333080737621,
766.3821030653917,
540.3166400859882,
661.1781374448306,
556.3809212028207,
512.6899671678419,
565.2214842957336,
522.0571518935167,
487.3676397150213,
529.3222600763494,
534.9822229162439,
543.2577185692725,
510.7512088131595,
526.411013912845,
498.90499600497157,
566.0274190531148,
525.1207901595475,
521.5923992999188,
551.2209583629261,
561.7091326032366,
523.7056710379464,
524.6869609882306,
508.8804190499442,
503.6648083971692,
444.43354024515526,
472.5252828226461,
430.59780328924006,
445.281636820211,
510.1826718813413,
428.071036202567,
764.2198438768263,
510.5104385970475,
417.32204130098415,
465.64873811796116,
443.59811203201093,
487.56825404972227,
468.85396902901783,
422.29386049741277,
385.03148621398134,
499.13088434392756,
388.6587920746246,
418.65106914569805,
526.9337063083401,
434.64701427112925,
472.2920139857701,
438.9112622149579,
453.2916763107498,
476.8147380878399,
460.44185727602473,
452.51622623592226,
432.00260984742795,
341.47889451856736,
428.09533612139813,
422.409140846946,
445.1922718394886,
458.06808550946124,
351.54902589475955,
378.04403488357343,
444.05821376651915,
310.7861581777597,
498.5252083121956,
462.51059554459215,
470.0398567496956,
381.15650186910256,
427.0263814554586,
373.10309353122466,
347.90620838512075,
351.8896714247666,
559.1666767070819,
486.20839859603285,
418.4077433796672,
318.76949676910004,
301.8852283428242,
396.8618797698578,
525.9448230297535,
384.93755865716315,
392.7162217970018,
264.8122582373681,
295.61590615805096,
311.3292719853389,
350.29961702421116,
370.85418463372565,
315.3362264261617,
390.5352109438413,
312.6276157924107,
316.47803309056667,
249.8122443657417,
335.11902628316506,
307.86465097402595,
387.44543853363433,
271.0115728997565,
352.3300852589793,
285.62442175134436,
258.7556718107942,
339.0992542613636,
193.3193474311333,
223.56357960886768,
304.520944174234,
271.51040292715095
],
"val_loss": [
1.7481143474578857,
3.386214017868042,
3.059177875518799,
2.8910880088806152,
2.9773147106170654,
2.9130825996398926,
2.5812692642211914,
2.1294846534729004,
1.2403340339660645,
0.8292754292488098,
1.7048860788345337,
2.1906890869140625,
1.4760578870773315,
1.4661858081817627,
1.5422489643096924,
1.5369805097579956,
1.5374943017959595,
1.5070573091506958,
1.3644601106643677,
2.355678081512451,
1.6804226636886597,
2.9527695178985596,
2.795301675796509,
1.781075119972229,
2.0830397605895996,
1.6168845891952515,
1.6177760362625122,
1.7186795473098755,
1.8233627080917358,
2.009962558746338,
1.922924518585205,
2.811189651489258,
2.90429949760437,
2.5590100288391113,
2.0095629692077637,
1.7359607219696045,
1.7503306865692139,
1.746993064880371,
1.6681854724884033,
1.8025099039077759,
1.7238770723342896,
1.9243284463882446,
1.965065598487854,
1.9996743202209473,
2.1485135555267334,
2.105497360229492,
2.062731981277466,
2.1166765689849854,
2.3329813480377197,
2.1914377212524414,
1.7559105157852173,
1.7813096046447754,
1.6366747617721558,
1.716979742050171,
1.7389721870422363,
1.762944221496582,
1.769986629486084,
1.7292466163635254,
1.7548322677612305,
1.728715419769287,
1.933178424835205,
1.9013941287994385,
1.9259626865386963,
1.8145766258239746,
1.626477599143982,
1.4895226955413818,
1.5577234029769897,
1.5396796464920044,
1.5412904024124146,
1.6368827819824219,
1.8486069440841675,
1.7443145513534546,
1.9479756355285645,
1.754520297050476,
1.5707521438598633,
1.6606942415237427,
1.614224910736084,
1.6329994201660156,
1.7074798345565796,
1.5992743968963623,
1.592797875404358,
1.5667903423309326,
1.560518503189087,
1.5523525476455688,
1.5613723993301392,
1.528151273727417,
1.5475455522537231,
1.6016502380371094,
1.6911355257034302,
1.7934763431549072,
1.7670506238937378,
1.7164106369018555,
1.718208909034729,
1.740718126296997,
1.7202128171920776,
1.7009927034378052,
1.5872703790664673,
1.7002534866333008,
1.709071397781372,
1.659976601600647
]
}