{
  "n": 16,
  "pearson_r": 0.6373027337676527,
  "pearson_p": 0.007920362627500874,
  "spearman_r": 0.5911764705882353,
  "spearman_p": 0.015875579555641478,
  "r2": -1791.2835532193183,
  "rmse": 30.693133207122617,
  "mae": 30.683907216737488
}