{
  "n": 16,
  "pearson_r": -0.17357685949995977,
  "pearson_p": 0.5202916961904674,
  "spearman_r": -0.14411764705882352,
  "spearman_p": 0.5943782881736932,
  "r2": -293.9452573459948,
  "rmse": 1458.6912008922777,
  "mae": 1455.7672729492188
}