{
  "sspg": {
    "rmse": 68.77154386095714,
    "mae": 49.105670081244575,
    "r2": -0.03718992716790592,
    "pearson_r": -0.1066612459737306,
    "pearson_p": 0.5358161036166587,
    "spearman_r": -0.10031464112940551,
    "spearman_p": 0.5604873907855592,
    "n": 36
  },
  "di": {
    "rmse": 1.0437316993645351,
    "mae": 0.9584524730841318,
    "r2": -2.0261544474835573,
    "pearson_r": 0.399272249682719,
    "pearson_p": 0.19851021785932974,
    "spearman_r": 0.3793512550086074,
    "spearman_p": 0.22391371762255155,
    "n": 12
  }
}