{
"epoch": [
1,
2,
3,
4,
5,
6,
7,
8,
9,
10,
11,
12,
13,
14,
15,
16,
17,
18,
19,
20,
21,
22,
23,
24,
25,
26,
27,
28,
29,
30,
31,
32,
33,
34,
35,
36,
37,
38,
39,
40,
41,
42,
43,
44,
45,
46,
47,
48,
49,
50,
51,
52,
53,
54,
55,
56,
57,
58,
59,
60,
61,
62,
63,
64,
65,
66,
67,
68,
69,
70,
71,
72,
73,
74,
75,
76,
77,
78,
79,
80,
81,
82,
83,
84,
85,
86,
87,
88,
89,
90,
91,
92,
93,
94,
95,
96,
97,
98,
99,
100
],
"train_loss": [
268.2240828266294,
49.49804999884658,
21.33185626202681,
6.239278440400372,
2.8989692898247186,
1.3913334119976974,
1.2523691579112857,
1.373933477664557,
1.2238160099570208,
1.127727248537259,
1.1161795939047505,
0.9008386130408039,
0.90522812013551,
0.9030115871917545,
0.9075676944312148,
0.8051925273392144,
0.8574074624091621,
0.8352264959042467,
0.8269634570662431,
0.8189112849122896,
0.8148365842075799,
0.8991398370172096,
0.8596550855110949,
0.8540921262868746,
0.8654198843663133,
0.7924523419282568,
0.8158462455892187,
0.8104121835213008,
0.8801275336836266,
1.0995463620959305,
0.8741305869395338,
0.867965361264747,
0.8608156733625517,
0.9142198046361367,
0.9631918218192153,
1.0012489726224283,
1.0115147500526247,
1.0451088636878907,
1.012149113369739,
1.2038423724061862,
1.1723369543007978,
1.1696843856901635,
1.233986110199155,
1.3469282003838245,
1.438847386930871,
1.6208646719849955,
1.6437558339336726,
1.8284196365536667,
1.6589216153452715,
1.9710071124429778,
1.8166152069887778,
1.5662303947088287,
1.529665985445338,
1.4923552499981376,
1.5082167255596852,
1.5824702602671825,
1.461493507144958,
1.397585541244567,
1.3642857872594998,
1.428728880844717,
1.3557113437202033,
1.4297555563018078,
1.6084784128534513,
1.3160249773911603,
1.2712985211469996,
1.2528701354199507,
1.3258194838921855,
1.3931522144107369,
1.5330569190303172,
1.5284520556607584,
1.3246724783904908,
1.2840317759926863,
1.2816453749739278,
1.3197308243728998,
1.3068705158909475,
1.3251261514002883,
1.3274293152366097,
1.412636076371501,
1.318114952778253,
1.5337457731952817,
1.705464599639412,
1.5172765039083527,
1.7183723365228007,
1.7002140856164647,
1.804202952722865,
1.8265987099624994,
1.8377418161377193,
1.7506262420669316,
1.8653560679728591,
1.8637705036974328,
2.0125877425426575,
1.7513170326788594,
1.7373346071543656,
1.898904615499842,
1.9479859175644523,
1.956570916288481,
1.931064688314603,
2.0061328936749554,
2.1483749310801348,
2.0365067316791206
],
"val_loss": [
1.3857202529907227,
1.4621233940124512,
1.0383695363998413,
1.0111644268035889,
0.6538618803024292,
0.7790209054946899,
1.1020541191101074,
0.5806338787078857,
1.1126689910888672,
0.5147534608840942,
0.56694495677948,
0.3738974928855896,
0.3346700966358185,
0.3481524586677551,
0.2949361503124237,
0.27499186992645264,
0.38919320702552795,
0.34321507811546326,
0.3389420211315155,
0.3505456745624542,
0.3712044060230255,
0.3581467866897583,
0.41310951113700867,
0.3640792667865753,
0.3652452528476715,
0.3608834147453308,
0.33917057514190674,
0.3404238522052765,
0.6276445984840393,
0.38037416338920593,
0.34457582235336304,
0.317865788936615,
0.3455955386161804,
0.3329465091228485,
0.32670146226882935,
0.33561381697654724,
0.32262489199638367,
0.31767818331718445,
0.3254057765007019,
0.33032047748565674,
0.32545408606529236,
0.32856887578964233,
0.3474750816822052,
0.34846436977386475,
0.39786556363105774,
0.3193666338920593,
0.3904903531074524,
0.3499775826931,
0.3083208203315735,
0.40965068340301514,
0.3359242379665375,
0.320490300655365,
0.30778294801712036,
0.31243646144866943,
0.3402310311794281,
0.31882819533348083,
0.3221683204174042,
0.3137206435203552,
0.34791746735572815,
0.3144003748893738,
0.3423621952533722,
0.35556018352508545,
0.3009025454521179,
0.33455923199653625,
0.3131350874900818,
0.3631608188152313,
0.3707519769668579,
0.48839354515075684,
0.448701947927475,
0.3744405210018158,
0.33681347966194153,
0.309030145406723,
0.31449398398399353,
0.2973969876766205,
0.28839829564094543,
0.27970170974731445,
0.27106598019599915,
0.2653461694717407,
0.2978420555591583,
0.3163074851036072,
0.32953140139579773,
0.2917041778564453,
0.30054014921188354,
0.2786146104335785,
0.2990049123764038,
0.2991313636302948,
0.30606111884117126,
0.33724337816238403,
0.33258742094039917,
0.2863484025001526,
0.34687384963035583,
0.32714882493019104,
0.29434627294540405,
0.3015691339969635,
0.30158859491348267,
0.2995227575302124,
0.28037118911743164,
0.2748946249485016,
0.31915298104286194,
0.27307558059692383
]
}