{
"epoch": [
1,
2,
3,
4,
5,
6,
7,
8,
9,
10,
11,
12,
13,
14,
15,
16,
17,
18,
19,
20,
21,
22,
23,
24,
25,
26,
27,
28,
29,
30,
31,
32,
33,
34,
35,
36,
37,
38,
39,
40,
41,
42,
43,
44,
45,
46,
47,
48,
49,
50,
51,
52,
53,
54,
55,
56,
57,
58,
59,
60,
61,
62,
63,
64,
65,
66,
67,
68,
69,
70,
71,
72,
73,
74,
75,
76,
77,
78,
79,
80,
81,
82,
83,
84,
85,
86,
87,
88,
89,
90,
91,
92,
93,
94,
95,
96,
97,
98,
99,
100
],
"recon_loss": [
0.37181388093279555,
0.3718428499512858,
0.3770794202755024,
0.3751031918959184,
0.3715690281484034,
0.3707471935005931,
0.38142522163205334,
0.3781435358059871,
0.3691938697517692,
0.3700632290406661,
0.3681873222450157,
0.3786959814560878,
0.3766853782263669,
0.37476772611791437,
0.3762257834533592,
0.3763565340792978,
0.37466027210285135,
0.37729086426945474,
0.37251224572008307,
0.3755035311370701,
0.36817225697752715,
0.37711877869321153,
0.3708201708731713,
0.3770376149710123,
0.3770325923120821,
0.3670196488693163,
0.36894136976886105,
0.37283939665014093,
0.37354483658617194,
0.38167658022471834,
0.3735512831768432,
0.3678995781130605,
0.3743739232614443,
0.3833047736000705,
0.3736785270951011,
0.3706812939860604,
0.3785770581914233,
0.3696509181679069,
0.37210315349814177,
0.3729246034250631,
0.3710959449216917,
0.3734066803734024,
0.37522715833279996,
0.3763396012318599,
0.371175881330069,
0.3700880427639206,
0.3766834782315539,
0.36972188601246125,
0.375188805453189,
0.3702090657376624,
0.3753453620842525,
0.3686104819372103,
0.37369694957485444,
0.3717766102258261,
0.37271073112240083,
0.37215079580034527,
0.3743341859284933,
0.370700994095245,
0.3769627420546173,
0.37354112406829737,
0.36731845024344206,
0.3724473428416562,
0.374413445398405,
0.3702042420189102,
0.3758397086874231,
0.36856035830138567,
0.375427520894385,
0.3776504981827426,
0.3693034873380289,
0.36984600881477453,
0.3720224495832022,
0.37250798979362887,
0.37426851089898644,
0.3747978016927645,
0.3707333528376245,
0.3737658498349128,
0.37122955608677555,
0.3714460057097596,
0.37363843484358356,
0.37520046125758777,
0.37285254644109056,
0.3729558985728722,
0.3709278110559885,
0.37165008969121166,
0.37996669326509747,
0.3731787704028092,
0.3779933471958359,
0.37429863369310057,
0.3813382685184479,
0.37334347661439476,
0.3771005431552986,
0.37791961276686037,
0.37244481157946896,
0.37082377540600764,
0.3741230333780313,
0.3772354083401816,
0.36870212911011335,
0.376872069262839,
0.3789238573668839,
0.37193992346912236
],
"sspg_loss": [
7.082064771032953,
3.5795404291772224,
2.9446109920353085,
4.114564737716279,
3.925609415227717,
3.0290816495944926,
2.572592095895247,
2.39611055943873,
1.9107737262527664,
2.0009003521560076,
2.2544512253303033,
2.3373463881480228,
1.5055495856644272,
1.679530431697895,
1.9614585932199058,
1.6874431247835036,
1.1433762234526794,
1.3420743849370387,
1.7202746512053848,
1.636908911265336,
1.69887135090766,
1.3020212836079783,
1.3381094452622648,
1.3436387576066053,
1.1750499072012963,
1.2026927935612666,
1.204142932767992,
1.1083418517917782,
1.1349631904007553,
1.195436860059763,
1.463637958873402,
1.0470709862647118,
1.3803106724441825,
1.1335287728866974,
1.2613622337192685,
1.2816433554345912,
1.19647907668894,
1.1615462597314414,
1.152913717480449,
1.4234115489117511,
0.8500772188236188,
1.002618526483511,
1.0080135673671573,
0.9898143186197652,
1.2224057974753442,
1.03502361186139,
1.1338165564970537,
1.1459817058080202,
0.9933720943215606,
1.0331350688810472,
0.8841066577217795,
1.0629131623676844,
1.0922007181427695,
0.990206715348479,
1.0379248671717458,
0.9557820063132745,
1.1764235047550944,
1.1294435889689953,
0.8842042823890587,
0.9367647449691574,
0.9225481686654029,
1.000718399688795,
1.0052912266223462,
0.972717292897113,
1.00340342831302,
0.9854500200841334,
0.8886425301626131,
0.98367601400846,
0.8938430764458396,
1.3261812894375293,
0.930711565079627,
1.06364859234203,
0.9417405267814537,
0.9967389586683991,
1.008297619881568,
1.0250797116911257,
0.8727379712191495,
1.0406248507561622,
0.8644632433916067,
0.961609386778497,
1.1161138438559197,
0.958865973856542,
0.7941312991179429,
0.8035780671355012,
0.91081199707923,
0.8345896655862982,
0.7999412827677541,
0.914055256100444,
0.8829406670161656,
0.9454416005642383,
0.8933805730435755,
0.9890285900660923,
0.9724980345020047,
0.9170744357170997,
1.0742413618347861,
0.8392569333701939,
1.0297022129034068,
1.0030325836949534,
0.9340059803677844,
0.9210134017003047
],
"di_loss": [
7.502779050306841,
9.450267977528759,
7.334930738845429,
6.356206732910949,
4.89357446695303,
4.220962933131626,
3.5794988545504483,
3.6640817159182064,
3.7703096402155887,
2.7444245010227353,
2.687718069398558,
2.2111242963122084,
2.860866695255428,
1.7824973882018746,
1.3774743467182309,
1.4791318224622059,
1.5179153015087177,
1.8659288016232578,
1.4963686744888107,
1.32437074339235,
1.218608476898887,
1.2371548313599128,
1.1728681829068568,
1.6027613738914588,
1.3324203924699263,
1.3394130112288833,
1.269930889080097,
1.061414797584732,
1.2552725386309933,
1.4584411274303088,
1.2135783774512154,
1.4178507560259337,
1.1006946834650906,
0.8246397975977365,
1.024466817255144,
1.1546781194674505,
1.0532617406411604,
1.2638988525836499,
1.0598450790752063,
1.2390824215752738,
0.9771181228873017,
1.0013438850254208,
1.206396350612888,
0.8352727611343582,
1.060380372134122,
0.9620139862035776,
1.1293681991564763,
0.9962507594715465,
1.0870630354076236,
1.0269125289731211,
1.1877889323544193,
1.2106971214343976,
1.023813464424827,
0.9965120964236074,
0.9417659090710925,
1.0602147184409105,
1.1259110964737928,
1.1331423606191362,
0.9513627577137638,
1.1197070502615594,
1.1162972279957362,
0.9951136390884201,
1.1818801876786467,
0.9284363799280935,
0.902097868841964,
0.9409225165069878,
0.9268508081312303,
1.0785021913516057,
1.0099927798494117,
1.0714643853051322,
0.8123817637369231,
1.0733803332626046,
1.21907588723418,
0.9203263118669585,
1.120088588107716,
1.0783880949020386,
0.979843525530456,
0.9200246581783542,
0.9076275701646681,
0.9423714527836093,
0.9978423768823798,
0.956505934913437,
0.9575668310190176,
0.894373694797615,
0.8727533600547097,
0.9376005716138072,
0.8930182116372245,
1.0373655170589298,
0.8883696256519912,
1.0820743797661423,
0.9788116936559801,
0.924042248106622,
0.9684420773735294,
0.9579268860352503,
0.956943261545974,
0.949921952439593,
0.9567078077173853,
0.999536031252378,
1.0095223590925142,
0.8622730467226598
],