{
"epoch": [
1,
2,
3,
4,
5,
6,
7,
8,
9,
10,
11,
12,
13,
14,
15,
16,
17,
18,
19,
20,
21,
22,
23,
24,
25,
26,
27,
28,
29,
30,
31,
32,
33,
34,
35,
36,
37,
38,
39,
40,
41,
42,
43,
44,
45,
46,
47,
48,
49,
50,
51,
52,
53,
54,
55,
56,
57,
58,
59,
60,
61,
62,
63,
64,
65,
66,
67,
68,
69,
70,
71,
72,
73,
74,
75,
76,
77,
78,
79,
80,
81,
82,
83,
84,
85,
86,
87,
88,
89,
90,
91,
92,
93,
94,
95,
96,
97,
98,
99,
100
],
"train_loss": [
1.8931141395073432,
1.7376395123345512,
1.4678494512260734,
1.4849961639998794,
1.3163032253067215,
1.1585674688413545,
1.0594501255394577,
1.0469785874540156,
1.000117980040513,
0.9074115350648955,
0.9252200792362164,
0.8963588630998289,
0.8761428223027812,
0.783786319292985,
0.7729348911867513,
0.7558298482523336,
0.7036052245598334,
0.7609070144690476,
0.756992372599515,
0.7344473337198233,
0.7227360660379584,
0.6938522078774192,
0.684733711279832,
0.7344934390736865,
0.6905954480171204,
0.6840460641043526,
0.6791645613583651,
0.6526308818296953,
0.6753842087535115,
0.709880221973766,
0.7040887219565255,
0.6772075752159218,
0.6852902801005871,
0.6419374447364312,
0.6650772516603594,
0.6771292504552123,
0.6663669641915854,
0.6750112307536138,
0.6561948393846487,
0.7019897993508871,
0.6166312648104383,
0.6366187225688588,
0.6594839823710454,
0.6216641501946882,
0.6622703145076703,
0.6326076140651455,
0.6658177484165538,
0.6467609444221893,
0.6460481317012341,
0.6390296507191349,
0.6453507565832758,
0.6587873379905502,
0.6481141896990986,
0.6332642977887933,
0.6334956489600144,
0.6365662704814564,
0.6673834664481026,
0.6597753979943015,
0.6233352720737457,
0.6420041136927419,
0.6340187749305328,
0.6348463598783914,
0.6559464033547934,
0.6231354266018062,
0.6292056510974835,
0.6240134432718352,
0.6197926773653402,
0.6466841426762667,
0.6225028804370335,
0.6724263824425735,
0.6091475533200549,
0.6490267120398484,
0.6531659550481028,
0.6293201268493355,
0.6463877845120121,
0.6469284690819778,
0.6193035353313793,
0.6303267780836527,
0.6136633382215129,
0.6284143351889276,
0.6470640139146284,
0.627308904350578,
0.6089134324680675,
0.6042611057108099,
0.6211390340483034,
0.6132136010504389,
0.6101051042606305,
0.6322565419333321,
0.6212850909728509,
0.6389108842069452,
0.6271355995884189,
0.6320424908167356,
0.6293546189735462,
0.6211397392409188,
0.6400573005923977,
0.6189691091512705,
0.6301589554006403,
0.6399447561858537,
0.6360925304425227,
0.613084386695515
],
"val_loss": [
3.108891725540161,
3.108891725540161,
3.108891725540161,
3.108891725540161,
3.108891725540161,
3.108891725540161,
3.108891725540161,
3.108891725540161,
3.108891725540161,
3.108891725540161,
3.108891725540161,
3.108891725540161,
3.108891725540161,
3.108891725540161,
3.108891725540161,
3.108891725540161,
3.108891725540161,
3.108891725540161,
3.108891725540161,
3.108891725540161,
3.108891725540161,
3.108891725540161,
3.108891725540161,
3.108891725540161,
3.108891725540161,
3.108891725540161,
3.108891725540161,
3.108891725540161,
3.108891725540161,
3.108891725540161,
3.108891725540161,
3.108891725540161,
3.108891725540161,
3.108891725540161,
3.108891725540161,
3.108891725540161,
3.108891725540161,
3.108891725540161,
3.108891725540161,
3.108891725540161,
3.108891725540161,
3.108891725540161,
3.108891725540161,
3.108891725540161,
3.108891725540161,
3.108891725540161,
3.108891725540161,
3.108891725540161,
3.108891725540161,
3.108891725540161,
3.108891725540161,
3.108891725540161,
3.108891725540161,
3.108891725540161,
3.108891725540161,
3.108891725540161,
3.108891725540161,
3.108891725540161,
3.108891725540161,
3.108891725540161,
3.108891725540161,
3.108891725540161,
3.108891725540161,
3.108891725540161,
3.108891725540161,
3.108891725540161,
3.108891725540161,
3.108891725540161,
3.108891725540161,
3.108891725540161,
3.108891725540161,
3.108891725540161,
3.108891725540161,
3.108891725540161,
3.108891725540161,
3.108891725540161,
3.108891725540161,
3.108891725540161,
3.108891725540161,
3.108891725540161,
3.108891725540161,
3.108891725540161,
3.108891725540161,
3.108891725540161,
3.108891725540161,
3.108891725540161,
3.108891725540161,
3.108891725540161,
3.108891725540161,
3.108891725540161,
3.108891725540161,
3.108891725540161,
3.108891725540161,
3.108891725540161,
3.108891725540161,
3.108891725540161,
3.108891725540161,
3.108891725540161,
3.108891725540161,
3.108891725540161
]
}