{
  "sspg": {
    "spearman_r": 0.028571428571428574,
    "rmse": NaN,
    "n": 6
  },
  "di": {
    "spearman_r": 0.39999999999999997,
    "rmse": NaN,
    "n": 5
  }
}