{
"epoch": [
1,
2,
3,
4,
5,
6,
7,
8,
9,
10,
11,
12,
13,
14,
15,
16,
17,
18,
19,
20,
21,
22,
23,
24,
25,
26,
27,
28,
29,
30,
31,
32,
33,
34,
35,
36,
37,
38,
39,
40,
41,
42,
43,
44,
45,
46,
47,
48,
49,
50,
51,
52,
53,
54,
55,
56,
57,
58,
59,
60,
61,
62,
63,
64,
65,
66,
67,
68,
69,
70,
71,
72,
73,
74,
75,
76,
77,
78,
79,
80,
81,
82,
83,
84,
85,
86,
87,
88,
89,
90,
91,
92,
93,
94,
95,
96,
97,
98,
99,
100
],
"train_loss": [
926.0115380617651,
455.3890456397935,
374.0768202979966,
347.23414052831066,
312.14173209313117,
353.33886839611694,
340.8103676975364,
280.6010367516244,
290.12257158638226,
307.5465272204711,
239.91633258479658,
246.3526992042466,
248.2981367583322,
240.13252212977645,
240.05078802958573,
258.65090126566366,
225.77826078811495,
203.06485529229192,
255.3467760747022,
266.6723058719446,
254.66291854405168,
264.34271799219715,
232.12034569164314,
230.53253475982365,
230.00236669861445,
209.8457441802072,
203.3752362846148,
220.90679689917235,
196.5776793224977,
158.32334461778697,
192.72633830155476,
209.07550434074778,
217.3555829643023,
179.99215698242188,
213.81688879031947,
194.61961870854444,
205.5461270171817,
212.89433711590152,
227.8833418742265,
234.935211634872,
198.37885609239635,
257.63699431466586,
208.7888315030844,
251.98330945307666,
180.9147622892172,
213.85871898537815,
223.30781812006884,
219.68423774454854,
238.0693484769009,
220.9101810266476,
215.3333889611877,
228.58125637545444,
173.2864098123985,
175.37765412283414,
239.3278714925936,
223.36326765305924,
192.80122496349978,
201.89075658817103,
224.3709842190884,
205.94954222499734,
232.91427914458927,
228.37431834003712,
213.40448058477722,
236.76644670845258,
215.13117693910505,
204.41812979820932,
225.87595189916024,
208.64440026613747,
195.43367502949025,
196.39873542407952,
175.69436282922726,
224.06820995972888,
198.50110528020576,
198.97583189105043,
196.70133080812965,
195.95103001358484,
217.26444327477182,
257.26583137134514,
276.06202229414833,
259.2028717947478,
230.877963830929,
357.92578971031867,
303.85158062925433,
359.0591799292234,
528.0265620769841,
229.9678519976021,
275.88837908754255,
306.846964316793,
220.3942716995088,
218.4239297243628,
256.6046532357093,
255.4287997708462,
203.81019818900836,
190.381859958762,
189.92106144971186,
188.650296456743,
221.1816871567528,
189.30562667091294,
218.9515542511893,
204.47016853861288
],
"val_loss": [
2.0751452445983887,
2.400052547454834,
2.555048942565918,
2.2332546710968018,
2.8183236122131348,
1.9663968086242676,
1.2608107328414917,
1.2105844020843506,
3.109548568725586,
4.354427337646484,
1.1356115341186523,
1.2313337326049805,
1.0910358428955078,
0.8927770256996155,
0.8483348488807678,
0.9697167277336121,
1.1095755100250244,
1.035789132118225,
0.9297975301742554,
0.9025851488113403,
0.9535572528839111,
1.0377601385116577,
0.9224494099617004,
1.0025489330291748,
0.946099042892456,
0.8500193953514099,
1.088383436203003,
1.022312879562378,
1.207476019859314,
1.0677434206008911,
1.1221598386764526,
1.082505226135254,
1.1825199127197266,
1.1266082525253296,
1.0852543115615845,
1.13818359375,
1.1317147016525269,
1.2112934589385986,
1.2894725799560547,
1.2425764799118042,
1.3027712106704712,
1.2214529514312744,
1.111937403678894,
1.1581889390945435,
1.0982015132904053,
1.131698727607727,
1.1427265405654907,
0.9303647875785828,
1.121993899345398,
1.1506068706512451,
1.1463793516159058,
1.2647786140441895,
1.1380321979522705,
1.1166431903839111,
1.2179155349731445,
1.1863244771957397,
1.2081685066223145,
1.164804220199585,
1.2204875946044922,
1.1842893362045288,
1.2499301433563232,
1.2925083637237549,
1.2822281122207642,
1.3041555881500244,
1.3067498207092285,
1.3452118635177612,
1.5269174575805664,
1.4090765714645386,
1.2560982704162598,
1.2439606189727783,
1.252596378326416,
1.3439970016479492,
1.5107325315475464,
1.5365461111068726,
1.9279601573944092,
1.8460935354232788,
1.2166465520858765,
1.3771806955337524,
2.586514711380005,
10.90907096862793,
1.8634312152862549,
2.0777039527893066,
2.0033183097839355,
1.5681772232055664,
1.594050407409668,
1.5920026302337646,
1.5832500457763672,
1.7745610475540161,
2.3498270511627197,
26.987899780273438,
2.309913158416748,
2.4476263523101807,
2.216768980026245,
2.2782094478607178,
2.3539042472839355,
2.2176105976104736,
2.197572708129883,
2.5773327350616455,
2.5538105964660645,
3.128462553024292
]
}