{
  "sspg": {
    "rmse": 68.7889127771816,
    "mae": 49.12107616000705,
    "r2": -0.03771389795164004,
    "pearson_r": 0.641261080741709,
    "pearson_p": 2.5080459753185867e-05,
    "spearman_r": 0.5205814866079059,
    "spearman_p": 0.0011343684255757404,
    "n": 36
  },
  "di": {
    "rmse": 1.0337648657755514,
    "mae": 0.958550214767456,
    "r2": -1.9686355088411034,
    "pearson_r": 0.2654860529351884,
    "pearson_p": 0.4042889480161559,
    "spearman_r": 0.04294542509531404,
    "spearman_p": 0.8945734522028849,
    "n": 12
  }
}