{
"epoch": [
1,
2,
3,
4,
5,
6,
7,
8,
9,
10,
11,
12,
13,
14,
15,
16,
17,
18,
19,
20,
21,
22,
23,
24,
25,
26,
27,
28,
29,
30,
31,
32,
33,
34,
35,
36,
37,
38,
39,
40,
41,
42,
43,
44,
45,
46,
47,
48,
49,
50,
51,
52,
53,
54,
55,
56,
57,
58,
59,
60,
61,
62,
63,
64,
65,
66,
67,
68,
69,
70,
71,
72,
73,
74,
75,
76,
77,
78,
79,
80,
81,
82,
83,
84,
85,
86,
87,
88,
89,
90,
91,
92,
93,
94,
95,
96,
97,
98,
99,
100
],
"train_loss": [
58.97498348566491,
27.273853106761543,
10.066111767385888,
5.215579851405827,
4.871647059448122,
4.457710292395644,
4.181406740128525,
3.9329270396645613,
3.758956937339362,
3.5623372877676656,
3.423218342262929,
3.207371069690374,
3.094180043288103,
3.03048209505757,
2.9415402806649995,
2.786692574268251,
2.690819948677003,
2.6558535399399403,
2.5296538514415112,
2.475226916666106,
2.402745608269699,
2.361183003177793,
2.3541926230032613,
2.2531717818553054,
2.2553169276770646,
2.2035842636438807,
2.1941107107898383,
2.1456482053741697,
2.1639547113358506,
2.1602497213468776,
2.138345367326511,
2.130200367274247,
2.1372482307313936,
2.0972806365471186,
2.0397768320999745,
2.0054303632946464,
2.001510683007128,
1.9622892019316907,
1.982003640002153,
1.9260372664984755,
1.863959938522399,
1.8591763973236084,
1.8163615587189441,
1.7837759246976357,
1.7714450274865459,
1.6928257275754073,
1.6736776481463214,
1.677351957231056,
1.6467059268726139,
1.6162452913644745,
1.6069710217122957,
1.571586984349048,
1.5541269929390253,
1.497209900946129,
1.4897210222529613,
1.5029545252717387,
1.4810713961368471,
1.44578451058996,
1.4370083912151066,
1.4511039163183979,
1.410731208606029,
1.384245476384801,
1.3663420480067336,
1.3475832009878683,
1.3373478482088705,
1.3158711711252769,
1.281508600617957,
1.2578156886138314,
1.2543058470478208,
1.215222334298562,
1.2193283753132258,
1.2100235908988892,
1.2150951689622533,
1.2141829316071637,
1.200690772589736,
1.1841669786633469,
1.190731426862281,
1.1827182741615716,
1.1697625184622336,
1.1665428182271522,
1.1692040069835392,
1.1705159099083247,
1.1749439333367535,
1.1825194997111643,
1.153286183912923,
1.1538784710441048,
1.1752233082853902,
1.1608072791512556,
1.1563201438723587,
1.1451615817903533,
1.1461648894107248,
1.1466096517607922,
1.1560861369756263,
1.1527060683318011,
1.1585540236450556,
1.161087129998395,
1.1673487866018701,
1.1519488021144717,
1.169426674917927,
1.1386189254250114
],
"val_loss": [
8.747201919555664,
2.8207948207855225,
1.2423081398010254,
1.3645187616348267,
1.0951364040374756,
0.8096287250518799,
0.7827169299125671,
0.5992408394813538,
0.5442139506340027,
0.5315068960189819,
0.44896820187568665,
0.43461424112319946,
0.4283329248428345,
0.362360417842865,
0.33355262875556946,
0.3475069999694824,
0.35318583250045776,
0.3352348804473877,
0.3292536735534668,
0.3263561725616455,
0.331901490688324,
0.3368472754955292,
0.3508002460002899,
0.36363789439201355,
0.3952241837978363,
0.37449267506599426,
0.3879784643650055,
0.40932974219322205,
0.43568724393844604,
0.44152167439460754,
0.44769906997680664,
0.5647972226142883,
0.45268628001213074,
0.4983855187892914,
0.47250574827194214,
0.46708744764328003,
0.463772177696228,
0.4942406713962555,
0.4526057243347168,
0.45755818486213684,
0.4793625771999359,
0.45085227489471436,
0.46033430099487305,
0.4500192403793335,
0.45699283480644226,
0.44786664843559265,
0.43007153272628784,
0.4420429766178131,
0.4315621256828308,
0.42220252752304077,
0.43353205919265747,
0.42717885971069336,
0.41909536719322205,
0.4101661145687103,
0.39670565724372864,
0.39640235900878906,
0.394555002450943,
0.42081305384635925,
0.3909528851509094,
0.44399550557136536,
0.4355379045009613,
0.389626145362854,
0.38611745834350586,
0.3655346930027008,
0.37444400787353516,
0.35299238562583923,
0.34691116213798523,
0.32287275791168213,
0.3230102062225342,
0.31244781613349915,
0.33298584818840027,
0.3333137333393097,
0.3153519332408905,
0.32521888613700867,
0.33594343066215515,
0.3230532705783844,
0.3217589259147644,
0.32225286960601807,
0.3235776722431183,
0.3091200590133667,
0.31521424651145935,
0.308865487575531,
0.3180995583534241,
0.3161608874797821,
0.32715684175491333,
0.3187944293022156,
0.32262122631073,
0.3353835940361023,
0.31567561626434326,
0.3182382881641388,
0.3152408301830292,
0.3097905218601227,
0.32170793414115906,
0.30814388394355774,
0.30350109934806824,
0.3061419725418091,
0.3067726492881775,
0.31280532479286194,
0.3127986490726471,
0.30602455139160156
]
}