{
  "n": 16,
  "pearson_r": 0.644785162450028,
  "spearman_r": 0.5735294117647058,
  "r2": -0.652076855568664,
  "rmse": 0.9318649735086018,
  "mae": 0.8439068550266339
}