{
  "n": 20,
  "pearson_r": 0.4813936720422909,
  "spearman_r": 0.5458646616541353,
  "r2": 0.11534723358748067,
  "rmse": 75.07588274968256,
  "mae": 50.32748634249358
}