{
  "sspg": {
    "rmse": 92.56573152279151,
    "mae": 84.56561300489638,
    "r2": -0.879062465851808,
    "pearson_r": -0.004686047328091636,
    "pearson_p": 0.9783607378402925,
    "spearman_r": -0.2544060923942491,
    "spearman_p": 0.1343083239337443,
    "n": 36
  },
  "di": {
    "rmse": 0.6634749696485653,
    "mae": 0.5940752426783243,
    "r2": -0.2228197054843124,
    "pearson_r": 0.3752702672860436,
    "pearson_p": 0.22934721004313408,
    "spearman_r": 0.3185119027902458,
    "spearman_p": 0.3129667484903409,
    "n": 12
  }
}