{
"epoch": [
1,
2,
3,
4,
5,
6,
7,
8,
9,
10,
11,
12,
13,
14,
15,
16,
17,
18,
19,
20,
21,
22,
23,
24,
25,
26,
27,
28,
29,
30,
31,
32,
33,
34,
35,
36,
37,
38,
39,
40,
41,
42,
43,
44,
45,
46,
47,
48,
49,
50,
51,
52,
53,
54,
55,
56,
57,
58,
59,
60,
61,
62,
63,
64,
65,
66,
67,
68,
69,
70,
71,
72,
73,
74,
75,
76,
77,
78,
79,
80,
81,
82,
83,
84,
85,
86,
87,
88,
89,
90,
91,
92,
93,
94,
95,
96,
97,
98,
99,
100
],
"train_loss": [
1067.9629617525836,
667.8208526851624,
585.839764452356,
484.6173249492495,
437.71086973655883,
430.2930468461645,
408.83366550235297,
393.0467788816437,
363.97038977915844,
359.23231614480807,
341.7737312617264,
361.15219140240526,
307.0185856856699,
334.1196286659541,
324.22661608598366,
301.61264903151147,
319.2692428949311,
293.08244089441973,
288.53670447642406,
291.43649099755476,
296.491956575649,
286.5400779904343,
293.88955700491357,
268.2671525609775,
273.07117468165603,
294.98740729384537,
278.4495558851347,
293.780590147484,
272.2555135892132,
284.88682796448234,
277.3257059412678,
287.40606689453125,
268.7860179510642,
274.2541976087675,
257.71023968073325,
263.285158412663,
254.66703952579047,
250.13256739819144,
278.97469468004124,
264.56673401359495,
267.9739636999416,
270.93529360313113,
273.99172925573635,
263.6377490186316,
271.5071645421306,
268.31363371601253,
253.6555699626292,
256.87724748746615,
248.3601958507628,
276.6258234940176,
254.23024323230652,
255.72057913232038,
250.97492536409632,
251.86447696235237,
238.84398573026883,
239.25295137420414,
246.8655116764579,
221.45207172303688,
215.01043677142286,
273.87492526797797,
228.84983381136195,
250.00084848479023,
244.277746245617,
226.5924980584092,
219.9273826719269,
250.2212305744802,
235.5284619669276,
226.5304885023222,
237.54203712283157,
221.23539301354114,
215.94356891301672,
192.14606301615558,
203.79652873362144,
215.782728060024,
216.68266668845348,
250.6856843242495,
222.25934390571175,
222.23854509488805,
196.83951838936392,
213.30971064530019,
206.05485450564407,
203.97281292292078,
199.73274855726348,
191.5915490097887,
191.25705004113865,
193.4917016217089,
237.5051480991634,
255.91450320266364,
198.20695099117248,
205.61054259773314,
216.70224071112204,
205.23797799658587,
198.26340058093933,
209.0811703899714,
205.15253064012902,
205.14773811880997,
233.57931806909755,
263.2763378714013,
195.35125359963246,
196.19959349144162
],
"val_loss": [
2.3167331218719482,
2.754828453063965,
2.4283673763275146,
1.700308918952942,
1.3180088996887207,
1.534095048904419,
1.5770080089569092,
1.314829707145691,
0.9650530815124512,
1.0884284973144531,
1.090413212776184,
1.0216984748840332,
1.4011012315750122,
1.0256767272949219,
0.9689569473266602,
0.9045701026916504,
0.9541023373603821,
0.7451193928718567,
0.7100237607955933,
0.8137321472167969,
0.8066960573196411,
0.8878690004348755,
0.7407488226890564,
0.6784220337867737,
0.8143478631973267,
0.9368774890899658,
1.1105058193206787,
1.2370281219482422,
1.0748631954193115,
0.8774769902229309,
0.8585355877876282,
1.0106525421142578,
0.8548330664634705,
0.8224138617515564,
0.9105344414710999,
0.8858257532119751,
0.7626610398292542,
0.7587240934371948,
0.7376253604888916,
0.7048090696334839,
0.807723343372345,
0.7460262775421143,
0.7399143576622009,
0.7088381052017212,
0.6644799709320068,
0.6534823775291443,
0.6140925288200378,
0.6882500648498535,
0.6375688910484314,
0.6235924959182739,
0.5651046633720398,
0.7054319381713867,
0.7072332501411438,
0.552399754524231,
0.5821992754936218,
0.6312153339385986,
0.6421403288841248,
0.7415199279785156,
0.5910354256629944,
0.5746883153915405,
0.6236212253570557,
0.5631687641143799,
0.5622349977493286,
0.62812739610672,
0.4969232976436615,
0.5305001139640808,
0.5475623607635498,
0.5664318799972534,
0.4939667880535126,
0.5124033689498901,
0.5208758115768433,
0.522805392742157,
0.5128317475318909,
0.565345287322998,
0.547139048576355,
0.5492148399353027,
0.5357484221458435,
0.4997148811817169,
0.48781856894493103,
0.5253643989562988,
0.4898676574230194,
0.49638989567756653,
0.5075188279151917,
0.5629222393035889,
1.0834027528762817,
0.6612854599952698,
0.6237420439720154,
0.6063469648361206,
0.5564718246459961,
0.5434322953224182,
0.6201738119125366,
0.5681058764457703,
0.5860771536827087,
0.5901534557342529,
0.5445680022239685,
0.6148800253868103,
0.7987595796585083,
0.5849477648735046,
0.45496895909309387,
0.5348098874092102
]
}