{
"epoch": [
1,
2,
3,
4,
5,
6,
7,
8,
9,
10,
11,
12,
13,
14,
15,
16,
17,
18,
19,
20,
21,
22,
23,
24,
25,
26,
27,
28,
29,
30,
31,
32,
33,
34,
35,
36,
37,
38,
39,
40,
41,
42,
43,
44,
45,
46,
47,
48,
49,
50,
51,
52,
53,
54,
55,
56,
57,
58,
59,
60,
61,
62,
63,
64,
65,
66,
67,
68,
69,
70,
71,
72,
73,
74,
75,
76,
77,
78,
79,
80,
81,
82,
83,
84,
85,
86,
87,
88,
89,
90,
91,
92,
93,
94,
95,
96,
97,
98,
99,
100
],
"train_loss": [
6.91608477258063,
1.2861652049151333,
0.8561982218321268,
0.6279722177363062,
0.5416092609430289,
0.595672772302256,
0.5263994490945494,
0.44253517861490127,
0.456048736324558,
0.46970787141230197,
0.3969505661493772,
0.4132554310482818,
0.40156947173081436,
0.3951356647076545,
0.42933634775025503,
0.49147765667407545,
0.4424291601428738,
0.3974366501554266,
0.405286823774313,
0.3788231746716933,
0.36995925996210666,
0.35789706954708345,
0.34176731728888177,
0.33172032430574494,
0.36010022712992384,
0.3535157248571322,
0.3522624350213385,
0.3381494755868788,
0.3291230979677919,
0.3277617356219849,
0.3317317451749529,
0.3223599536078317,
0.3574304654226675,
0.36167415705594147,
0.32019260332181854,
0.3242485229071085,
0.3415324246728575,
0.33081148081011585,
0.3179664236384553,
0.3340448644254115,
0.3337531800006891,
0.34106032066530995,
0.3391933177972769,
0.31287030275765954,
0.3098490420099977,
0.31770731024927906,
0.3049284676452736,
0.3007257162750541,
0.3019375491451907,
0.3011878179265307,
0.31310955889813313,
0.31876496796484116,
0.3405986103144559,
0.37215907426623557,
0.36829970370639453,
0.3691349683643936,
0.33983679289941665,
0.3497532493882365,
0.3355524315462484,
0.3540409958207762,
0.33534456460506884,
0.3422031398717459,
0.32494107430631464,
0.35015293065603675,
0.3375871508539497,
0.32863101905042474,
0.32414267454054446,
0.3252809804368329,
0.31389867756273837,
0.3042219966262966,
0.31460837032887845,
0.31323672656889084,
0.3088622708599289,
0.31222752588135855,
0.30568205265255716,
0.3015865091379587,
0.31133637722436486,
0.3061948225095675,
0.30526541289571046,
0.31175436331080153,
0.3058203671659742,
0.30719612248532185,
0.3065307508041332,
0.2960276390824999,
0.3010880978076489,
0.311003911030757,
0.3048186143497368,
0.305782288312912,
0.30102910314287457,
0.3115539434668306,
0.30859467271086455,
0.30148817502058944,
0.30001433058218524,
0.30792529010153435,
0.30092358279537845,
0.3047365186276374,
0.3022951027015587,
0.30200753235197686,
0.2990473892007555,
0.30621675237432705
],
"val_loss": [
0.9951725602149963,
0.5156182646751404,
0.44002565741539,
0.49884849786758423,
0.541022002696991,
0.4071606695652008,
0.370683878660202,
0.43861910700798035,
0.41044485569000244,
0.37761205434799194,
0.34477534890174866,
0.3338414132595062,
0.32962730526924133,
0.2978146970272064,
0.33123764395713806,
0.3591058850288391,
0.33483725786209106,
0.3104233145713806,
0.3049936890602112,
0.32324615120887756,
0.30366820096969604,
0.2981436848640442,
0.2973296642303467,
0.32143446803092957,
0.32447269558906555,
0.2934063971042633,
0.28308653831481934,
0.28507691621780396,
0.27616792917251587,
0.2845926284790039,
0.2786017060279846,
0.2810133099555969,
0.3196820914745331,
0.29343175888061523,
0.28763604164123535,
0.2998860776424408,
0.2755734324455261,
0.2868621349334717,
0.2908762991428375,
0.28565704822540283,
0.31039562821388245,
0.3360661268234253,
0.2699997127056122,
0.2591805160045624,
0.26073336601257324,
0.26445716619491577,
0.26129889488220215,
0.2516925036907196,
0.2533718943595886,
0.26431387662887573,
0.25724175572395325,
0.29221653938293457,
0.30535534024238586,
0.3042745292186737,
0.32237324118614197,
0.27394843101501465,
0.27372682094573975,
0.26922670006752014,
0.30338481068611145,
0.28171947598457336,
0.2796597182750702,
0.27172812819480896,
0.28881973028182983,
0.2971382737159729,
0.28146231174468994,
0.2762504518032074,
0.26253804564476013,
0.25608837604522705,
0.2561730444431305,
0.2582930028438568,
0.25720855593681335,
0.26000872254371643,
0.261488139629364,
0.2596774995326996,
0.26214876770973206,
0.26469478011131287,
0.2620185315608978,
0.2587909400463104,
0.25985947251319885,
0.2599138021469116,
0.2573899030685425,
0.25721079111099243,
0.257646769285202,
0.2586651146411896,
0.26014214754104614,
0.26018932461738586,
0.2604283094406128,
0.2609681487083435,
0.2605297863483429,
0.2612069547176361,
0.26058053970336914,
0.25961560010910034,
0.25800254940986633,
0.2583639323711395,
0.2585512697696686,
0.2584400177001953,
0.25838229060173035,
0.2583751976490021,
0.2583664357662201,
0.25836989283561707
]
}