{
"epoch": [
1,
2,
3,
4,
5,
6,
7,
8,
9,
10,
11,
12,
13,
14,
15,
16,
17,
18,
19,
20,
21,
22,
23,
24,
25,
26,
27,
28,
29,
30,
31,
32,
33,
34,
35,
36,
37,
38,
39,
40,
41,
42,
43,
44,
45,
46,
47,
48,
49,
50,
51,
52,
53,
54,
55,
56,
57,
58,
59,
60,
61,
62,
63,
64,
65,
66,
67,
68,
69,
70,
71,
72,
73,
74,
75,
76,
77,
78,
79,
80,
81,
82,
83,
84,
85,
86,
87,
88,
89,
90,
91,
92,
93,
94,
95,
96,
97,
98,
99,
100
],
"recon_loss": [
6.862272470028369,
1.2319042465903542,
0.794010883027857,
0.5568537027030797,
0.47661850049898224,
0.5330313010649248,
0.46698922692955314,
0.38485277511856775,
0.3988487542449654,
0.41264696206365314,
0.33958799111378657,
0.3562663197517395,
0.34419056231325323,
0.33360921910830904,
0.3643235672603954,
0.4237281997482498,
0.37323115088722925,
0.3248182600968844,
0.33113556635844243,
0.3109183501113545,
0.30734238415569454,
0.29923024889710664,
0.2855969721620733,
0.2787756192219722,
0.30700995279597,
0.30090172762994644,
0.2990208573929675,
0.2857469227406886,
0.27608046167856687,
0.2738042628610289,
0.27822058193095317,
0.2698774682236956,
0.3060053412790422,
0.3100628225834339,
0.2671607771477142,
0.26890699778284344,
0.2857261702611849,
0.2754497141033024,
0.2634176580936878,
0.2816877183202025,
0.28143305960413695,
0.29066467091634673,
0.2899077263745395,
0.26257218285040423,
0.2590332329273224,
0.26789578950250303,
0.25471671293308207,
0.25018347935243085,
0.25033072004844614,
0.24835782914192644,
0.2608070679299243,
0.2678070083841101,
0.2895086686332504,
0.3200194537639618,
0.31498071860957455,
0.3134568279439753,
0.2832613786706677,
0.2931840071430454,
0.27806086315737144,
0.2958464279964373,
0.27799178601859453,
0.2854056176427123,
0.26676151233834106,
0.29088831063988924,
0.27872806806843003,
0.2708920387478618,
0.26636335485941404,
0.2669218000653502,
0.25575349450885476,
0.24713934319359915,
0.25842030114167697,
0.2575670163352768,
0.2533316225200504,
0.2562694100590495,
0.24874055056602923,
0.24390288529457985,
0.2536230091150705,
0.24875472234441087,
0.24809474565766074,
0.2545023351520687,
0.24808696415517237,
0.24907602311728835,
0.2482132422072547,
0.237637909008311,
0.24251127881663187,
0.25236188765470086,
0.24617146323253583,
0.2470458300856801,
0.24221347794904338,
0.25271454414764005,
0.24967737437842727,
0.24246063828468323,
0.24087868495420975,
0.2487345647502255,
0.24171969642886867,
0.24554648569652013,
0.24312476252580617,
0.24284788366262014,
0.2399009982873867,
0.24707682101757494
],
"sspg_loss": [
0.0,
0.0,
0.0,
0.0,
0.0,
0.0,
0.0,
0.0,
0.0,
0.0,
0.0,
0.0,
0.0,
0.0,
0.0,
0.0,
0.0,
0.0,
0.0,
0.0,
0.0,
0.0,
0.0,
0.0,
0.0,
0.0,
0.0,
0.0,
0.0,
0.0,
0.0,
0.0,
0.0,
0.0,
0.0,
0.0,
0.0,
0.0,
0.0,
0.0,
0.0,
0.0,
0.0,
0.0,
0.0,
0.0,
0.0,
0.0,
0.0,
0.0,
0.0,
0.0,
0.0,
0.0,
0.0,
0.0,
0.0,
0.0,
0.0,
0.0,
0.0,
0.0,
0.0,
0.0,
0.0,
0.0,
0.0,
0.0,
0.0,
0.0,
0.0,
0.0,
0.0,
0.0,
0.0,
0.0,
0.0,
0.0,
0.0,
0.0,
0.0,
0.0,
0.0,
0.0,
0.0,
0.0,
0.0,
0.0,
0.0,
0.0,
0.0,
0.0,
0.0,
0.0,
0.0,
0.0,
0.0,
0.0,
0.0,
0.0
],
"di_loss": [
0.0,
0.0,
0.0,
0.0,
0.0,
0.0,
0.0,
0.0,
0.0,
0.0,
0.0,
0.0,
0.0,
0.0,
0.0,
0.0,
0.0,
0.0,
0.0,
0.0,
0.0,
0.0,
0.0,
0.0,
0.0,
0.0,
0.0,
0.0,
0.0,
0.0,
0.0,
0.0,
0.0,
0.0,
0.0,
0.0,
0.0,
0.0,
0.0,
0.0,
0.0,
0.0,
0.0,
0.0,
0.0,
0.0,
0.0,
0.0,
0.0,
0.0,
0.0,
0.0,
0.0,
0.0,
0.0,
0.0,
0.0,
0.0,
0.0,
0.0,
0.0,
0.0,
0.0,
0.0,
0.0,
0.0,
0.0,
0.0,
0.0,
0.0,
0.0,
0.0,
0.0,
0.0,
0.0,
0.0,
0.0,
0.0,
0.0,
0.0,
0.0,
0.0,
0.0,
0.0,
0.0,
0.0,
0.0,
0.0,
0.0,
0.0,
0.0,
0.0,
0.0,
0.0,
0.0,
0.0,
0.0,
0.0,
0.0,
0.0
],
"si_cv": [
0.04452376440167427,
0.1542177051305771,
0.43987128138542175,
0.33864113688468933,
0.29003944993019104,
0.23174378275871277,
0.25528159737586975,
0.28082677721977234,
0.26312530040740967,
0.28053218126296997,
0.3224458396434784,
0.21630127727985382,
0.2331533581018448,
0.3071373403072357,
0.2633909583091736,
0.2073945552110672,
0.2139948010444641,
0.26195818185806274,
0.23883317410945892,
0.2107887715101242,
0.2289971560239792,
0.24394181370735168,
0.22252865135669708,
0.21464449167251587,
0.2343526929616928,
0.2652733325958252,
0.2606254518032074,
0.2127959430217743,
0.18333400785923004,
0.17242568731307983,
0.1799364984035492,
0.20162709057331085,
0.2068822681903839,
0.19670219719409943,
0.193494975566864,
0.19016990065574646,
0.18906374275684357,
0.2015089988708496,
0.2168230265378952,
0.2244422286748886,
0.20574195683002472,
0.19974584877490997,
0.20350654423236847,
0.2154211550951004,
0.218281090259552,
0.20830801129341125,
0.2016354501247406,
0.20598065853118896,
0.21194055676460266,
0.21082259714603424,
0.21001170575618744,
0.21042928099632263,
0.2131187915802002,
0.2167138308286667,
0.22124139964580536,
0.2203272134065628,
0.21313276886940002,
0.21377860009670258,
0.2249363660812378,
0.22808745503425598,
0.22772295773029327,
0.23439012467861176,
0.2464008778333664,
0.24814607203006744,
0.2458062469959259,
0.25628894567489624,
0.28008249402046204,
0.2951996624469757,
0.2808663845062256,
0.26787644624710083,
0.25843122601509094,
0.24880065023899078,
0.24561724066734314,
0.24704191088676453,
0.2488521933555603,
0.24947112798690796,
0.25114527344703674,
0.2521924674510956,
0.253231406211853,
0.2587885856628418,
0.26662755012512207,
0.271511435508728,
0.27551570534706116,
0.2775317430496216,
0.27627506852149963,
0.2739015817642212,
0.2718658745288849,
0.2710968255996704,
0.27130839228630066,
0.2721298933029175,
0.2731402814388275,
0.2742745876312256,
0.2754461169242859,
0.2757999300956726,
0.27595531940460205,
0.2760017216205597,
0.2761097252368927,
0.2760390043258667,
0.2759692966938019,
0.2759164273738861
],
"mi_cv": [
0.01253085769712925,
0.08571082353591919,
0.3066158890724182,
0.28302016854286194,
0.22821950912475586,
0.19420215487480164,
0.21443258225917816,
0.22108207643032074,
0.2070496380329132,
0.21821321547031403,
0.24617907404899597,
0.16101235151290894,
0.17693287134170532,
0.23409608006477356,
0.19886553287506104,
0.15521973371505737,
0.1601780205965042,
0.1912943422794342,
0.18316775560379028,
0.16861030459403992,
0.18592853844165802,
0.1996338665485382,
0.18984165787696838,
0.18637029826641083,
0.20692148804664612,
0.23556363582611084,
0.23203927278518677,
0.19191648066043854,
0.16793298721313477,
0.16008296608924866,
0.166328564286232,
0.18732599914073944,
0.19275525212287903,
0.18089944124221802,
0.17289899289608002,
0.17003223299980164,
0.17372572422027588,
0.18464471399784088,
0.19889280200004578,
0.20458242297172546,
0.18566147983074188,
0.18129628896713257,
0.18247559666633606,
0.1907089501619339,
0.1938679963350296,
0.18344376981258392,
0.17813658714294434,
0.18272386491298676,
0.18617643415927887,
0.19054542481899261,
0.19183211028575897,
0.19242364168167114,
0.1953960359096527,
0.1990058869123459,
0.20350557565689087,
0.20255467295646667,
0.1952068954706192,
0.1932028979063034,
0.19537776708602905,
0.19576644897460938,
0.19620779156684875,
0.19313068687915802,
0.1929628998041153,
0.19165301322937012,
0.19316668808460236,
0.19638031721115112,
0.20225363969802856,
0.20612043142318726,
0.20186340808868408,
0.20023390650749207,
0.1977391093969345,
0.19571177661418915,
0.19699865579605103,
0.19953911006450653,
0.20000891387462616,
0.20020514726638794,
0.20225542783737183,
0.20567633211612701,
0.2076486498117447,
0.20852448046207428,
0.20869173109531403,
0.20802661776542664,
0.2082100361585617,
0.20782138407230377,
0.20634081959724426,
0.20499543845653534,
0.20437049865722656,
0.2047288864850998,
0.20545178651809692,
0.20632191002368927,
0.20693354308605194,
0.2073063850402832,
0.20763613283634186,
0.20752625167369843,
0.20746509730815887,
0.20744380354881287,
0.20747587084770203,
0.20744606852531433,
0.20741882920265198,
0.2073885053396225
]
}