{
  "sspg": {
    "spearman_r": 0.8999999999999998,
    "rmse": NaN,
    "n": 5
  },
  "di": {
    "spearman_r": 0.9999999999999999,
    "rmse": NaN,
    "n": 5
  }
}