{
"epoch": [
1,
2,
3,
4,
5,
6,
7,
8,
9,
10,
11,
12,
13,
14,
15,
16,
17,
18,
19,
20,
21,
22,
23,
24,
25,
26,
27,
28,
29,
30,
31,
32,
33,
34,
35,
36,
37,
38,
39,
40,
41,
42,
43,
44,
45,
46,
47,
48,
49,
50,
51,
52,
53,
54,
55,
56,
57,
58,
59,
60,
61,
62,
63,
64,
65,
66,
67,
68,
69,
70,
71,
72,
73,
74,
75,
76,
77,
78,
79,
80,
81,
82,
83,
84,
85,
86,
87,
88,
89,
90,
91,
92,
93,
94,
95,
96,
97,
98,
99,
100
],
"recon_loss": [
0.2953733383835136,
0.2871214302329274,
0.2923896897148776,
0.28803296696830105,
0.29675969907215666,
0.29495874318209564,
0.28873857817092496,
0.29069504180511874,
0.288178531767486,
0.28994740410284564,
0.29189699346368964,
0.2920505249655092,
0.29059765497585394,
0.2945338495365985,
0.29330116432982606,
0.2915715828731463,
0.2949329912662506,
0.29390403512236357,
0.29989294881944534,
0.2985141494057395,
0.29330438007782034,
0.29584837075951814,
0.2935282024857286,
0.294379355071427,
0.29286581626186126,
0.2880293401804837,
0.2954140572578876,
0.29198292865381614,
0.29343731682021895,
0.29493152321159066,
0.2972004467790777,
0.29342802197902235,
0.29546651128050566,
0.293080091669962,
0.29676721119261407,
0.2931977812345926,
0.2962025051767176,
0.29429819618726705,
0.29194647228562987,
0.2948845479782526,
0.2955387501747577,
0.2956516564666451,
0.2851702756695933,
0.290370724224425,
0.29211902308773685,
0.29721798486523815,
0.2923999088151114,
0.2907085952820716,
0.2926411021065402,
0.29088922831919284,
0.29629656633773405,
0.29383431200857285,
0.28846418470531315,
0.290429421059497,
0.2972870964508552,
0.2942137842054491,
0.2928316465445927,
0.28588994408582713,
0.2902867513430583,
0.29080361205262023,
0.2906917225230824,
0.2961361791406359,
0.29239924116568133,
0.2908510577369046,
0.2957061800089749,
0.2915548902827424,
0.29487219181927765,
0.28657451272010803,
0.2947597801685333,
0.2907641142993778,
0.2885103341820952,
0.2913316492136423,
0.29925822727865986,
0.2957257611023915,
0.29177785384190547,
0.29263022909690806,
0.29115377618120863,
0.2906115403423062,
0.2867547765180662,
0.29478743207919134,
0.2910273876283076,
0.296833728815054,
0.2962466517052093,
0.2914633797360705,
0.30175472970132705,
0.29424650715543077,
0.2937710085859546,
0.29583241374461683,
0.29604453274181913,
0.28738210746994264,
0.2955628176788231,
0.29475251498160426,
0.2950991794660494,
0.2897198486637759,
0.2945976524383991,
0.29081901327356113,
0.2942547676238147,
0.2899511739031061,
0.2932661450528479,
0.2910329264092755
],
"sspg_loss": [
9.514067488831358,
6.246532093394887,
4.6489222266457295,
3.8885966198784963,
2.677908922170664,
2.207539332377446,
1.3749025239572896,
1.9550637502174872,
2.7955018514162533,
1.7701744243696138,
1.5200356167632263,
1.8426053369200075,
1.260372898795388,
1.5092371044220863,
1.6524860812472058,
1.7456726927261847,
1.3226394157905084,
1.2562572352297894,
1.1695234334314024,
1.4012799092701502,
1.2909130585658086,
1.2781795216845226,
1.0724097583201024,
1.119169012292639,
1.2000232083456857,
1.0897311963044203,
1.1580698536588,
1.0124337905413145,
1.026700337211807,
1.1602496868604188,
1.0784922513094815,
0.9740380497721882,
1.1026974777122596,
0.7986935206821987,
1.0975423718427684,
0.9240537727033937,
0.9626084117146282,
1.068297669485018,
0.8869222805097505,
1.0692054931219521,
0.9558875839431564,
1.0044250294759676,
1.0229602912803748,
0.9603796067175927,
0.8985500800145136,
1.0953404222215926,
0.9489198536067814,
0.9914302996226719,
0.9399965924101991,
0.899368818704184,
1.0621923672688471,
0.9373625919416353,
0.968228107923037,
0.9549294199262347,
0.9862984411128155,
1.0135097132100688,
1.008121991312349,
0.9882238778201017,
1.0173049120159892,
1.0286008320845568,
0.8913616019409972,
1.0287838733041441,
0.8660047178144579,
0.835444002956539,
0.9919945837615373,
0.887175474848066,
0.9748891963587178,
0.9376726754300007,
0.9197126085107977,
0.9159159342963974,
0.9205435313187637,
1.0112165684823866,
1.032181792444997,
1.0435665551718178,
0.9308049167905535,
0.995022962619732,
1.0233447706544554,
0.9991256215355613,
0.9881762513866672,
1.032207280010372,
0.9164047086393678,
0.9120484218968974,
0.9545343603406634,
0.9266903833909468,
0.9959926047882477,
0.8949653390166047,
0.8878856572237882,
0.9412039007459369,
0.8787630510020565,
0.9984343299618015,
0.9151700518348,
0.9315332499417391,
1.0331286702837263,
0.9526074095205828,
0.8972063064575195,
0.9109288918507563,
0.9040260643928082,
0.8309490324614884,
0.9098630988752687,
0.9428888156816557
],
"di_loss": [
24.899233403143946,
11.01092563975941,
6.951950704896605,
7.399673975907363,
7.106096019992581,
4.3383812842431,
2.5784124956502543,
3.0118065592530487,
2.935930970427278,
2.069956890948407,
1.8972107667427558,
1.8211854727237256,
2.335977308161847,
1.3313864245043172,
1.4875031043956806,
1.238023702200357,
1.3751178747647768,
1.4726695046796427,
1.231133405264322,
1.2192881788526262,
1.3550458202114353,
1.2605733902423413,
1.0513221807294078,
1.1845808586516937,
1.0832100603487584,
1.2004480648350406,
1.0461051866605684,
1.0847327523417287,
1.3059006248201643,
0.9577799036905363,
1.3687282429113017,
1.1884995381553451,
0.986239458833422,
1.1248904977525984,
1.0346704543410958,
0.9822457579823284,
1.0808138243563763,
1.0060836007068683,
0.9586699937845206,
1.0409854882723326,
1.1204728553821515,
1.201575748332135,
0.9444937651807611,
1.072890650142323,
0.9498056715184992,
1.027107447772831,
1.1017484726843896,
1.0378094540013896,
0.9168199625882235,
1.034694191697356,
0.9266831209133197,
1.0787157702755619,
0.8438732604701797,
0.9844085380628511,
0.9789042151593542,
1.0397585885865348,
1.0759334811916599,
0.9981399712624488,
0.9747505845961633,
1.0487139666235292,
0.9394079222307576,
0.9555943290908615,
0.866864747815318,
0.7975304862121483,
0.856454629402656,
0.9555034885158786,
0.8857772776058742,
1.0335482691789601,
1.0107909781592233,
0.9422224249158587,
1.0493574142456055,
1.0279427534574037,
0.8412416159332573,
1.1208405711434104,
0.9768406292060753,
0.9862803429752202,
0.9394120856538996,
0.9213387439777325,
0.983184223051195,
1.0070444399660283,
0.9303667614986371,
0.9331841341086796,
0.949107516895641,
1.049100594861167,
0.9729016663192155,
0.9092252161595729,
0.8704974852599107,
0.9396672512029672,
0.906568339505753,
0.9403755889310466,
0.8665252691739566,
0.9443755227249938,
0.9740754257548939,
0.9146652686131465,
0.9082615994787836,
0.9823572326016117,
0.9130870808254589,
0.8709549036892977,
0.9315380086372425,
1.0208236331289464
],