{
"epoch": [
1,
2,
3,
4,
5,
6,
7,
8,
9,
10,
11,
12,
13,
14,
15,
16,
17,
18,
19,
20,
21,
22,
23,
24,
25,
26,
27,
28,
29,
30,
31,
32,
33,
34,
35,
36,
37,
38,
39,
40,
41,
42,
43,
44,
45,
46,
47,
48,
49,
50,
51,
52,
53,
54,
55,
56,
57,
58,
59,
60,
61,
62,
63,
64,
65,
66,
67,
68,
69,
70,
71,
72,
73,
74,
75,
76,
77,
78,
79,
80,
81,
82,
83,
84,
85,
86,
87,
88,
89,
90,
91,
92,
93,
94,
95,
96,
97,
98,
99,
100
],
"train_loss": [
3.7902674551133986,
2.0664312189275567,
1.506040938488849,
1.4704239476810803,
1.328724195430805,
1.0031147630183728,
0.7376340302554044,
0.8409460364998161,
0.9148857818021403,
0.7275245398670048,
0.6871855634373504,
0.7119935619366633,
0.7037966034629128,
0.6321601604486441,
0.6608640172264793,
0.6435051877777298,
0.6182726590664356,
0.6203606678293897,
0.5935225703499534,
0.6141349061743006,
0.6114641830518648,
0.6032876155593179,
0.5594653382703856,
0.5783182870257985,
0.5747530940291169,
0.5706112028716447,
0.5693955158258414,
0.5552635428967414,
0.5802613566448163,
0.5602984505814391,
0.5954864675348456,
0.5632457408038053,
0.5579241421315577,
0.5390024386443101,
0.5635524276015046,
0.5373916819498137,
0.5541086885836217,
0.5553002810323393,
0.5300696395434342,
0.5594676036339301,
0.5567387311489551,
0.5698156856097184,
0.5354796415799624,
0.5472617091296555,
0.5305185511514738,
0.5630267262458801,
0.5510307078237657,
0.5471965074539185,
0.5318866952673181,
0.5378594979063257,
0.5487480771231961,
0.5490061122101623,
0.5232382873436073,
0.5379271909788057,
0.5473713092989736,
0.5531045786746136,
0.554801145931343,
0.538090294831759,
0.5430562256218551,
0.5520990428986488,
0.5273326395393966,
0.5481379442400747,
0.5192501204354423,
0.5077124636668664,
0.5341150536165609,
0.5293867386780776,
0.5345027903457741,
0.5372605749538967,
0.5413740826891614,
0.5301419082400086,
0.539064381803785,
0.5488115007227118,
0.5401645240845618,
0.5657304231222574,
0.5361063774529989,
0.5443245157018884,
0.540993421882778,
0.5362219423442692,
0.5374547707570063,
0.5522765625606884,
0.5292684861591884,
0.5349209316365131,
0.5401747567313058,
0.5426064389092582,
0.5522081217208465,
0.5282295144997634,
0.523173286543264,
0.5374834785213718,
0.5281416162267908,
0.5348270372910933,
0.5272962783838248,
0.5359073358696776,
0.5493835613325044,
0.5300110632723029,
0.5287083844085793,
0.5337116075800611,
0.52953003714611,
0.5137055059532066,
0.5309702134751654,
0.5409681189369846
],
"val_loss": [
0.36913004517555237,
0.36913004517555237,
0.36913004517555237,
0.36913004517555237,
0.36913004517555237,
0.36913004517555237,
0.36913004517555237,
0.36913004517555237,
0.36913004517555237,
0.36913004517555237,
0.36913004517555237,
0.36913004517555237,
0.36913004517555237,
0.36913004517555237,
0.36913004517555237,
0.36913004517555237,
0.36913004517555237,
0.36913004517555237,
0.36913004517555237,
0.36913004517555237,
0.36913004517555237,
0.36913004517555237,
0.36913004517555237,
0.36913004517555237,
0.36913004517555237,
0.36913004517555237,
0.36913004517555237,
0.36913004517555237,
0.36913004517555237,
0.36913004517555237,
0.36913004517555237,
0.36913004517555237,
0.36913004517555237,
0.36913004517555237,
0.36913004517555237,
0.36913004517555237,
0.36913004517555237,
0.36913004517555237,
0.36913004517555237,
0.36913004517555237,
0.36913004517555237,
0.36913004517555237,
0.36913004517555237,
0.36913004517555237,
0.36913004517555237,
0.36913004517555237,
0.36913004517555237,
0.36913004517555237,
0.36913004517555237,
0.36913004517555237,
0.36913004517555237,
0.36913004517555237,
0.36913004517555237,
0.36913004517555237,
0.36913004517555237,
0.36913004517555237,
0.36913004517555237,
0.36913004517555237,
0.36913004517555237,
0.36913004517555237,
0.36913004517555237,
0.36913004517555237,
0.36913004517555237,
0.36913004517555237,
0.36913004517555237,
0.36913004517555237,
0.36913004517555237,
0.36913004517555237,
0.36913004517555237,
0.36913004517555237,
0.36913004517555237,
0.36913004517555237,
0.36913004517555237,
0.36913004517555237,
0.36913004517555237,
0.36913004517555237,
0.36913004517555237,
0.36913004517555237,
0.36913004517555237,
0.36913004517555237,
0.36913004517555237,
0.36913004517555237,
0.36913004517555237,
0.36913004517555237,
0.36913004517555237,
0.36913004517555237,
0.36913004517555237,
0.36913004517555237,
0.36913004517555237,
0.36913004517555237,
0.36913004517555237,
0.36913004517555237,
0.36913004517555237,
0.36913004517555237,
0.36913004517555237,
0.36913004517555237,
0.36913004517555237,
0.36913004517555237,
0.36913004517555237,
0.36913004517555237
]
}