{
"epoch": [
1,
2,
3,
4,
5,
6,
7,
8,
9,
10,
11,
12,
13,
14,
15,
16,
17,
18,
19,
20,
21,
22,
23,
24,
25,
26,
27,
28,
29,
30,
31,
32,
33,
34,
35,
36,
37,
38,
39,
40,
41,
42,
43,
44,
45,
46,
47,
48,
49,
50,
51,
52,
53,
54,
55,
56,
57,
58,
59,
60,
61,
62,
63,
64,
65,
66,
67,
68,
69,
70,
71,
72,
73,
74,
75,
76,
77,
78,
79,
80,
81,
82,
83,
84,
85,
86,
87,
88,
89,
90,
91,
92,
93,
94,
95,
96,
97,
98,
99,
100
],
"train_loss": [
1073.0676178884978,
1017.4619506231629,
973.0696272141863,
916.1218116684715,
881.1291546207843,
802.4202941290223,
744.6547301641785,
662.3176314854386,
615.4684531334603,
516.5645703608446,
448.3119531008277,
398.1002602152305,
311.17306833928177,
317.94905815502204,
282.07893008996945,
260.44949884697945,
275.3170090477065,
282.3712754957747,
294.2214693881497,
300.89891762308554,
244.80515130675664,
298.4489377465579,
306.48229632991377,
283.41106724503015,
275.40947492996065,
274.6741950913231,
292.14561855202857,
274.57104250464107,
271.2909425036742,
224.38408320965152,
259.27904759775294,
295.043295076578,
298.5627002527218,
260.61031832553374,
279.0591747926013,
263.51198626980926,
271.3004102045947,
280.92223924693496,
309.33510385645496,
266.935367244305,
280.6776990229541,
325.14220768390317,
288.8451304671788,
268.0041278801342,
262.29602866597696,
243.79734605845837,
299.3249239779935,
275.96118502097556,
264.5025228368174,
260.70469922358444,
280.50507150782215,
300.3705208655631,
301.5935928797958,
268.0843490751663,
291.83623481977105,
294.1137640924737,
271.79723048446203,
283.82387701355583,
287.82873172571163,
235.46888319336543,
279.31919490700903,
288.00997048557394,
277.6419732122138,
277.8763480611367,
300.7461584110071,
279.51805673731434,
264.9944911239171,
281.65680120487025,
292.88795999961326,
284.8146274679958,
250.72059298977993,
264.7865680656811,
247.8167927052715,
244.74448780022044,
253.5599310846612,
272.40135608333173,
264.1974988880724,
278.9963980193185,
266.89763799988395,
271.1982563887492,
278.8002657748685,
307.36569727529394,
305.4586136317489,
307.64733524133663,
275.9542502223855,
274.3208501079295,
273.21394317929105,
300.5542841240911,
266.1095562925433,
280.3243096228873,
257.52769243599164,
279.57106924529126,
262.0345074493106,
277.21166871325806,
245.5316426494334,
259.24710349281236,
280.53746425515357,
258.524492471525,
271.1906464453971,
276.5230746882977
],
"val_loss": [
0.5692983269691467,
0.5692983269691467,
0.5692983269691467,
0.5692983269691467,
0.5692983269691467,
0.5692983269691467,
0.5692983269691467,
0.5692983269691467,
0.5692983269691467,
0.5692983269691467,
0.5692983269691467,
0.5692983269691467,
0.5692983269691467,
0.5692983269691467,
0.5692983269691467,
0.5692983269691467,
0.5692983269691467,
0.5692983269691467,
0.5692983269691467,
0.5692983269691467,
0.5692983269691467,
0.5692983269691467,
0.5692983269691467,
0.5692983269691467,
0.5692983269691467,
0.5692983269691467,
0.5692983269691467,
0.5692983269691467,
0.5692983269691467,
0.5692983269691467,
0.5692983269691467,
0.5692983269691467,
0.5692983269691467,
0.5692983269691467,
0.5692983269691467,
0.5692983269691467,
0.5692983269691467,
0.5692983269691467,
0.5692983269691467,
0.5692983269691467,
0.5692983269691467,
0.5692983269691467,
0.5692983269691467,
0.5692983269691467,
0.5692983269691467,
0.5692983269691467,
0.5692983269691467,
0.5692983269691467,
0.5692983269691467,
0.5692983269691467,
0.5692983269691467,
0.5692983269691467,
0.5692983269691467,
0.5692983269691467,
0.5692983269691467,
0.5692983269691467,
0.5692983269691467,
0.5692983269691467,
0.5692983269691467,
0.5692983269691467,
0.5692983269691467,
0.5692983269691467,
0.5692983269691467,
0.5692983269691467,
0.5692983269691467,
0.5692983269691467,
0.5692983269691467,
0.5692983269691467,
0.5692983269691467,
0.5692983269691467,
0.5692983269691467,
0.5692983269691467,
0.5692983269691467,
0.5692983269691467,
0.5692983269691467,
0.5692983269691467,
0.5692983269691467,
0.5692983269691467,
0.5692983269691467,
0.5692983269691467,
0.5692983269691467,
0.5692983269691467,
0.5692983269691467,
0.5692983269691467,
0.5692983269691467,
0.5692983269691467,
0.5692983269691467,
0.5692983269691467,
0.5692983269691467,
0.5692983269691467,
0.5692983269691467,
0.5692983269691467,
0.5692983269691467,
0.5692983269691467,
0.5692983269691467,
0.5692983269691467,
0.5692983269691467,
0.5692983269691467,
0.5692983269691467,
0.5692983269691467
]
}