{
  "sspg": {
    "rmse": 111.28334664657152,
    "mae": 102.74378063943651,
    "r2": -1.7158207241124663,
    "pearson_r": -0.08949162236338173,
    "pearson_p": 0.6037305515268896,
    "spearman_r": -0.15217422338497627,
    "spearman_p": 0.37561850154052134,
    "n": 36
  },
  "di": {
    "rmse": 1.2818229345214252,
    "mae": 1.2099902629852295,
    "r2": -3.5642499313050866,
    "pearson_r": 0.17652373437871646,
    "pearson_p": 0.5831362293455652,
    "spearman_r": 0.4509269635007975,
    "spearman_p": 0.1412155669494493,
    "n": 12
  }
}