{
"epoch": [
1,
2,
3,
4,
5,
6,
7,
8,
9,
10,
11,
12,
13,
14,
15,
16,
17,
18,
19,
20,
21,
22,
23,
24,
25,
26,
27,
28,
29,
30,
31,
32,
33,
34,
35,
36,
37,
38,
39,
40,
41,
42,
43,
44,
45,
46,
47,
48,
49,
50,
51,
52,
53,
54,
55,
56,
57,
58,
59,
60,
61,
62,
63,
64,
65,
66,
67,
68,
69,
70,
71,
72,
73,
74,
75,
76,
77,
78,
79,
80,
81,
82,
83,
84,
85,
86,
87,
88,
89,
90,
91,
92,
93,
94,
95,
96,
97,
98,
99,
100
],
"recon_loss": [
0.2404824634651085,
0.24070317675540973,
0.24154035127782203,
0.2379627316803127,
0.242646371969929,
0.23939745186211228,
0.24641093708478012,
0.23999011168232212,
0.24537606227707554,
0.26729440572973967,
0.24102459248010213,
0.24305321063314164,
0.24483095051406265,
0.24261571002470983,
0.24228378898137576,
0.24424773338553193,
0.24326610565185547,
0.23805743475239,
0.2403654804477444,
0.24255973874748527,
0.23777870253309027,
0.24971953440796246,
0.23451815410093826,
0.25361079171106415,
0.23742844048258546,
0.24524484284512407,
0.24471013654362073,
0.24151464367841746,
0.24135942911946928,
0.2431604564189911,
0.24515553457396372,
0.246480464354738,
0.23817254544852615,
0.2475045822657548,
0.24041890691627155,
0.24265340202814573,
0.23861441693522714,
0.24418966839839887,
0.24568632051542208,
0.2409129235651586,
0.2442613195676308,
0.24452707964878578,
0.24378909847953104,
0.24629764839426263,
0.24377348012738415,
0.24044156577680018,
0.23882279574096976,
0.2417088725737163,
0.2529042649578738,
0.2403730446255052,
0.24267306304597236,
0.24373319474133578,
0.24422105875882236,
0.24526635876723699,
0.2507785198750434,
0.2571075504476374,
0.23556096348669622,
0.2413158832819431,
0.24493168391190567,
0.24630866751268313,
0.24159294386188707,
0.2425752520174175,
0.2392710441505754,
0.24688488554644894,
0.2467765703603819,
0.2454122014634021,
0.24600354843325428,
0.2496424795358212,
0.2425718679056539,
0.23865781937326705,
0.26070995009564735,
0.2475638021896412,
0.24589539851461137,
0.24278608390263148,
0.23791547971112387,
0.23861713184938801,
0.24019781296903436,
0.2382979900031895,
0.24158670414577832,
0.24584216576117973,
0.24327639635507162,
0.2443179004378133,
0.24561312717276734,
0.2329634695084064,
0.24219116123465748,
0.24908211556347934,
0.24453873100218834,
0.24437402324243027,
0.24094040749909043,
0.25179633149853,
0.25028020724073635,
0.24306064224862434,
0.24156505024278319,
0.24987900760266687,
0.24155626378276132,
0.2452497718396125,
0.24308073481956086,
0.24226569374660392,
0.2398067612152595,
0.24700035348341062
],
"sspg_loss": [
12.795337001998703,
12.311196556339016,
11.900132934768479,
5.139265840703791,
7.308991035857758,
5.929268434450224,
8.785033238398565,
5.449420114616295,
3.6008880231287574,
3.8973516427077257,
3.5008729402121013,
4.506700119414887,
2.64405928339277,
2.300912646504192,
2.2807369541812252,
2.3935572791409183,
1.6086688846736759,
2.044378119629699,
1.8594371204252367,
1.7834857439065908,
1.4676545502303482,
1.5301845847786246,
1.9962964646227948,
2.4989125573789917,
1.7995490021519847,
1.2910864616369273,
1.771854388249385,
1.3771287884031023,
1.2115514557082931,
1.467411210010578,
1.5082738972329475,
1.4103567042908112,
1.1574473597786643,
1.3854268193244934,
1.3569127863103694,
1.1729955483566632,
1.2867082876044433,
1.2650373430995199,
1.3385837697363518,
1.2312624826059713,
1.2984689102544413,
1.3002643678095434,
1.5727878344523443,
1.2329824752621836,
1.5389321160006832,
1.366857987719697,
0.9793949165901581,
1.1050308904090484,
0.8844268399399596,
1.0914620161056519,
1.1857056323584023,
1.055234686120764,
0.9971789469966641,
1.1048485210963659,
0.9781321929646777,
1.0202897539386502,
1.112338628087725,
1.0081331528626478,
1.071037829696358,
1.03279773136238,
1.0103254349200756,
1.067697938386496,
1.0085730583636792,
1.0813661039649667,
0.9418515245635788,
1.080415906844201,
1.0784522759449946,
1.1775227103914534,
1.1916852988205946,
0.9504518942399458,
1.0507443825919907,
1.128947104726519,
0.9183552102609114,
0.9824605793147893,
0.9186946091713843,
1.2166396085318032,
1.0498223924017571,
1.0250353147457172,
1.0872205511316078,
1.1401222108246445,
1.0030484067929255,
1.0043674293276552,
0.9006242488885855,
1.102155369597596,
1.1849312828732776,
1.0050142639643187,
0.9419464244470968,
1.052476952602337,
1.0546257627474798,
1.2876692963885021,
1.0167014289211918,
0.9570770612010708,
1.1109719431245482,
1.0838567823558658,
1.1037010774983989,
1.2285466968239127,
0.9893372941326786,
1.0613726423932361,
0.9734477811045461,
0.9931573248528814
],
"di_loss": [
7.283931577360475,
9.571268651392552,
6.844070620351023,
4.553451872491217,
4.760731938597444,
4.016041161177994,
4.324975261440525,
3.148677993130374,
2.3799977828929952,
2.642831121172224,
2.0832571395031816,
2.066290047261622,
1.4208680491942864,
2.0880403735420923,
1.8317342005766832,
2.1154506763854584,
1.664016915606214,
1.375572086928727,
1.6479023710473792,
1.677682201583664,
1.4783344408134362,
1.2383586354069895,
1.7934452086300046,
1.4517553905387977,
1.3334935949994373,
1.3582899400166102,
1.098064828228641,
1.2193285288748803,
1.093864985874721,
1.0602027897710924,
1.4268364225115096,
1.165904141091681,
1.1586588048315667,
1.098276475807289,
1.2650233251707894,
1.1345914679688294,
1.223551380169856,
1.0478616101401192,
0.9295082750258508,
1.0813953195299422,
1.1572675550138796,
0.892874999479814,
0.975288651980363,
0.8507297077736298,
1.010327034956449,
1.0133287573789622,
1.08540593803703,
1.2366094883386192,
1.0493568770297161,
1.1137025805262777,
0.9838763227710476,
1.1789617786159763,
1.0936150148317412,
0.9726244977542332,
0.8912733220434809,
1.0043686318707157,
1.1273338980488963,
1.0983324801767027,
0.9430685089780139,
0.9140730881458753,
1.0703687017614192,
0.9467125589197333,
1.0012376052992684,
1.0086330190881507,
0.9354858638404252,
0.9127246903908717,
0.9278741672441557,
0.9946296122167018,
0.9737573157657277,
1.132716752491988,
0.9799524073476915,
0.9893635248208975,
0.9789056530246487,
1.0021608293830575,
1.132207223347255,
0.9723871342547528,
0.9211561989474606,
0.8773943975374296,
0.9227747483686968,
0.9003089635403125,
0.8866780593797758,
0.8774631185965105,
0.9059384085915305,
1.1184946623715488,
0.9512257041869225,
0.9042421478729743,
0.8466399304278485,
0.948654864515577,
0.9251799606657648,
1.2165283723310991,
0.9296927831389687,
0.971168695332168,
0.9697577852707404,
0.9944146921882382,
0.9263400017441094,
0.9924751705937571,
1.0702908619657738,
0.9237785803807246,
0.927629409672378,
0.8237710297107697
],