{
"epoch": [
1,
2,
3,
4,
5,
6,
7,
8,
9,
10,
11,
12,
13,
14,
15,
16,
17,
18,
19,
20,
21,
22,
23,
24,
25,
26,
27,
28,
29,
30,
31,
32,
33,
34,
35,
36,
37,
38,
39,
40,
41,
42,
43,
44,
45,
46,
47,
48,
49,
50,
51,
52,
53,
54,
55,
56,
57,
58,
59,
60,
61,
62,
63,
64,
65,
66,
67,
68,
69,
70,
71,
72,
73,
74,
75,
76,
77,
78,
79,
80,
81,
82,
83,
84,
85,
86,
87,
88,
89,
90,
91,
92,
93,
94,
95,
96,
97,
98,
99,
100
],
"train_loss": [
2.3075472039061706,
2.4880875983795563,
2.1750984904053925,
1.266372341614265,
1.5087565044303992,
1.2930662167536748,
1.6165495476165375,
1.158937658582415,
0.9026024264174622,
0.9804504846597647,
0.8585753471820385,
0.959489999653457,
0.7104614570543364,
0.740648826221367,
0.7126686735586687,
0.7542862961818646,
0.6296724421637399,
0.639190192346449,
0.650237199548003,
0.6478142970568174,
0.5915153738740203,
0.5857116401969612,
0.6726300894439995,
0.7078153545206244,
0.6098704307110279,
0.5693202599302515,
0.590839827989603,
0.5602981533323016,
0.5310388524810989,
0.5550596311494902,
0.5978043543827998,
0.56324429790695,
0.5289209477313153,
0.5550126812674783,
0.561750274199944,
0.5325498913789725,
0.5487781449571832,
0.534617352021205,
0.5316332892164007,
0.5313164901423764,
0.5489727529612455,
0.5229787934910167,
0.5577345250488875,
0.5138066325868879,
0.5578371572804142,
0.5375980262632494,
0.5044406567301069,
0.53501067842756,
0.5054204069174729,
0.5200272810149502,
0.5187690238673965,
0.5262906102391033,
0.5124382183149263,
0.5121514510798764,
0.4968568462055999,
0.5187111713669517,
0.5186659786608312,
0.5111002151842241,
0.5054800758114109,
0.5001335476900076,
0.5088001497380146,
0.5031540780872493,
0.4993899031118913,
0.515022570436651,
0.493648059569396,
0.5038640065626665,
0.5057739429659658,
0.5259954898388355,
0.5182539309774127,
0.5061124725775286,
0.5229174281869616,
0.5185326461668138,
0.49475925077091565,
0.5003859849719258,
0.5021434213433947,
0.5166575722880178,
0.4964334453855242,
0.4876787399316763,
0.5017239954564479,
0.5090230711094745,
0.4913868083582296,
0.4916387289375454,
0.4854071484757708,
0.5141662568240971,
0.514944655167592,
0.49914552522944167,
0.48253514008088544,
0.5036249764553913,
0.4980587727063662,
0.5613538924749796,
0.5040574027346326,
0.49502299822770157,
0.5087757931127177,
0.5168439281451238,
0.5036981349641626,
0.5264897168456734,
0.5081813234787482,
0.49991858431271147,
0.48905225194893875,
0.48783096245356966
],
"val_loss": [
0.25836989283561707,
0.25836989283561707,
0.25836989283561707,
0.25836989283561707,
0.25836989283561707,
0.25836989283561707,
0.25836989283561707,
0.25836989283561707,
0.25836989283561707,
0.25836989283561707,
0.25836989283561707,
0.25836989283561707,
0.25836989283561707,
0.25836989283561707,
0.25836989283561707,
0.25836989283561707,
0.25836989283561707,
0.25836989283561707,
0.25836989283561707,
0.25836989283561707,
0.25836989283561707,
0.25836989283561707,
0.25836989283561707,
0.25836989283561707,
0.25836989283561707,
0.25836989283561707,
0.25836989283561707,
0.25836989283561707,
0.25836989283561707,
0.25836989283561707,
0.25836989283561707,
0.25836989283561707,
0.25836989283561707,
0.25836989283561707,
0.25836989283561707,
0.25836989283561707,
0.25836989283561707,
0.25836989283561707,
0.25836989283561707,
0.25836989283561707,
0.25836989283561707,
0.25836989283561707,
0.25836989283561707,
0.25836989283561707,
0.25836989283561707,
0.25836989283561707,
0.25836989283561707,
0.25836989283561707,
0.25836989283561707,
0.25836989283561707,
0.25836989283561707,
0.25836989283561707,
0.25836989283561707,
0.25836989283561707,
0.25836989283561707,
0.25836989283561707,
0.25836989283561707,
0.25836989283561707,
0.25836989283561707,
0.25836989283561707,
0.25836989283561707,
0.25836989283561707,
0.25836989283561707,
0.25836989283561707,
0.25836989283561707,
0.25836989283561707,
0.25836989283561707,
0.25836989283561707,
0.25836989283561707,
0.25836989283561707,
0.25836989283561707,
0.25836989283561707,
0.25836989283561707,
0.25836989283561707,
0.25836989283561707,
0.25836989283561707,
0.25836989283561707,
0.25836989283561707,
0.25836989283561707,
0.25836989283561707,
0.25836989283561707,
0.25836989283561707,
0.25836989283561707,
0.25836989283561707,
0.25836989283561707,
0.25836989283561707,
0.25836989283561707,
0.25836989283561707,
0.25836989283561707,
0.25836989283561707,
0.25836989283561707,
0.25836989283561707,
0.25836989283561707,
0.25836989283561707,
0.25836989283561707,
0.25836989283561707,
0.25836989283561707,
0.25836989283561707,
0.25836989283561707,
0.25836989283561707
]
}