subject_id,si,mi,tau_m,Gb,sg,p2,sspg,di,homa_ir,homa_b,dataset_id,tri_class
D1_S101,0.008574748,4.39246,166.02013,201.6891,0.011212036,0.007474986,,,,,D1,-1
D1_S112,0.0027109343,0.81884706,103.51838,296.81824,0.018456925,0.003970383,,,,,D1,-1
D1_S27,0.009043358,4.6318974,171.7489,162.45349,0.009872602,0.006777205,57.0,1.49,0.96,189.29,D1,0
D1_S45,0.009260531,4.72934,176.37982,109.550705,0.0100565925,0.008242225,60.0,4.48,2.56,146.15,D1,0
D1_S55,0.009332708,4.7647066,179.4438,97.33511,0.009246683,0.006312528,47.0,3.27,1.16,260.0,D1,0
D1_S83,0.009090454,4.647998,170.83739,151.81976,0.010678644,0.009360831,,,,,D1,-1
