{
"epoch": [
1,
2,
3,
4,
5,
6,
7,
8,
9,
10,
11,
12,
13,
14,
15,
16,
17,
18,
19,
20,
21,
22,
23,
24,
25,
26,
27,
28,
29,
30,
31,
32,
33,
34,
35,
36,
37,
38,
39,
40,
41,
42,
43,
44,
45,
46,
47,
48,
49,
50,
51,
52,
53,
54,
55,
56,
57,
58,
59,
60,
61,
62,
63,
64,
65,
66,
67,
68,
69,
70,
71,
72,
73,
74,
75,
76,
77,
78,
79,
80,
81,
82,
83,
84,
85,
86,
87,
88,
89,
90,
91,
92,
93,
94,
95,
96,
97,
98,
99,
100
],
"train_loss": [
5.739008218684095,
1.2504354131982682,
0.9072470703023545,
0.7877489404475435,
0.7137319027109349,
0.6439906663083016,
0.5996790566342942,
0.5537472164377253,
0.6284019845597287,
0.6417002462326212,
0.5900798795071054,
0.5272854312937311,
0.5582820658988141,
0.5403121988824073,
0.529264786141984,
0.5344711060219622,
0.5485755636336955,
0.5389585672540868,
0.4874688615190222,
0.46345059288308976,
0.46075459363612725,
0.44928142682034916,
0.4408192983333101,
0.4377344998907536,
0.4139778905726494,
0.45391685531494463,
0.4063697634859288,
0.4311211629116789,
0.44397562552005687,
0.4497506986273096,
0.40494648383018816,
0.38687842830698543,
0.41867394777054484,
0.38747812522218583,
0.3965282161185082,
0.3926909565925598,
0.38446306421401655,
0.37782464889769857,
0.36984246018085076,
0.383075216983227,
0.39594090936031745,
0.39036233120776237,
0.3649758867760922,
0.37918225818491996,
0.3678947553989735,
0.3606402151128079,
0.3642437477061089,
0.3737244428472316,
0.3625257281546897,
0.35217209065214117,
0.3792073460335427,
0.4053340516191848,
0.3717720901712458,
0.3409392282049707,
0.35726353399297023,
0.3738165389984212,
0.4021643000714322,
0.3778885089336558,
0.3543773153994946,
0.3515118037132507,
0.3575162152026562,
0.3556029149826537,
0.3792321333225737,
0.3430607471060246,
0.3300752836339017,
0.32969539723497754,
0.33093529812833095,
0.32957579100385626,
0.32538943404847004,
0.33311650854475955,
0.3370543978315719,
0.3198459782498948,
0.3472923604731864,
0.32937268754269217,
0.32125989680594585,
0.3072916307347886,
0.31438154616254443,
0.3264565848289652,
0.3139969161216249,
0.3373977484855246,
0.31761529217375084,
0.3146535399112296,
0.3063309814067597,
0.3255322689705707,
0.3221301512515291,
0.31163246073621387,
0.3192855912320157,
0.3035720777004323,
0.30928651259300555,
0.30208728351491565,
0.30550820079255614,
0.32161795839350277,
0.3009848309324143,
0.3026687648702175,
0.32183059986601487,
0.3063547668304849,
0.3242377068134064,
0.3118748519014805,
0.3215531605355283,
0.31664770778189316
],
"val_loss": [
1.531703233718872,
0.6781020164489746,
0.5254464745521545,
0.684613823890686,
0.6394426822662354,
0.5738657712936401,
0.3936649262905121,
0.3727097809314728,
0.43978625535964966,
0.4340713918209076,
0.44560423493385315,
0.3706039786338806,
0.4351569414138794,
0.4356589913368225,
0.39120984077453613,
0.40323108434677124,
0.4053993225097656,
0.32965701818466187,
0.28928354382514954,
0.3021683096885681,
0.29043903946876526,
0.30042764544487,
0.31608080863952637,
0.27057990431785583,
0.34739524126052856,
0.23367907106876373,
0.2735574543476105,
0.2771586775779724,
0.2862740457057953,
0.26876482367515564,
0.2518143653869629,
0.241293266415596,
0.24494792520999908,
0.2740727961063385,
0.2552841603755951,
0.25823894143104553,
0.23967903852462769,
0.2435910999774933,
0.21971097588539124,
0.24700579047203064,
0.2515675127506256,
0.23436586558818817,
0.22756078839302063,
0.22114452719688416,
0.23529919981956482,
0.22088155150413513,
0.2164279669523239,
0.22654667496681213,
0.22593390941619873,
0.21992386877536774,
0.22641998529434204,
0.23967885971069336,
0.2281234860420227,
0.2166614681482315,
0.23735560476779938,
0.26012545824050903,
0.2628888189792633,
0.23585429787635803,
0.22152160108089447,
0.22576625645160675,
0.2403438836336136,
0.22008784115314484,
0.21285392343997955,
0.21495020389556885,
0.2117617130279541,
0.20308898389339447,
0.20640507340431213,
0.2098345160484314,
0.22103331983089447,
0.21692708134651184,
0.20584209263324738,
0.20261545479297638,
0.19621841609477997,
0.20650902390480042,
0.215372696518898,
0.21042121946811676,
0.2129879891872406,
0.21104256808757782,
0.20549188554286957,
0.21162113547325134,
0.21361860632896423,
0.21471825242042542,
0.2125481218099594,
0.20767757296562195,
0.2055111527442932,
0.2068895399570465,
0.20876489579677582,
0.21059855818748474,
0.21260851621627808,
0.21070072054862976,
0.2107822448015213,
0.2111300379037857,
0.2117946892976761,
0.21170391142368317,
0.21126538515090942,
0.21094894409179688,
0.21044252812862396,
0.20978212356567383,
0.20938269793987274,
0.20928603410720825
]
}