{
"epoch": [
1,
2,
3,
4,
5,
6,
7,
8,
9,
10,
11,
12,
13,
14,
15,
16,
17,
18,
19,
20,
21,
22,
23,
24,
25,
26,
27,
28,
29,
30,
31,
32,
33,
34,
35,
36,
37,
38,
39,
40,
41,
42,
43,
44,
45,
46,
47,
48,
49,
50,
51,
52,
53,
54,
55,
56,
57,
58,
59,
60,
61,
62,
63,
64,
65,
66,
67,
68,
69,
70,
71,
72,
73,
74,
75,
76,
77,
78,
79,
80,
81,
82,
83,
84,
85,
86,
87,
88,
89,
90,
91,
92,
93,
94,
95,
96,
97,
98,
99,
100
],
"recon_loss": [
5.685699579563547,
1.19893793856844,
0.8536229057514921,
0.7290039037136321,
0.6497500576871507,
0.5747538126529531,
0.5241256584512427,
0.47246414740034876,
0.5415239238992651,
0.5569991786429223,
0.5015100228025559,
0.43620325149373806,
0.4657395152335471,
0.4432275726440105,
0.4321813849692649,
0.4398596572115066,
0.454116775000349,
0.4424685493428656,
0.389883206245747,
0.3643697075387265,
0.36374186708572065,
0.3565597730748197,
0.35264842243904765,
0.353156641442725,
0.3313435119517306,
0.37181305758496547,
0.32461442211841013,
0.34710859301242425,
0.3586683045042322,
0.36549713002874495,
0.32115724999853906,
0.30546991939240314,
0.33852586467215356,
0.3061024508577712,
0.3128506921707316,
0.3084262691913767,
0.2992055035651998,
0.2915257380363789,
0.2841382235922712,
0.2989725591020381,
0.31358434355005305,
0.3071572761586372,
0.27964352641968016,
0.2922499591999866,
0.28131944258162317,
0.2767245198817963,
0.2836738964344593,
0.29630164580142243,
0.28702619671821594,
0.27712104168344054,
0.3024915250691962,
0.3267853963882365,
0.2922958814083262,
0.26195446893255764,
0.27914078914104623,
0.2964934015527685,
0.324383185899004,
0.2987145629334957,
0.27308185240055655,
0.2676083204594064,
0.2719287574291229,
0.2693959671132108,
0.2918401947046848,
0.25599313416379565,
0.24487261188791154,
0.24600115767184724,
0.24685177904494265,
0.24566584191423782,
0.24350744073695324,
0.25367223265323235,
0.2591038054608284,
0.24237414179964267,
0.26896984970315974,
0.25047196923418247,
0.24196537124349715,
0.22743264316244327,
0.23360085043501347,
0.2450295388698578,
0.23285831479316063,
0.2570865439607742,
0.23852138379786877,
0.2363910491162158,
0.22860193474495666,
0.24775417751454293,
0.24393706943126434,
0.23291284479993454,
0.2403061180672747,
0.22429419832026704,
0.2297771617453149,
0.22241644624699938,
0.22568930463587983,
0.24171572638318894,
0.22107710863681548,
0.2227664146017521,
0.24193483591079712,
0.2264616996683973,
0.24434942641156784,
0.23197405071968727,
0.24163533017990438,
0.23671851830279572
],
"sspg_loss": [
0.0,
0.0,
0.0,
0.0,
0.0,
0.0,
0.0,
0.0,
0.0,
0.0,
0.0,
0.0,
0.0,
0.0,
0.0,
0.0,
0.0,
0.0,
0.0,
0.0,
0.0,
0.0,
0.0,
0.0,
0.0,
0.0,
0.0,
0.0,
0.0,
0.0,
0.0,
0.0,
0.0,
0.0,
0.0,
0.0,
0.0,
0.0,
0.0,
0.0,
0.0,
0.0,
0.0,
0.0,
0.0,
0.0,
0.0,
0.0,
0.0,
0.0,
0.0,
0.0,
0.0,
0.0,
0.0,
0.0,
0.0,
0.0,
0.0,
0.0,
0.0,
0.0,
0.0,
0.0,
0.0,
0.0,
0.0,
0.0,
0.0,
0.0,
0.0,
0.0,
0.0,
0.0,
0.0,
0.0,
0.0,
0.0,
0.0,
0.0,
0.0,
0.0,
0.0,
0.0,
0.0,
0.0,
0.0,
0.0,
0.0,
0.0,
0.0,
0.0,
0.0,
0.0,
0.0,
0.0,
0.0,
0.0,
0.0,
0.0
],
"di_loss": [
0.0,
0.0,
0.0,
0.0,
0.0,
0.0,
0.0,
0.0,
0.0,
0.0,
0.0,
0.0,
0.0,
0.0,
0.0,
0.0,
0.0,
0.0,
0.0,
0.0,
0.0,
0.0,
0.0,
0.0,
0.0,
0.0,
0.0,
0.0,
0.0,
0.0,
0.0,
0.0,
0.0,
0.0,
0.0,
0.0,
0.0,
0.0,
0.0,
0.0,
0.0,
0.0,
0.0,
0.0,
0.0,
0.0,
0.0,
0.0,
0.0,
0.0,
0.0,
0.0,
0.0,
0.0,
0.0,
0.0,
0.0,
0.0,
0.0,
0.0,
0.0,
0.0,
0.0,
0.0,
0.0,
0.0,
0.0,
0.0,
0.0,
0.0,
0.0,
0.0,
0.0,
0.0,
0.0,
0.0,
0.0,
0.0,
0.0,
0.0,
0.0,
0.0,
0.0,
0.0,
0.0,
0.0,
0.0,
0.0,
0.0,
0.0,
0.0,
0.0,
0.0,
0.0,
0.0,
0.0,
0.0,
0.0,
0.0,
0.0
],
"si_cv": [
0.044706761837005615,
0.007284150458872318,
0.0512198805809021,
0.08759672194719315,
0.14617414772510529,
0.2327987402677536,
0.29048094153404236,
0.3003454804420471,
0.24429580569267273,
0.2333434820175171,
0.19249776005744934,
0.15883466601371765,
0.1606738418340683,
0.16918693482875824,
0.1661280393600464,
0.16419045627117157,
0.17378045618534088,
0.18247613310813904,
0.18884754180908203,
0.1822935789823532,
0.17522744834423065,
0.18007060885429382,
0.1788647323846817,
0.1919492483139038,
0.2055518478155136,
0.200291246175766,
0.18315812945365906,
0.1824740767478943,
0.1943073719739914,
0.19742164015769958,
0.21043960750102997,
0.2256549745798111,
0.21473301947116852,
0.20031332969665527,
0.2005639374256134,
0.20384472608566284,
0.20240028202533722,
0.20486052334308624,
0.20923908054828644,
0.1991998851299286,
0.1855437159538269,
0.17849503457546234,
0.17861254513263702,
0.17810635268688202,
0.18243317306041718,
0.19103844463825226,
0.2004198282957077,
0.19867971539497375,
0.19800519943237305,
0.20297926664352417,
0.20674338936805725,
0.2057570368051529,
0.20645736157894135,
0.20535455644130707,
0.2039887011051178,
0.1989208608865738,
0.19345498085021973,
0.20038442313671112,
0.20847328007221222,
0.21043238043785095,
0.20856216549873352,
0.21156026422977448,
0.20876042544841766,
0.20030787587165833,
0.1990554928779602,
0.20155544579029083,
0.20700378715991974,
0.2117454558610916,
0.2151646912097931,
0.21861299872398376,
0.21721665561199188,
0.21349968016147614,
0.2095809429883957,
0.20761196315288544,
0.20556603372097015,
0.20568116009235382,
0.20598071813583374,
0.2052697390317917,
0.2035137265920639,
0.20159605145454407,
0.20009475946426392,
0.20048046112060547,
0.20268654823303223,
0.20464761555194855,
0.20579665899276733,
0.20630671083927155,
0.2065475583076477,
0.20693475008010864,
0.20669341087341309,
0.20593929290771484,
0.20522114634513855,
0.20475158095359802,
0.20435954630374908,
0.2041480988264084,
0.20396339893341064,
0.20379340648651123,
0.2036801427602768,
0.2036646604537964,
0.20365197956562042,
0.20362956821918488
],
"mi_cv": [
0.004188523627817631,
0.03812152519822121,
0.06921220570802689,
0.10081896930932999,
0.15159952640533447,
0.22955387830734253,
0.27743610739707947,
0.2837170362472534,
0.23049533367156982,
0.22235840559005737,
0.18849973380565643,
0.1621570885181427,
0.1684439778327942,
0.18052323162555695,
0.17837993800640106,
0.17718015611171722,
0.19178174436092377,
0.20679514110088348,
0.220074862241745,
0.21239474415779114,
0.20122310519218445,
0.20783445239067078,
0.20304037630558014,
0.21980206668376923,
0.23686228692531586,
0.22526685893535614,
0.19796840846538544,
0.19481362402439117,
0.20736368000507355,
0.2092907428741455,
0.22297336161136627,
0.2390264868736267,
0.22498291730880737,
0.20902854204177856,
0.20916366577148438,
0.21252980828285217,
0.21116557717323303,
0.214126318693161,
0.21920618414878845,
0.2074071317911148,
0.19206784665584564,
0.18361937999725342,
0.1820138692855835,
0.1784420758485794,
0.180801123380661,
0.18547533452510834,
0.1925569772720337,
0.19308413565158844,
0.19777153432369232,
0.20656637847423553,
0.20932213962078094,
0.20492073893547058,
0.2014712542295456,
0.19922618567943573,
0.1994004249572754,
0.1959414780139923,
0.1946931630373001,
0.2042289823293686,
0.21322917938232422,
0.21504540741443634,
0.21255238354206085,
0.21589170396327972,
0.21433879435062408,
0.20737911760807037,
0.20761342346668243,
0.21122890710830688,
0.21752746403217316,
0.223270446062088,
0.22801724076271057,
0.2331964522600174,
0.23274047672748566,
0.22933745384216309,
0.22566820681095123,
0.22398902475833893,
0.22217915952205658,
0.22275976836681366,
0.22344490885734558,
0.2229183167219162,
0.22094213962554932,
0.218581423163414,
0.21680095791816711,
0.21717314422130585,
0.21987657248973846,
0.22239559888839722,
0.22411152720451355,
0.22499869763851166,
0.22549860179424286,
0.22604183852672577,
0.22580763697624207,
0.2249584197998047,
0.22413834929466248,
0.2236025482416153,
0.22312407195568085,
0.22284924983978271,
0.22261762619018555,
0.22241055965423584,
0.22227847576141357,
0.22226785123348236,
0.222258523106575,
0.22223283350467682
]
}