{
  "sspg": {
    "rmse": 85.34967328094146,
    "mae": 82.22023446219308,
    "r2": -0.3521576884272737,
    "pearson_r": -0.7394852834827886,
    "pearson_p": 0.057486752406384165,
    "spearman_r": -0.6847124716486249,
    "spearman_p": 0.08966645319106825,
    "n": 7
  },
  "di": {
    "rmse": 1.0673603003868726,
    "mae": 0.7895557185014089,
    "r2": -0.45686067745044023,
    "pearson_r": 0.1244617775488324,
    "pearson_p": 0.8142713358257339,
    "spearman_r": 0.08571428571428573,
    "spearman_p": 0.8717434402332361,
    "n": 6
  }
}