{
"epoch": [
1,
2,
3,
4,
5,
6,
7,
8,
9,
10,
11,
12,
13,
14,
15,
16,
17,
18,
19,
20,
21,
22,
23,
24,
25,
26,
27,
28,
29,
30,
31,
32,
33,
34,
35,
36,
37,
38,
39,
40,
41,
42,
43,
44,
45,
46,
47,
48,
49,
50,
51,
52,
53,
54,
55,
56,
57,
58,
59,
60,
61,
62,
63,
64,
65,
66,
67,
68,
69,
70,
71,
72,
73,
74,
75,
76,
77,
78,
79,
80,
81,
82,
83,
84,
85,
86,
87,
88,
89,
90,
91,
92,
93,
94,
95,
96,
97,
98,
99,
100
],
"train_loss": [
75.13884867299902,
10.970033938341802,
6.649550343504046,
4.109425334647151,
2.4339093949535107,
1.4791232559940604,
1.1841161103531865,
5.069506839360341,
1.1065108132834482,
1.043836200591361,
0.6728169776425503,
0.7701345741158665,
0.7831425770084457,
0.6405110123133896,
0.6260113049261641,
0.5192440506255273,
0.41500903798802063,
0.5746334106615274,
0.45187699794769287,
0.45803009017859353,
0.4281677462086819,
0.4848465866381579,
0.5201511235520391,
0.47054197912168977,
0.5237748510766738,
0.5297261686018198,
0.47057329428077926,
0.5303156529322709,
0.4664165765637218,
0.6350171424374722,
0.7264549124358904,
0.4995673989305402,
1.1182940071172054,
0.518067493887231,
0.6136748330427868,
0.5177417745684633,
0.5089266323807216,
0.4732715393056964,
0.4134503361022118,
0.41687065112118676,
0.36386217781812835,
0.3623708232794658,
0.3853407077269979,
0.4116283363044852,
0.3533371952500674,
0.3925500600644858,
0.3937276412944983,
0.4050467067425794,
0.35741304820126824,
0.3864042623208301,
0.3817078084638803,
0.3654438829658055,
0.34121928091096404,
0.39854192055097903,
0.40247690707150074,
0.38518994013861857,
0.4358421091986175,
0.3849501111129723,
0.3409180989359865,
0.37065196465147604,
0.34092262003681445,
0.3242075260322873,
0.32457061923376407,
0.3451269668812799,
0.3323986114251732,
0.33735085772995904,
0.3192713710636196,
0.36201414067556364,
0.33435196717186727,
0.34419848364178496,
0.410563996227661,
0.4109484641858847,
0.5574548574957517,
0.5312943048406356,
0.40297052057662813,
0.5090118041723082,
0.3906160587131387,
0.34017428844281944,
0.3698413668587656,
0.33363758381640557,
0.31755528975241254,
0.3260315715676487,
0.3552389735042459,
0.3248000956407868,
0.32611587082985605,
0.35845446409565385,
0.4110361446838568,
0.458945362284632,
0.49490373530010184,
0.44745904000678866,
0.49296462476843655,
0.44918451450838903,
0.38262467632199276,
0.36869483684549237,
0.3812211300476943,
0.33783639539586435,
0.34548685780846244,
0.3723266475861616,
0.3842825750903328,
0.3713016518861941
],
"val_loss": [
1.0519134998321533,
0.9294136166572571,
0.8815739750862122,
0.7899816036224365,
0.7092198133468628,
0.57943195104599,
0.4796161651611328,
0.5631992220878601,
0.5258349180221558,
0.36414650082588196,
0.36133936047554016,
0.5145347714424133,
0.36614519357681274,
0.38707926869392395,
0.3003358840942383,
0.22991593182086945,
0.17155441641807556,
0.1871040165424347,
0.18812711536884308,
0.22624391317367554,
0.20335344970226288,
0.3277505338191986,
0.22943778336048126,
0.3702365458011627,
0.3030529022216797,
0.27292555570602417,
0.1736932396888733,
0.17495599389076233,
0.24899958074092865,
0.5979704856872559,
0.26882365345954895,
0.5727003216743469,
0.34637805819511414,
0.3903422951698303,
0.4420569837093353,
0.1857527643442154,
0.2325960248708725,
0.16518524289131165,
0.22523599863052368,
0.15086279809474945,
0.13527433574199677,
0.14838089048862457,
0.19068172574043274,
0.14406591653823853,
0.14774198830127716,
0.17201459407806396,
0.22131724655628204,
0.14772631227970123,
0.1442035734653473,
0.13799521327018738,
0.15189920365810394,
0.16037136316299438,
0.17130650579929352,
0.19350644946098328,
0.24748732149600983,
0.18255481123924255,
0.1529959738254547,
0.14458903670310974,
0.14944779872894287,
0.1414913386106491,
0.1363990753889084,
0.1293397843837738,
0.11531856656074524,
0.13268859684467316,
0.1486901342868805,
0.17487193644046783,
0.15168187022209167,
0.1142452135682106,
0.13744987547397614,
0.15642717480659485,
0.15963643789291382,
0.1355922669172287,
0.19975592195987701,
0.1447714865207672,
0.2458919733762741,
0.20318485796451569,
0.13945220410823822,
0.1250981092453003,
0.14440114796161652,
0.21893209218978882,
0.14569540321826935,
0.1554040163755417,
0.12232901155948639,
0.1457655429840088,
0.17306198179721832,
0.18321529030799866,
0.17349588871002197,
0.3130986988544464,
0.14302974939346313,
0.24824672937393188,
0.21472899615764618,
0.1536344289779663,
0.20261144638061523,
0.16549496352672577,
0.15723152458667755,
0.15477003157138824,
0.1739785522222519,
0.15450219810009003,
0.1760958433151245,
0.1544152945280075
]
}