{
  "n": 16,
  "pearson_r": 0.6714938477784141,
  "pearson_p": 0.00439393078119107,
  "spearman_r": 0.6029411764705882,
  "spearman_p": 0.013424125397891343,
  "r2": 0.2745557461177298,
  "rmse": 0.6175041589947021,
  "mae": 0.5375159993582509
}