{
  "sspg": {
    "n": 20,
    "pearson_r": 0.8219987641646416,
    "pearson_p": 8.754479062393173e-06,
    "spearman_r": 0.6962406015037594,
    "spearman_p": 0.0006499244054973399,
    "r2": 0.11840588170828603,
    "rmse": 74.94598458804846,
    "mae": 50.669089213129254
  },
  "di": {
    "n": 16,
    "pearson_r": 0.6714938477784141,
    "pearson_p": 0.00439393078119107,
    "spearman_r": 0.6029411764705882,
    "spearman_p": 0.013424125397891343,
    "r2": -0.2228054598093656,
    "rmse": 0.8017086123626146,
    "mae": 0.7317884094031877
  }
}