{
  "n": 16,
  "pearson_r": 0.6714938477784141,
  "pearson_p": 0.00439393078119107,
  "spearman_r": 0.6029411764705882,
  "spearman_p": 0.013424125397891343,
  "r2": -0.2228054598093656,
  "rmse": 0.8017086123626146,
  "mae": 0.7317884094031877
}