{
  "n": 20,
  "pearson_r": 0.8219987641646416,
  "pearson_p": 8.754479062393173e-06,
  "spearman_r": 0.6962406015037594,
  "spearman_p": 0.0006499244054973399,
  "r2": 0.11840588170828603,
  "rmse": 74.94598458804846,
  "mae": 50.669089213129254
}