{
  "sspg": {
    "n": 20,
    "pearson_r": 0.595231879098699,
    "pearson_p": 0.005627301304775917,
    "spearman_r": 0.6105263157894737,
    "spearman_p": 0.004248782651947039,
    "r2": 0.1149972879725284,
    "rmse": 75.09073031433793,
    "mae": 59.96451200341776,
    "true_std": 79.82042345164551,
    "pred_std": 15.698464339994576,
    "compression_ratio": 0.1966722758556219
  },
  "di": {
    "n": 16,
    "pearson_r": 0.6711856034891522,
    "pearson_p": 0.004418763391988586,
    "spearman_r": 0.6647058823529411,
    "spearman_p": 0.004967385937481996,
    "r2": 0.3230196184447517,
    "rmse": 0.5965212319412089,
    "mae": 0.4440929383581161,
    "true_std": 0.7249997627411936,
    "pred_std": 0.23810028196470104,
    "compression_ratio": 0.32841428949501156
  }
}