{
"epoch": [
1,
2,
3,
4,
5,
6,
7,
8,
9,
10,
11,
12,
13,
14,
15,
16,
17,
18,
19,
20,
21,
22,
23,
24,
25,
26,
27,
28,
29,
30,
31,
32,
33,
34,
35,
36,
37,
38,
39,
40,
41,
42,
43,
44,
45,
46,
47,
48,
49,
50,
51,
52,
53,
54,
55,
56,
57,
58,
59,
60,
61,
62,
63,
64,
65,
66,
67,
68,
69,
70,
71,
72,
73,
74,
75,
76,
77,
78,
79,
80,
81,
82,
83,
84,
85,
86,
87,
88,
89,
90,
91,
92,
93,
94,
95,
96,
97,
98,
99,
100
],
"train_loss": [
98.11101244935895,
47.34923576128365,
36.9963315076167,
35.80496601066967,
30.203755690319703,
29.308648062224435,
28.658734973114317,
23.58251431908938,
25.932244659650443,
27.530227859421533,
32.41788488331407,
26.826401587760095,
27.35668142243187,
27.12652852275584,
21.946698963051976,
28.989686644903504,
22.843606514505822,
22.79626230674215,
24.00691298683091,
22.783631919634225,
20.18664800058497,
22.422946306738524,
20.83954575510308,
21.339420318603516,
22.553040995456204,
20.452601059828655,
19.811809180986764,
21.644748045666383,
22.683802274194093,
15.317567617586343,
17.78014286909953,
20.905881702309788,
22.587894439697266,
16.252930329577758,
21.394229246838258,
20.01202689066972,
21.084263829901666,
20.133307050950457,
28.860447364278357,
23.320669476348574,
24.578023174021503,
20.057150925740157,
18.300790172992368,
19.5178804869699,
20.234217464333714,
16.658335194729343,
21.060981221718365,
17.998071019012148,
22.68664059072438,
19.01066863182748,
19.262696348794616,
20.927791888170905,
18.14870874716504,
16.23808677597801,
21.158841048136797,
22.757980497756808,
16.33475921177628,
19.24306067853871,
23.429030918838954,
19.85264767278539,
20.642048476946236,
17.41641135262971,
17.91301136205692,
17.30536383449441,
17.82707161478477,
15.646871453464621,
17.597652709130013,
19.23555866326436,
20.253591950577086,
17.965311900223835,
18.96727684700843,
20.333669794668065,
19.449896293111365,
21.566454556908937,
18.006260975752728,
16.372316620137433,
16.217281766457134,
16.55413027092962,
15.290872828795179,
20.472291172140896,
19.443618396721263,
22.158337281482055,
17.497834045108004,
17.807234688560563,
16.928643207738894,
17.45052158950579,
17.267592505653305,
15.161874733348885,
17.113876947081916,
14.440208024317675,
19.648963663837698,
17.307069646249904,
15.434581322245078,
14.756286422805031,
15.583781289582205,
14.810888663376913,
16.392028090977433,
13.939681709402858,
17.102039445744882,
14.440921065830949
],
"val_loss": [
2.668058156967163,
1.6450345516204834,
1.9356145858764648,
1.2940481901168823,
0.9840537309646606,
0.9208309650421143,
0.9298895597457886,
0.7902904152870178,
0.7500332593917847,
1.203292727470398,
1.074176549911499,
0.8163681030273438,
0.7423837780952454,
0.6771038174629211,
0.642937421798706,
0.5747413039207458,
0.6159291863441467,
0.6152602434158325,
0.6458189487457275,
0.6002234816551208,
0.628442108631134,
0.6670831441879272,
0.7097859978675842,
0.7066164016723633,
0.7198564410209656,
0.631959855556488,
0.6251118183135986,
0.6385807991027832,
0.629356861114502,
0.6021581292152405,
0.6412212252616882,
0.6458279490470886,
0.5696418881416321,
0.6419270038604736,
0.6211619973182678,
0.6451587080955505,
0.7644226551055908,
0.6606144905090332,
0.6548894047737122,
0.7768750190734863,
0.7542556524276733,
0.8670207858085632,
0.6634779572486877,
0.7352024912834167,
0.7399144768714905,
0.7276559472084045,
0.6827146410942078,
0.6988555788993835,
0.740918755531311,
0.7547038197517395,
0.7366212010383606,
0.7246095538139343,
0.7538672685623169,
0.7910141944885254,
0.7719952464103699,
0.7592459321022034,
0.7910508513450623,
0.7804447412490845,
0.7917235493659973,
0.8347684144973755,
0.7678502798080444,
0.7800045013427734,
0.7560958862304688,
0.7643337845802307,
0.8232481479644775,
0.8474718332290649,
0.8655781149864197,
0.913334846496582,
0.858269989490509,
0.8239229321479797,
0.877549946308136,
0.9330995678901672,
1.0391675233840942,
0.7319806218147278,
0.7153906226158142,
0.6876853704452515,
0.701627790927887,
0.7021687626838684,
0.6946850419044495,
0.6877346038818359,
0.6929615139961243,
0.7016732096672058,
0.710019052028656,
0.6977062225341797,
0.6867556571960449,
0.7351009249687195,
0.7749297022819519,
0.7586546540260315,
0.7571138143539429,
0.6752786040306091,
0.6639915108680725,
0.7410989999771118,
0.8032241463661194,
0.8252952098846436,
0.7191622853279114,
0.6805358529090881,
0.7897301316261292,
0.7897120118141174,
0.7583538293838501,
0.7128970623016357
]
}