{
  "sspg": {
    "rmse": 68.75714269514489,
    "mae": 49.09302096896701,
    "r2": -0.03675558530612966,
    "pearson_r": -0.24377854016713252,
    "pearson_p": 0.15192345495116633,
    "spearman_r": -0.3498797917257044,
    "spearman_p": 0.03645465931798754,
    "n": 36
  },
  "di": {
    "rmse": 0.8446345246434676,
    "mae": 0.7778781354427338,
    "r2": -0.9817597377482039,
    "pearson_r": 0.43663588493720196,
    "pearson_p": 0.15584308692900495,
    "spearman_r": 0.37219368415938836,
    "spearman_p": 0.2334950135905194,
    "n": 12
  }
}