{
"epoch": [
1,
2,
3,
4,
5,
6,
7,
8,
9,
10,
11,
12,
13,
14,
15,
16,
17,
18,
19,
20,
21,
22,
23,
24,
25,
26,
27,
28,
29,
30,
31,
32,
33,
34,
35,
36,
37,
38,
39,
40,
41,
42,
43,
44,
45,
46,
47,
48,
49,
50,
51,
52,
53,
54,
55,
56,
57,
58,
59,
60,
61,
62,
63,
64,
65,
66,
67,
68,
69,
70,
71,
72,
73,
74,
75,
76,
77,
78,
79,
80,
81,
82,
83,
84,
85,
86,
87,
88,
89,
90,
91,
92,
93,
94,
95,
96,
97,
98,
99,
100
],
"train_loss": [
14.356645974587268,
2.03749820754284,
1.3606461051880845,
1.1488180235614927,
1.0981019200302484,
1.1032389796624973,
1.1994363951870775,
1.1973179691419826,
1.1853272642676287,
1.184228767560223,
1.2130044041656134,
1.2502354073712205,
1.3272045878913459,
1.3131271168941587,
1.3210595001385907,
1.3353268593315064,
1.2986157860342913,
1.3273317429024403,
1.3175452656633273,
1.3178773264246664,
1.3505375770133312,
1.3298799719397478,
1.3060997367843867,
1.3033406039861244,
1.3482824808030616,
1.3915572344787477,
1.3792221808996725,
1.4243124056988814,
1.5352664857398806,
1.5487902859064537,
1.620042032144201,
1.6378380933145837,
1.6207105634719368,
1.5451373190391722,
1.556109086735042,
1.852593619053758,
1.9350975564145667,
1.470625717808881,
1.2357097216478483,
1.5492303559160607,
1.5568245555472187,
1.581980511898131,
1.5258587523708194,
1.4580206279679546,
1.4704457371253667,
1.480562660637803,
1.6255710312700646,
1.7734236754770354,
1.8768477702704,
1.91008605919485,
1.9500846693834921,
1.9504145336902048,
1.9254448732991858,
1.9347833113407527,
1.967273659593477,
1.9830419022267258,
2.123030540511364,
2.2127738205466683,
2.346774489860835,
2.3566959993107113,
2.4537401875173015,
2.311836918507974,
2.3061399797754962,
2.3710337004323643,
2.0848807650288257,
2.13279267183439,
2.1687022006417824,
2.2920760639070528,
2.369060520112045,
2.364611075619074,
2.528108632470679,
2.307748854629637,
2.6770883845532034,
2.459480674248042,
2.294031969205601,
2.5395432795126607,
2.4167568383254405,
2.3821756445516753,
2.4980974366345743,
2.3238705011803336,
2.2969794967981776,
2.453949712392852,
2.6474736806914563,
2.923484997486505,
3.3726958965691995,
3.660043339091023,
3.700539932476254,
3.939664900772215,
3.891531388590655,
4.054163771351491,
4.261003520545058,
4.204710014223114,
3.8086173402981496,
3.841944033705343,
3.8652620784879668,
4.095249421953216,
3.8782343714255987,
3.892000994344396,
4.387896417632816,
5.56741691574337
],
"val_loss": [
1.1765060424804688,
0.6685336232185364,
0.544313371181488,
0.4277524948120117,
0.4625173509120941,
0.45431873202323914,
0.4404185712337494,
0.4558078646659851,
0.4198834002017975,
0.364114910364151,
0.3470420241355896,
0.35525083541870117,
0.3420191705226898,
0.3357773721218109,
0.34275850653648376,
0.33783093094825745,
0.3379170000553131,
0.3915838599205017,
0.3426448702812195,
0.3229157626628876,
0.3734719753265381,
0.344989538192749,
0.34135156869888306,
0.3404906392097473,
0.33433476090431213,
0.326017826795578,
0.3475089371204376,
0.31407010555267334,
0.3069570064544678,
0.29932552576065063,
0.31718307733535767,
0.2970431447029114,
0.34344080090522766,
0.31113606691360474,
0.27786579728126526,
0.35004276037216187,
0.34144866466522217,
0.3617440462112427,
0.3593200147151947,
0.3514097034931183,
0.33305779099464417,
0.32826852798461914,
0.3551958501338959,
0.3570501506328583,
0.3983680009841919,
0.34747129678726196,
0.35777488350868225,
0.3491494059562683,
0.3038232624530792,
0.3232264816761017,
0.3055844306945801,
0.29442349076271057,
0.29547837376594543,
0.2785813510417938,
0.27888962626457214,
0.3236795961856842,
0.28783363103866577,
0.26473042368888855,
0.2787613868713379,
0.27126312255859375,
0.2635888457298279,
0.2590029239654541,
0.31500259041786194,
0.3029608428478241,
0.2596055269241333,
0.2695823907852173,
0.2245209515094757,
0.2625510096549988,
0.2775256037712097,
0.22979287803173065,
0.25704559683799744,
0.28398385643959045,
0.28570088744163513,
0.24208739399909973,
0.21336016058921814,
0.18921680748462677,
0.2113686203956604,
0.20750802755355835,
0.18194839358329773,
0.24221055209636688,
0.2442774921655655,
0.23178879916667938,
0.27712318301200867,
0.23182180523872375,
0.17359080910682678,
0.20198914408683777,
0.2202363759279251,
0.2140662521123886,
0.1689119189977646,
0.19884862005710602,
0.195529505610466,
0.17636410892009735,
0.22068923711776733,
0.18693703413009644,
0.12401116639375687,
0.199282705783844,
0.2156963348388672,
0.16715583205223083,
0.1948544830083847,
0.1788082867860794
]
}