{
  "sspg": {
    "rmse": 68.94834014348235,
    "mae": 49.2561461130778,
    "r2": -0.04252954923978636,
    "pearson_r": -0.19976050696433492,
    "pearson_p": 0.2427734419128766,
    "spearman_r": -0.1366832754048176,
    "spearman_p": 0.42667282018174735,
    "n": 36
  },
  "di": {
    "rmse": 0.8501350781925805,
    "mae": 0.7749771873156229,
    "r2": -1.007655601720606,
    "pearson_r": 0.5001678460299996,
    "pearson_p": 0.09772397842933982,
    "spearman_r": 0.46882089062384497,
    "spearman_p": 0.12419068801206361,
    "n": 12
  }
}