{
"epoch": [
1,
2,
3,
4,
5,
6,
7,
8,
9,
10,
11,
12,
13,
14,
15,
16,
17,
18,
19,
20,
21,
22,
23,
24,
25,
26,
27,
28,
29,
30,
31,
32,
33,
34,
35,
36,
37,
38,
39,
40,
41,
42,
43,
44,
45,
46,
47,
48,
49,
50,
51,
52,
53,
54,
55,
56,
57,
58,
59,
60,
61,
62,
63,
64,
65,
66,
67,
68,
69,
70,
71,
72,
73,
74,
75,
76,
77,
78,
79,
80,
81,
82,
83,
84,
85,
86,
87,
88,
89,
90,
91,
92,
93,
94,
95,
96,
97,
98,
99,
100
],
"train_loss": [
14.238165057550265,
1.9119258950075766,
1.2437240457910252,
1.0256038800937923,
0.9866144835479617,
0.957333956177779,
1.0390563471110787,
1.0497985881144607,
1.041899284978551,
1.068149904566487,
1.0635036464751235,
1.103204092641515,
1.1871731487784798,
1.2009702076123456,
1.2017185960228987,
1.2353400771073468,
1.1997306919473363,
1.2105832024822085,
1.2277947213706069,
1.2469136001556878,
1.2609264156011146,
1.3107696668369564,
1.216232195613891,
1.2370086579810915,
1.2515626075699573,
1.2635758946261069,
1.240148063719742,
1.2496467171691534,
1.29037142644717,
1.328867335957805,
1.450306374257005,
1.4796769008861752,
1.4842541912409264,
1.5494845486062718,
1.5388419534277729,
1.5649005878628708,
1.6168130345231906,
1.5885124619551532,
1.6940263519136924,
1.7650752367935783,
1.8238914773220152,
2.1198739141929805,
2.2949955256905143,
2.4035124422058347,
2.5565931909666286,
2.50499215839416,
2.7774075973690966,
2.8681941802107445,
3.056658855573399,
3.0186979958391564,
3.2132893960306963,
3.249583364471676,
3.550368055583924,
3.7034067225268505,
3.961884494841568,
4.295978763910729,
4.76341784845187,
5.271347924480288,
5.831815370424526,
6.174094406638559,
6.537220695826012,
6.9762061975133705,
7.126028120987058,
7.656305666044941,
7.710172101268618,
8.266308484115,
8.734427512161375,
9.114404851057397,
9.868748011551505,
9.85273741173932,
10.861109380646953,
11.495970786087156,
11.805816785557063,
12.630258687837856,
12.462412961824672,
13.79170632550097,
14.362664988660438,
15.373200889647476,
16.264755444263848,
17.099868939617487,
17.82666626877672,
19.251868195421114,
20.79846116313784,
21.752083981131005,
23.14511063342958,
24.19465096541277,
25.537572905773253,
27.42300776984748,
29.04315473901944,
30.28641766825999,
31.798034878227654,
33.49784454585999,
34.92132544329786,
35.88035205030066,
36.38088238333154,
36.505696784792924,
37.70868241317629,
39.40024446502445,
41.3730321268397,
42.90509237454632
],
"val_loss": [
1.198710560798645,
0.6773553490638733,
0.5228644609451294,
0.43495818972587585,
0.4261820614337921,
0.40308207273483276,
0.4610805809497833,
0.44154804944992065,
0.37340909242630005,
0.36936140060424805,
0.36697399616241455,
0.36810213327407837,
0.3574233651161194,
0.3388368487358093,
0.33098462224006653,
0.32453587651252747,
0.3633279502391815,
0.39918291568756104,
0.3671060800552368,
0.3384021818637848,
0.3370392322540283,
0.36091312766075134,
0.3600292205810547,
0.3289949595928192,
0.34255850315093994,
0.33191534876823425,
0.3138870894908905,
0.3288045823574066,
0.31362012028694153,
0.30083346366882324,
0.4357762634754181,
0.3147188723087311,
0.35880807042121887,
0.3010410964488983,
0.2993723452091217,
0.3112742006778717,
0.3078593313694,
0.30476871132850647,
0.3639861047267914,
0.33806872367858887,
0.2774626612663269,
0.27452102303504944,
0.33420178294181824,
0.3543744683265686,
0.29526853561401367,
0.28698983788490295,
0.664884626865387,
0.38697168231010437,
0.3534861207008362,
0.3205743432044983,
0.31382304430007935,
0.30128079652786255,
0.25708216428756714,
0.23359963297843933,
0.22448797523975372,
0.19599522650241852,
0.16742032766342163,
0.1849282681941986,
0.17387907207012177,
0.2565053701400757,
0.1950225830078125,
0.2609402537345886,
0.20743127167224884,
0.188012957572937,
0.19452211260795593,
0.19796420633792877,
0.1813591718673706,
0.20856896042823792,
0.21479199826717377,
0.22817710041999817,
0.21957162022590637,
0.1711479276418686,
0.20127980411052704,
0.2264823466539383,
0.2280932366847992,
0.25277289748191833,
0.17917655408382416,
0.15225531160831451,
0.19335879385471344,
0.23684248328208923,
0.18067888915538788,
0.17584338784217834,
0.26763439178466797,
0.22040300071239471,
0.24421802163124084,
0.2463911473751068,
0.2369019091129303,
0.1835755556821823,
0.24098293483257294,
0.17598897218704224,
0.16332387924194336,
0.1895095705986023,
0.2501251995563507,
0.1967804729938507,
0.1715288907289505,
0.15766826272010803,
0.18787895143032074,
0.17900609970092773,
0.19447888433933258,
0.18586763739585876
]
}