feature,icc
G_0,0.5470610545814429
G_60,0.42348265816735414
G_120,0.6900280845463654
G_180,0.4684863661271248
G_Peak,0.5507916870944578
CurveSize,0.3621289073573232
AUC,0.5749066312289933
pAUC,0.3502889325000319
nAUC,0.23801368102236323
iAUC,0.32588039571489347
CV,0.20886007112804864
T_baseline2peak,0.09112727773356631
S_baseline2peak,0.10556388447693793
S_peak2end,0.2312451390888761
