model,icc_sspg_pred,icc_di_pred
GV_26D_Exp8,0.13886769729826393,0.12833080649816783
GV_10D_head_v20,-0.201290792245647,-0.25823653333896646
Healey_with_FI,0.7199643854301904,
Healey_CGM_only,0.04056311367277727,
