{
  "latent_icc_10d_mean": -0.0675839793908424,
  "latent_icc_16d_mean": -0.3115338939752682,
  "metwally_feature_icc_mean": 0.36913319791198423
}