{
  "sspg": {
    "rmse": 123.57037527534168,
    "mae": 86.63855870564778,
    "r2": -0.966921395907189,
    "pearson_r": -0.1775965239476921,
    "pearson_p": 0.7364059579084692,
    "spearman_r": -0.14285714285714288,
    "spearman_p": 0.7871720116618075,
    "n": 6
  },
  "di": {
    "rmse": 21.538273960135278,
    "mae": 19.06288719177246,
    "r2": -1144.9493585305854,
    "pearson_r": -0.24854607022736563,
    "pearson_p": 0.6868304067756337,
    "spearman_r": 0.3,
    "spearman_p": 0.6238376647810728,
    "n": 5
  }
}