{
"epoch": [
1,
2,
3,
4,
5,
6,
7,
8,
9,
10,
11,
12,
13,
14,
15,
16,
17,
18,
19,
20,
21,
22,
23,
24,
25,
26,
27,
28,
29,
30,
31,
32,
33,
34,
35,
36,
37,
38,
39,
40,
41,
42,
43,
44,
45,
46,
47,
48,
49,
50,
51,
52,
53,
54,
55,
56,
57,
58,
59,
60,
61,
62,
63,
64,
65,
66,
67,
68,
69,
70,
71,
72,
73,
74,
75,
76,
77,
78,
79,
80,
81,
82,
83,
84,
85,
86,
87,
88,
89,
90,
91,
92,
93,
94,
95,
96,
97,
98,
99,
100
],
"train_loss": [
6.255919991153301,
1.2699891275698596,
0.8495354501917811,
0.6450737065607959,
0.5905378006472446,
0.5705494030867473,
0.44032593764881095,
0.48695161909160045,
0.42964463363779654,
0.4256361336401193,
0.4323550226664779,
0.3756374033665893,
0.34470817269665177,
0.3545412191069952,
0.3809926185277429,
0.38607894990703845,
0.35754836697389586,
0.3518864359005843,
0.3544026412586174,
0.3408782772793628,
0.3626040170098295,
0.34091161619318594,
0.34218910602059693,
0.36437907755965054,
0.3524114156123435,
0.33140592350818143,
0.3404817575275308,
0.34292796932824765,
0.36540804759110557,
0.3409148215657414,
0.33328150345547364,
0.34067883320374065,
0.38362000897379206,
0.3723666272541084,
0.34848517297518133,
0.37415916524311105,
0.338933270756561,
0.3972842938239031,
0.43373821188907813,
0.43360611914408087,
0.6808360564236594,
0.5908492144086573,
0.41283732829707687,
0.37963497048557393,
0.36532459312146254,
0.3427898700874631,
0.34122929183563383,
0.3586725905390069,
0.39472872726988084,
0.4254236705232375,
0.37456095661267197,
0.34271018930000835,
0.3749784291675775,
0.34098998449816564,
0.3601044248236288,
0.4023288358556162,
0.35626851538620374,
0.4381259809626211,
0.40891746011110813,
0.37658328585105366,
0.4727883288765898,
0.3753615558737575,
0.38034927520421474,
0.3639140551043029,
0.3750067474228321,
0.3775364986740717,
0.35401182127471015,
0.34533811736815045,
0.36846618959219146,
0.3813561038805707,
0.39731055616152167,
0.38509211917914965,
0.36672181599210985,
0.357480785044113,
0.37064130146904745,
0.36222696776437285,
0.3618067576743589,
0.3483326550167386,
0.3441135192861651,
0.3566618154544641,
0.340624992800231,
0.3689449751141048,
1.28439993433433,
0.6805242214462545,
0.484318470600808,
0.44137941522173363,
0.4550101317391537,
0.4177181030263995,
0.3890529764760839,
0.3803999477093763,
0.3799239140335876,
0.37131183985436317,
0.3628821063159716,
0.40291181147688687,
0.38617595764670043,
0.4166471049337104,
0.39636718105561664,
0.3798200488090515,
0.37702122979825087,
0.398166824685465
],
"val_loss": [
1.283400297164917,
0.8082759380340576,
0.7167235612869263,
0.6958249807357788,
0.6042861342430115,
0.6255717277526855,
0.7947230935096741,
0.8052151203155518,
0.5837178230285645,
0.7704717516899109,
0.5486552715301514,
0.5839405059814453,
0.5180490612983704,
0.5978137254714966,
0.49953141808509827,
0.5625882744789124,
0.48997166752815247,
0.5242570638656616,
0.48587509989738464,
0.4807465076446533,
0.5431225895881653,
0.48621422052383423,
0.520309329032898,
0.47340574860572815,
0.47585010528564453,
0.5209091901779175,
0.4928254783153534,
0.5366823673248291,
0.46410295367240906,
0.47272607684135437,
0.4467363655567169,
0.5224509239196777,
0.6496409177780151,
0.4566226303577423,
0.49395155906677246,
0.4628775119781494,
0.4962012767791748,
0.6457942128181458,
0.6404768824577332,
0.5769452452659607,
0.5505107045173645,
0.6058815121650696,
0.522849440574646,
0.5397710800170898,
0.4766814410686493,
0.5003265738487244,
0.5015829801559448,
0.5291638970375061,
0.4726628065109253,
0.5038024187088013,
0.5741629600524902,
0.49611207842826843,
0.5480490922927856,
0.4826020300388336,
0.4808112680912018,
0.4871408939361572,
0.48098859190940857,
0.41995587944984436,
0.44769662618637085,
0.5259005427360535,
0.42419201135635376,
0.4506215751171112,
0.4364750385284424,
0.4165503978729248,
0.37666523456573486,
0.4259522259235382,
0.40285512804985046,
0.3888702094554901,
0.44561490416526794,
0.5555120706558228,
0.38838690519332886,
0.44057682156562805,
0.4295312464237213,
0.4110424816608429,
0.4124862253665924,
0.39712920784950256,
0.3688682019710541,
0.36841824650764465,
0.33394527435302734,
0.34160661697387695,
0.3389075696468353,
0.9770060777664185,
1.0375115871429443,
0.5922855138778687,
0.5459007024765015,
0.5699014067649841,
0.5274795889854431,
0.4807465076446533,
0.53151535987854,
0.48159337043762207,
0.4837355315685272,
0.5107690095901489,
0.4954328238964081,
0.49053895473480225,
0.5050310492515564,
0.5387943387031555,
0.456417977809906,
0.49283429980278015,
0.5274006128311157,
0.4934002757072449
]
}