{
"epoch": [
1,
2,
3,
4,
5,
6,
7,
8,
9,
10,
11,
12,
13,
14,
15,
16,
17,
18,
19,
20,
21,
22,
23,
24,
25,
26,
27,
28,
29,
30,
31,
32,
33,
34,
35,
36,
37,
38,
39,
40,
41,
42,
43,
44,
45,
46,
47,
48,
49,
50,
51,
52,
53,
54,
55,
56,
57,
58,
59,
60,
61,
62,
63,
64,
65,
66,
67,
68,
69,
70,
71,
72,
73,
74,
75,
76,
77,
78,
79,
80,
81,
82,
83,
84,
85,
86,
87,
88,
89,
90,
91,
92,
93,
94,
95,
96,
97,
98,
99,
100
],
"train_loss": [
9222.041569171566,
4392.989431853342,
3906.176462909963,
3507.4409228032177,
3075.498964215269,
3460.647809019183,
3422.6467841120048,
2756.7885645498145,
2791.3031465133818,
2784.123315187964,
2359.1127071569463,
2387.487469059406,
2248.5162142007657,
2377.580153059251,
2801.506464287786,
2776.546933013614,
2384.5519548170637,
2290.6373859065593,
2689.449276763614,
2856.6674611308786,
2674.1391988319924,
2475.00658575379,
2248.9862664855355,
2444.878094059406,
2491.7283415841584,
2352.750287046527,
2050.232502852336,
2357.874535891089,
2088.187009301516,
1870.233752562268,
2157.8793606899753,
2417.1159208694307,
2825.929958230198,
2104.5649244856127,
1964.9521436030323,
1974.221713679852,
2494.2706673499383,
2263.8637441502938,
2927.2600943688117,
3310.1430301477412,
1993.545303797958,
2807.0977722772277,
2016.6731083936031,
2633.4941067837253,
1956.2417288298655,
2581.448803590076,
3007.1376904780323,
2765.1022184768526,
2947.4070235148515,
2820.7719629873145,
2658.8482756661897,
2487.664543529548,
2160.9878896581063,
1953.381483021349,
2373.3661456721843,
2828.1505139039295,
1995.1238288501702,
1918.6187321124692,
2570.8261041924507,
2042.8288127030476,
2416.6583771658416,
2107.7266350170175,
2311.630769937345,
2136.108286036123,
2008.395372447401,
1946.3144422474475,
2465.35350776899,
2368.6536405959932,
2341.6162109375,
2060.0386878287436,
1759.6980330967667,
2052.473824982596,
2667.507996209777,
2206.0635684173885,
2156.2484892288057,
2056.157545637376,
2223.197374400526,
1816.3625814607828,
2011.349661345529,
2750.794003326114,
2054.601291769802,
2579.556959699876,
2222.8153740911202,
2445.378016707921,
2178.273387946705,
2062.932822048074,
2044.3992499927483,
2443.0296546256186,
2191.667598913212,
1978.4585849270961,
2140.669552038212,
2638.3897209545175,
2389.8522423470376,
1806.5003142404084,
1700.1282971070545,
1680.9517435508199,
1937.5488885558477,
1834.251987268429,
2335.9202095258356,
1999.4895224996133
],
"val_loss": [
2.046525001525879,
2.6667823791503906,
4.174654483795166,
4.32357120513916,
4.205388069152832,
3.402439832687378,
1.6420036554336548,
1.7975305318832397,
1.6284693479537964,
2.0583019256591797,
2.3701171875,
2.371061086654663,
2.178065299987793,
2.2557358741760254,
2.200448513031006,
2.230642557144165,
1.5683082342147827,
1.8417023420333862,
2.1355702877044678,
2.6034798622131348,
2.5097155570983887,
2.1041457653045654,
1.8573462963104248,
1.8523261547088623,
2.1661736965179443,
2.7351341247558594,
2.6829590797424316,
2.197986364364624,
1.7662209272384644,
1.4832825660705566,
1.5051220655441284,
1.697348952293396,
1.6398837566375732,
1.574593424797058,
1.4546295404434204,
1.9929792881011963,
2.4178593158721924,
2.514586925506592,
2.7698352336883545,
3.534712553024292,
2.722397804260254,
2.8991811275482178,
2.9219040870666504,
2.9079205989837646,
3.037540912628174,
3.8243496417999268,
4.248191833496094,
4.31355619430542,
4.3535542488098145,
3.447701930999756,
3.1386666297912598,
2.9236176013946533,
2.870177984237671,
4.216030597686768,
3.936905860900879,
3.995976209640503,
4.462527751922607,
4.6199212074279785,
4.361525058746338,
4.476033687591553,
4.285710334777832,
4.1387248039245605,
4.001337051391602,
3.94960880279541,
3.875047445297241,
3.938960313796997,
3.233238458633423,
4.722443580627441,
3.336371898651123,
2.8768529891967773,
2.3519113063812256,
2.898017644882202,
2.860610008239746,
3.160104990005493,
3.364039421081543,
3.160443067550659,
2.7437543869018555,
3.023773193359375,
2.7518393993377686,
2.730416774749756,
3.3048439025878906,
3.152585983276367,
2.712644577026367,
3.1001510620117188,
4.204498291015625,
4.094916820526123,
2.821397542953491,
9.127808570861816,
3.7641801834106445,
2.687577486038208,
4.809437274932861,
3.0201518535614014,
2.119920492172241,
2.469761371612549,
2.7490570545196533,
1.9565485715866089,
2.2169864177703857,
2.1667165756225586,
1.720824956893921,
1.6935629844665527
]
}