{
  "n": 16,
  "pearson_r": 0.6548430548308488,
  "pearson_p": 0.005905819569526544,
  "spearman_r": 0.6029411764705882,
  "spearman_p": 0.013424125397891343,
  "r2": -0.09304066650367515,
  "rmse": 0.7579769945700504,
  "mae": 0.6810814592705063
}