{
  "n": 20,
  "pearson_r": 0.7496869663669145,
  "pearson_p": 0.00014149627779800055,
  "spearman_r": 0.6285714285714286,
  "spearman_p": 0.002993820807181269,
  "r2": 0.22340266147950316,
  "rmse": 70.34155687014356,
  "mae": 47.26177682876586
}