{
  "sspg": {
    "n": 20,
    "pearson_r": 0.7496869663669143,
    "pearson_p": 0.0001414962777980015,
    "spearman_r": 0.6285714285714286,
    "spearman_p": 0.002993820807181269,
    "r2": 0.3347957026057573,
    "rmse": 65.10158323718355,
    "mae": 45.84872258303431
  },
  "di": {
    "n": 16,
    "pearson_r": 0.6548430548308486,
    "pearson_p": 0.005905819569526564,
    "spearman_r": 0.6029411764705882,
    "spearman_p": 0.013424125397891343,
    "r2": -0.10727682131312699,
    "rmse": 0.7628971085746544,
    "mae": 0.6957644738735584
  }
}