{
  "n": 16,
  "pearson_r": 0.6548430548308486,
  "pearson_p": 0.005905819569526564,
  "spearman_r": 0.6029411764705882,
  "spearman_p": 0.013424125397891343,
  "r2": -0.10727682131312699,
  "rmse": 0.7628971085746544,
  "mae": 0.6957644738735584
}