{
  "sspg": {
    "rmse": 89.04297743112951,
    "mae": 84.14019362131755,
    "r2": -0.7387617969796068,
    "pearson_r": 0.05397767609512223,
    "pearson_p": 0.7545357349815398,
    "spearman_r": -0.2724009877045548,
    "spearman_p": 0.10799156630833522,
    "n": 36
  },
  "di": {
    "rmse": 43.65827618502921,
    "mae": 42.7838121453921,
    "r2": -5293.76281300058,
    "pearson_r": 0.5332677573126476,
    "pearson_p": 0.07419483750953354,
    "spearman_r": 0.5869208096359586,
    "spearman_p": 0.04483237544843467,
    "n": 12
  }
}