{
"epoch": [
1,
2,
3,
4,
5,
6,
7,
8,
9,
10,
11,
12,
13,
14,
15,
16,
17,
18,
19,
20,
21,
22,
23,
24,
25,
26,
27,
28,
29,
30,
31,
32,
33,
34,
35,
36,
37,
38,
39,
40,
41,
42,
43,
44,
45,
46,
47,
48,
49,
50,
51,
52,
53,
54,
55,
56,
57,
58,
59,
60,
61,
62,
63,
64,
65,
66,
67,
68,
69,
70,
71,
72,
73,
74,
75,
76,
77,
78,
79,
80,
81,
82,
83,
84,
85,
86,
87,
88,
89,
90,
91,
92,
93,
94,
95,
96,
97,
98,
99,
100
],
"train_loss": [
985.9119373231422,
642.5617738258181,
574.8873634638749,
497.28691353384903,
452.90798085130103,
439.5113544614296,
402.12744236743356,
403.82020220418616,
374.96422186423473,
395.23899661086676,
408.0552973709707,
420.7063327098456,
379.47127911425014,
400.5793096587414,
358.94149852362204,
353.5557623435193,
344.92638607475703,
365.07128918264794,
354.5868801807794,
352.57979649821607,
365.34425990788014,
349.0263335460753,
351.000334311658,
340.15238219734255,
350.6802026943898,
343.58651781457615,
356.57540749377154,
405.6137306033157,
375.07064194566624,
343.58976685531496,
359.11412180502583,
347.2206764521561,
335.3635587917538,
365.4887829878199,
329.3994428980069,
334.51381581223853,
343.6956988957923,
326.45406287486156,
328.7043894369771,
318.04199386957123,
325.59352243979146,
333.7196508692944,
339.9637609767163,
341.93802072119524,
356.55422745351717,
335.16373978261873,
339.88948791984495,
337.88766815906433,
339.2284360870602,
344.32946200633614,
346.4197102944682,
347.9729491706908,
342.6555232250784,
334.3854076956201,
331.31923525352175,
331.40156501109203,
331.7913791926827,
386.7287172332523,
303.36197115680363,
373.18697495347874,
346.8303450937346,
330.71847558209276,
335.5801451675535,
322.79938224732405,
353.4586075910433,
317.8918142243633,
311.4844151294138,
329.0321732168123,
325.9736039769931,
323.79445522038014,
324.1018614280881,
321.43022984782544,
333.3051464651513,
336.4143717608114,
331.3265203040416,
333.53873930202695,
324.0166722094919,
281.3918094184455,
272.1869510440376,
275.95206457423416,
277.4644770584707,
274.66381211168186,
276.17823947696235,
268.0420568270946,
270.51079024667814,
266.74238105834,
265.0233048566683,
268.93637349286416,
268.2983996774268,
268.1701215608852,
292.4814712644562,
283.5973811112051,
294.2741048016886,
291.3536617249016,
281.207963838352,
281.53542225755103,
270.9315139890656,
271.4190234086645,
280.0562449778159,
266.96238119771164
],
"val_loss": [
4.736085891723633,
3.1641457080841064,
2.613560199737549,
3.4157509803771973,
1.9654682874679565,
1.7988559007644653,
1.5709360837936401,
1.6212668418884277,
1.1677027940750122,
1.112748384475708,
1.0906226634979248,
1.525315761566162,
1.581386685371399,
1.1276686191558838,
0.9687773585319519,
0.9522436261177063,
1.1192841529846191,
1.23941969871521,
1.4268321990966797,
1.6016205549240112,
0.9748237133026123,
0.8668950200080872,
0.8633313775062561,
0.9056242108345032,
0.8084368705749512,
0.7352339625358582,
0.8324926495552063,
0.9543657302856445,
0.769174337387085,
0.8330714702606201,
0.7186282277107239,
1.0309797525405884,
0.7970221638679504,
0.7113576531410217,
1.000617265701294,
0.8533168435096741,
0.9368663430213928,
0.9584881663322449,
0.814777672290802,
0.8487439751625061,
0.8761900067329407,
0.8662869334220886,
0.8723405599594116,
0.6770354509353638,
0.6353600025177002,
0.5860580205917358,
0.6069963574409485,
0.624147891998291,
0.8503687977790833,
0.7591794729232788,
0.760089099407196,
0.8065396547317505,
0.7205618023872375,
0.7053221464157104,
0.6505065560340881,
0.5998865962028503,
0.6124471426010132,
0.5867006778717041,
0.6727448105812073,
0.6282661557197571,
0.8018137216567993,
0.745655357837677,
0.8157519698143005,
0.8968084454536438,
0.9675356149673462,
1.0456910133361816,
0.9504354596138,
1.141694188117981,
1.3579295873641968,
1.0521504878997803,
0.7849321365356445,
0.7078679203987122,
0.795310378074646,
0.8043808341026306,
0.8205345273017883,
0.8093835711479187,
0.8866912722587585,
0.9118059277534485,
1.0762609243392944,
0.8172990083694458,
0.7976415157318115,
0.7619070410728455,
0.7423686981201172,
0.7118415832519531,
0.6732297539710999,
0.6525216102600098,
0.767844557762146,
0.7565247416496277,
0.677517294883728,
0.6615030765533447,
0.5385542511940002,
0.5277948379516602,
0.7983693480491638,
0.701894223690033,
0.6402325630187988,
0.7034578323364258,
0.7695305347442627,
0.6296613812446594,
0.6565300226211548,
0.8155918121337891
]
}