{
  "sspg": {
    "rmse": 108.82167155041287,
    "mae": 93.12284197126117,
    "r2": -0.5837895663830006,
    "pearson_r": 0.5205655232375674,
    "pearson_p": 0.23096380819182102,
    "spearman_r": 0.7857142857142859,
    "spearman_p": 0.03623846267982714,
    "n": 7
  },
  "di": {
    "rmse": 1.0654630213635916,
    "mae": 0.9606578946113586,
    "r2": -1.4430067697855646,
    "pearson_r": 0.6466394347019134,
    "pearson_p": 0.11652452006967777,
    "spearman_r": 0.5714285714285715,
    "spearman_p": 0.1802019889115274,
    "n": 7
  }
}