{
"epoch": [
1,
2,
3,
4,
5,
6,
7,
8,
9,
10,
11,
12,
13,
14,
15,
16,
17,
18,
19,
20,
21,
22,
23,
24,
25,
26,
27,
28,
29,
30,
31,
32,
33,
34,
35,
36,
37,
38,
39,
40,
41,
42,
43,
44,
45,
46,
47,
48,
49,
50
],
"train_loss": [
113.9674087128082,
43.8241619258732,
34.97330509532582,
27.783819421545253,
21.58003841746937,
16.04440877344701,
12.119758383020178,
8.518192155020577,
6.029957690796294,
3.9690291633853665,
2.49841866555152,
1.3792115039639659,
0.9971324561478255,
0.915121963271847,
1.0283727955508541,
1.0442563403736462,
1.1437756999746544,
0.9266308143541411,
1.0096798097932493,
0.813538050496733,
1.2801892060738105,
1.1175688334873743,
0.6769212484359741,
0.7098273735541802,
0.5228622470583234,
0.5767417159173396,
0.5584860482773224,
0.8138067122403677,
0.6350275030383816,
0.5155780408289525,
0.5192008304905582,
0.41100538744554893,
0.6891177211488996,
0.8007546338168058,
0.34765773198821326,
0.34138291454934455,
0.33772083458962376,
0.41236208321212175,
0.5915893803943287,
0.5253593232724574,
0.3074981632170739,
0.4396227110515941,
0.44561272395121587,
0.40083129839463666,
0.3128540005002703,
0.39890895261392967,
0.40818030880643175,
0.560961629663195,
0.28332792164443377,
0.4813057633189412
],
"val_loss": [
1.176294207572937,
0.5683587789535522,
0.7018652558326721,
0.8687576651573181,
0.38415560126304626,
0.41555848717689514,
0.40607690811157227,
0.32667115330696106,
0.3277919292449951,
0.37960630655288696,
0.5385940670967102,
0.5428891181945801,
0.4929630756378174,
0.5532143712043762,
0.5586122870445251,
0.9018703699111938,
0.9433079361915588,
1.0704212188720703,
0.80726557970047,
0.7443508505821228,
4.386961460113525,
0.7872771620750427,
0.6073689460754395,
0.6739751696586609,
0.7841038703918457,
0.7143168449401855,
1.0411781072616577,
0.9348666071891785,
0.9993112683296204,
1.1025500297546387,
0.6100831627845764,
0.47534236311912537,
1.0037596225738525,
0.49881741404533386,
0.5535691976547241,
0.6701114177703857,
0.6375517845153809,
0.6900464296340942,
0.8238060474395752,
0.6714478731155396,
0.9319990873336792,
0.9998780488967896,
1.0007187128067017,
0.9694652557373047,
0.7863821983337402,
0.6425201892852783,
0.663759708404541,
0.5470536947250366,
0.5889216661453247,
0.9423695802688599
]
}