{
"epoch": [
1,
2,
3,
4,
5,
6,
7,
8,
9,
10,
11,
12,
13,
14,
15,
16,
17,
18,
19,
20,
21,
22,
23,
24,
25,
26,
27,
28,
29,
30,
31,
32,
33,
34,
35,
36,
37,
38,
39,
40,
41,
42,
43,
44,
45,
46,
47,
48,
49,
50
],
"recon_loss": [
0.6729058754908575,
1.035114395153987,
0.8442590995268389,
0.7807956554672935,
0.8123127903257098,
0.5349768152484646,
0.7145785650649628,
0.6610023077432211,
0.7053339829692593,
0.8427774511374436,
0.5925355932929299,
0.5720787969502535,
0.5881745900426593,
0.5302344363231164,
0.6583064422978984,
0.7352743729368433,
0.9472860841007976,
0.8312250685382199,
0.9223174785638785,
0.6506235560813507,
0.9626679977813324,
1.1196827400814404,
0.6744453210335273,
0.657315553008736,
0.5332807271511524,
0.5778084830804304,
0.6492818648164923,
0.8371952818585681,
0.6385724660638091,
0.5961113866273459,
0.755436512556943,
0.5961872161208809,
0.6841628272812088,
0.8292453699297719,
0.5284123741961145,
0.5717858528936064,
0.6140273515280191,
0.625181870027022,
0.6771348652901588,
0.7089878413584325,
0.5625497625245677,
0.5529210873238453,
0.6992075350377467,
0.6177197303864863,
0.48990013576173164,
0.4607973106495746,
0.5181775046633436,
0.6055188449946317,
0.519780755430073,
0.4717754539731261
],
"sspg_loss": [
240.3758285324295,
63.09715057967545,
39.101657644494786,
21.369261010900722,
9.579504929579697,
3.1352101347663184,
1.3416610723966127,
1.8169823683701551,
2.7129186500202525,
3.025508453319599,
2.0660743156036774,
1.0557795468862954,
1.1458342849434195,
1.369250319220803,
1.0705624911692235,
1.235214792288743,
1.167794927374109,
1.147823460690387,
1.093752020365232,
1.343559870472202,
1.2167756433610792,
1.063715676208595,
1.0332319790666753,
1.0377813353166951,
1.0142857827149427,
1.03365412315765,
1.0076652548529885,
1.0190095498964384,
1.000961768162715,
0.9635977435421634,
0.97458988815159,
1.023983270316929,
1.0556014079552192,
1.0126326997558792,
0.9984402517219643,
1.01231832473309,
0.933676891512685,
0.972676767931356,
0.9499239162965254,
0.9271553290354742,
0.9855054632409826,
1.0601367996884632,
0.9314795693793854,
1.003835298798301,
0.9579637577007343,
0.9731951472047088,
1.0021828436232232,
0.9233631089136198,
0.8367686076210691,
0.9281657798723741
],
"di_loss": [
852.5339490221693,
362.1060113287591,
297.36815970284596,
242.14825162020597,
191.88545880998885,
147.6059989433784,
108.8063342602222,
75.94763916808289,
49.53329002083122,
28.250614835070326,
13.27756118774414,
4.858569262863754,
1.2840389632559441,
2.074063078149573,
3.418813402002508,
3.2028614994767426,
1.941840106790716,
1.1185392404531505,
1.3360807431208623,
1.4450048123087202,
1.2535455497828396,
1.0165131796490063,
1.0282447864482929,
1.0466167880343151,
1.1253207271749324,
1.097308453027304,
0.9974048153146521,
1.0289946221686028,
1.023812781680714,
0.95158229865037,
1.0118292717190531,
1.036411697601343,
1.1222020557948522,
1.0384651515390966,
0.9883832528993681,
0.9928357461830238,
0.9792360036404102,
0.9574422371851934,
0.8426541817652715,
0.9339011307660635,
1.0139995333436247,
1.513311039317738,
0.9380761802970589,
0.9700912391984617,
1.0286203916970786,
0.9523239940791935,
1.1016619189993127,
1.209134845764606,
0.79638669784967,
1.054729954375849
],
"si_cv": [
0.6489974856376648,
0.4458494484424591,
1.2589877843856812,
1.3327594995498657,
0.4257630407810211,
0.013538595288991928,
0.1190096065402031,
0.22302664816379547,
0.04222815856337547,
0.001184892375022173,
0.00037376576801761985,
0.0010925233364105225,
0.013197842054069042,
0.1183159127831459,
0.3788053095340729,
0.6855113506317139,
0.5773672461509705,
1.3034626245498657,
1.030484914779663,
1.2984458208084106,
1.523498296737671,
3.1756248474121094,
3.1538245677948,
3.1257030963897705,
3.3276753425598145,
4.160731315612793,
2.106370687484741,
3.301509380340576,
2.2809433937072754,
4.159952163696289,
4.516569137573242,
3.6345462799072266,
2.0412018299102783,
4.010348796844482,
4.615360260009766,
4.8660125732421875,
4.303833484649658,
4.657329082489014,
4.464125633239746,
4.721920490264893,
4.737307071685791,
4.635456562042236,
4.62976598739624,
4.555459499359131,
4.645283222198486,
3.3448028564453125,
2.5489120483398438,
3.1227707862854004,
4.631219387054443,
4.193554401397705
],
"mi_cv": [
0.0034339255653321743,
1.3423953532765154e-05,
3.1466581731365295e-06,
2.8613865652005188e-05,
0.003228084184229374,
0.24110883474349976,
0.5452869534492493,
0.28043290972709656,
0.05393689125776291,
0.0030997043941169977,
0.010970249772071838,
0.05534839630126953,
0.13810469210147858,
0.21542292833328247,
0.2743851840496063,
0.2664351463317871,
0.08173474669456482,
0.3645232319831848,
0.12355469167232513,
0.34092026948928833,
0.0670892670750618,
0.4901329576969147,
0.2978675663471222,
0.06066296622157097,
0.08165399730205536,
0.14431065320968628,
2.6788344383239746,
0.8619556427001953,
0.25040483474731445,
1.9614622592926025,
0.9284689426422119,
0.9887017011642456,
1.4595885276794434,
0.5970478653907776,
1.1001834869384766,
1.594614028930664,
2.2510271072387695,
2.3451883792877197,
2.5032713413238525,
2.4417316913604736,
2.7802324295043945,
3.0530529022216797,
3.0185320377349854,
2.5120060443878174,
2.558173418045044,
2.5010292530059814,
2.1427087783813477,
2.531522274017334,
2.7900736331939697,
1.4068126678466797
]
}