{
"epoch": [
1,
2,
3,
4,
5,
6,
7,
8,
9,
10,
11,
12,
13,
14,
15,
16,
17,
18,
19,
20,
21,
22,
23,
24,
25,
26,
27,
28,
29,
30,
31,
32,
33,
34,
35,
36,
37,
38,
39,
40,
41,
42,
43,
44,
45,
46,
47,
48,
49,
50,
51,
52,
53,
54,
55,
56,
57,
58,
59,
60,
61,
62,
63,
64,
65,
66,
67,
68,
69,
70,
71,
72,
73,
74,
75,
76,
77,
78,
79,
80,
81,
82,
83,
84,
85,
86,
87,
88,
89,
90,
91,
92,
93,
94,
95,
96,
97,
98,
99,
100
],
"train_loss": [
189.88030696151282,
102.42789587644067,
79.74465194551071,
74.95717008987276,
62.0223975606484,
65.30852757822169,
61.66008056036316,
45.33809012233621,
55.523912108770695,
60.64188332132774,
47.758110197463836,
60.98186224758035,
57.112960796545046,
54.61854655199712,
56.213058410304605,
53.45990564327429,
51.81803682535001,
49.99136201461943,
47.557581684376935,
50.9561883907507,
51.65692607010945,
46.236717431852135,
43.82703928428121,
44.62059731058555,
45.96789125876852,
45.10916243449296,
43.29665926187345,
46.33099467211431,
40.802308866293124,
32.76785270766457,
36.92118397325572,
39.86721684673045,
48.83373071651648,
39.616054874835626,
40.01861005726427,
34.92333353628026,
37.68351315035678,
38.390822268948696,
52.611055997338624,
51.45535157458617,
46.53146581366511,
44.765215278852104,
42.921121181827964,
42.11951775125938,
38.687113695805614,
34.060679020267905,
42.389468580189316,
39.27201495784344,
35.610293946643864,
38.174286568518916,
35.17302361101207,
41.63447295085038,
26.72071905891494,
31.804040965467397,
49.894812857750615,
43.431624308671104,
33.13602938510404,
37.46571234901353,
34.78254884776503,
34.643431163070225,
34.65768982160209,
34.86811092112324,
32.456108244338836,
33.54855984980517,
33.575833915483834,
35.95018080909654,
37.99376709626453,
35.379087452841276,
31.948928549738213,
29.916227170736484,
48.759886902157625,
34.66268649903854,
33.11059305927541,
29.018170347308168,
33.77603436460589,
27.12383232966508,
29.753886761051593,
32.008938081193676,
27.889976907484602,
36.6382726537119,
36.42118038517414,
43.88044240215037,
44.13091217645324,
48.51801035663869,
48.90673000033539,
33.52705177458206,
34.7626054735467,
35.920284762240875,
33.11148777574596,
30.28541821772509,
30.754165309490542,
36.76765721387202,
25.161266954818576,
29.79703237514685,
27.002875498025723,
30.771622591679638,
33.79173509201201,
33.81383025292123,
31.20060131337383,
32.02311330738634
],
"val_loss": [
2.554825782775879,
1.6749050617218018,
2.6677567958831787,
1.3291435241699219,
1.3016031980514526,
1.1731067895889282,
1.107982873916626,
0.9667782783508301,
1.2437200546264648,
0.9627810120582581,
0.6893925070762634,
0.6699633598327637,
0.7960881590843201,
1.5691518783569336,
0.9492818713188171,
1.1803693771362305,
0.7831047177314758,
0.7111771702766418,
0.6823432445526123,
0.6906962990760803,
0.7032471895217896,
0.6693472266197205,
0.8737009763717651,
0.5886925458908081,
0.6910732984542847,
0.9076149463653564,
0.9664406776428223,
0.868248462677002,
0.739755392074585,
0.6403929591178894,
0.6449254155158997,
0.7830758094787598,
0.6806969046592712,
0.6941942572593689,
0.6910194754600525,
0.6505634784698486,
0.652994692325592,
0.6314462423324585,
0.6266568899154663,
0.6408394575119019,
0.7118852138519287,
0.7277042865753174,
0.7299436330795288,
0.7437005639076233,
0.778941810131073,
0.7969241142272949,
0.7909657955169678,
0.7515954971313477,
0.7330264449119568,
0.7222709059715271,
0.7425551414489746,
0.7606648206710815,
0.7524626851081848,
0.7720141410827637,
0.7505930662155151,
0.7575579881668091,
0.7769479751586914,
0.780150830745697,
0.8074964284896851,
0.8161096572875977,
0.7720739245414734,
0.6758413314819336,
0.6953903436660767,
0.7498665452003479,
0.7822020649909973,
0.7874144315719604,
0.780643880367279,
0.8233835101127625,
0.8075897693634033,
0.8109154105186462,
0.7641168236732483,
0.6676473021507263,
0.6632817983627319,
0.651856005191803,
0.735654354095459,
0.8201051354408264,
0.8192295432090759,
0.935549795627594,
0.8540865778923035,
0.7897132635116577,
0.7473832368850708,
0.6984636187553406,
0.7435643076896667,
0.81529301404953,
0.7699642777442932,
0.7052541375160217,
0.6146592497825623,
0.63936847448349,
0.6968445181846619,
0.8096577525138855,
0.775929868221283,
0.7337038516998291,
0.7094199061393738,
0.6831255555152893,
0.6710076332092285,
0.6685261130332947,
0.6745229363441467,
0.6427441239356995,
0.6328350305557251,
0.8065011501312256
]
}