{
  "sspg": {
    "n": 16,
    "pearson_r": -0.06814952256420645,
    "pearson_p": 0.8019870727917465,
    "spearman_r": 0.008823529411764706,
    "spearman_p": 0.9741279946623942,
    "rmse": 101.57855205988338,
    "mae": 62.80842440760971,
    "r2": -0.4302722963040335
  },
  "di": {
    "n": 16,
    "pearson_r": 0.21409813312508585,
    "pearson_p": 0.4259031021881313,
    "spearman_r": 0.1176470588235294,
    "spearman_p": 0.6643410791623536,
    "rmse": 1.2765417896366933,
    "mae": 1.1202458242608806,
    "r2": -2.1002330696736147
  }
}