{
  "sspg": {
    "n": 16,
    "pearson_r": 0.4473506845430051,
    "pearson_p": 0.08231253666189492,
    "spearman_r": 0.5235294117647059,
    "spearman_p": 0.037412648130149356,
    "rmse": 83.88163761138368,
    "mae": 52.265820209703435,
    "r2": 0.02467694150328459
  },
  "di": {
    "n": 16,
    "pearson_r": 0.24186451162931474,
    "pearson_p": 0.36679973099635516,
    "spearman_r": -0.11176470588235293,
    "spearman_p": 0.6802736949858406,
    "rmse": 1.1015414239238137,
    "mae": 0.9624971269529021,
    "r2": -1.3084790540691582
  }
}