{
  "sspg": {
    "rmse": 68.78749569094101,
    "mae": 49.11959966023763,
    "r2": -0.0376711435343875,
    "pearson_r": -0.06497892006790379,
    "pearson_p": 0.7065358962879025,
    "spearman_r": -0.172061133484637,
    "spearman_p": 0.31564777267628513,
    "n": 36
  },
  "di": {
    "rmse": 0.5634756717928667,
    "mae": 0.45404907564322156,
    "r2": 0.11800995723177732,
    "pearson_r": 0.38954428088799375,
    "pearson_p": 0.21068339693776086,
    "spearman_r": 0.3793512550086074,
    "spearman_p": 0.22391371762255155,
    "n": 12
  }
}