{
"epoch": [
1,
2,
3,
4,
5,
6,
7,
8,
9,
10,
11,
12,
13,
14,
15,
16,
17,
18,
19,
20,
21,
22,
23,
24,
25,
26,
27,
28,
29,
30,
31,
32,
33,
34,
35,
36,
37,
38,
39,
40,
41,
42,
43,
44,
45,
46,
47,
48,
49,
50,
51,
52,
53,
54,
55,
56,
57,
58,
59,
60,
61,
62,
63,
64,
65,
66,
67,
68,
69,
70,
71,
72,
73,
74,
75,
76,
77,
78,
79,
80,
81,
82,
83,
84,
85,
86,
87,
88,
89,
90,
91,
92,
93,
94,
95,
96,
97,
98,
99,
100
],
"train_loss": [
268.2330901979461,
49.42485523974802,
21.271422769141008,
6.243491636486504,
2.96418228299599,
1.5905504752331832,
1.2709390323931777,
1.1594564820837787,
1.2723230358183852,
1.077294243602302,
1.0751350592440507,
1.050391530896735,
1.8510611066668052,
1.0704594287346667,
1.0048428360871442,
0.9163256301654605,
0.9843603851288323,
0.9444500198514443,
0.950853704936861,
0.8851319884690713,
0.8989930152893066,
0.9209837181361642,
0.9505830336743453,
0.9237305428099445,
0.9549244684497202,
1.0091796165376197,
1.0555468487927293,
1.1342379333466057,
1.1650652218991377,
1.15978987949101,
1.2436824107733297,
1.1982868590692834,
1.1712083309654175,
1.2264082854188334,
1.1382149833393849,
1.155639335865111,
1.0926141335269597,
1.0979625024194792,
1.1301420542198841,
1.244171800575857,
1.127517379644349,
1.142063945297181,
1.1347033433088167,
1.2781866638679205,
1.2238444521671206,
1.1025444400592113,
1.1099780032953879,
1.2896928458701906,
1.3327298117434885,
1.3935444214212613,
1.3503119072576208,
1.3350366307055856,
1.322398586536017,
1.3977447307015967,
1.37103309687667,
1.5762952275163546,
1.698991261129304,
1.5287330629318718,
1.5167817262214,
1.8029584875256996,
1.5774907643400777,
1.445447388596422,
1.4720312394495085,
1.5509126045572477,
1.4373392110734473,
1.4858455667345543,
1.7635897041305781,
1.837207571728023,
1.7688631645337802,
1.7580411941047729,
1.7617329312121774,
1.8170470036859587,
1.903440778649698,
1.9249430716507079,
1.9235290842732107,
1.8194745713331568,
1.8029121723700696,
1.5917059145574495,
4.894309130240613,
1.750205143230168,
1.433820946010079,
1.3550197411709883,
1.31079117519649,
1.345158427719056,
1.3535947471153078,
1.3970192576956562,
1.446197392433647,
1.4345918321234035,
1.2927235806082178,
1.4818899715979268,
1.4232324915608083,
1.2583926099491871,
1.2427865520236998,
1.3650737193625744,
1.4142201312883633,
1.7210171748334029,
1.9819261577185683,
2.071655309106421,
2.030896750960763,
4.2527194877309125
],
"val_loss": [
1.332453966140747,
1.4012383222579956,
0.9409327507019043,
0.977891743183136,
0.6143964529037476,
0.7554286122322083,
0.6608939170837402,
0.5121241807937622,
0.5170776844024658,
0.7378981113433838,
0.39527222514152527,
0.4231168031692505,
0.5250535607337952,
0.5543043613433838,
0.398396760225296,
0.3645135760307312,
0.4753853678703308,
0.3550335168838501,
0.41975685954093933,
0.3988597095012665,
0.3951934278011322,
0.36482593417167664,
0.34826910495758057,
0.35368290543556213,
0.34646281599998474,
0.3781627416610718,
0.3407789170742035,
0.3507678508758545,
0.33833304047584534,
0.33272528648376465,
0.33418524265289307,
0.33556225895881653,
0.3374175429344177,
0.3309381902217865,
0.3374987840652466,
0.3379075229167938,
0.3273380398750305,
0.33087849617004395,
0.41492581367492676,
0.39262837171554565,
0.37148451805114746,
0.3692226707935333,
0.39783212542533875,
0.4076733887195587,
0.435204416513443,
0.39305636286735535,
0.35346147418022156,
0.3985908031463623,
0.42684680223464966,
0.3676837682723999,
0.36501631140708923,
0.34316837787628174,
0.33762064576148987,
0.321407675743103,
0.3229813575744629,
0.33409082889556885,
0.3245846629142761,
0.3086559772491455,
0.34144166111946106,
0.33112236857414246,
0.3346202075481415,
0.3162403702735901,
0.29695257544517517,
0.3769722580909729,
0.3476186692714691,
0.3471566438674927,
0.31718122959136963,
0.3202689588069916,
0.31307342648506165,
0.3057199716567993,
0.32182374596595764,
0.3090178370475769,
0.29942336678504944,
0.3141322433948517,
0.31409314274787903,
0.2882772982120514,
0.2913275361061096,
0.48222917318344116,
0.35427260398864746,
0.386164128780365,
0.2974179983139038,
0.3031233251094818,
0.28012505173683167,
0.28603628277778625,
0.3125791847705841,
0.3187214732170105,
0.3048487901687622,
0.2805764079093933,
0.3973771929740906,
0.3381824791431427,
0.30380839109420776,
0.3490157723426819,
0.33778801560401917,
0.3335202932357788,
0.3056062161922455,
0.3081527352333069,
0.3139297664165497,
0.37630221247673035,
0.30997636914253235,
0.34632408618927
]
}