{
"epoch": [
1,
2,
3,
4,
5,
6,
7,
8,
9,
10,
11,
12,
13,
14,
15,
16,
17,
18,
19,
20,
21,
22,
23,
24,
25,
26,
27,
28,
29,
30,
31,
32,
33,
34,
35,
36,
37,
38,
39,
40,
41,
42,
43,
44,
45,
46,
47,
48,
49,
50,
51,
52,
53,
54,
55,
56,
57,
58,
59,
60,
61,
62,
63,
64,
65,
66,
67,
68,
69,
70,
71,
72,
73,
74,
75,
76,
77,
78,
79,
80,
81,
82,
83,
84,
85,
86,
87,
88,
89,
90,
91,
92,
93,
94,
95,
96,
97,
98,
99,
100
],
"train_loss": [
8.416683602840342,
3.202657101002145,
2.197942127572729,
2.5382733598668525,
2.7168891582083194,
1.689473479352099,
1.6611288253297196,
1.3535853598980194,
1.6025381519439372,
2.285832902218433,
1.4147569854208764,
1.0616130042583385,
1.0126737762004772,
1.2558950363321508,
1.5297620245750914,
0.811843087064459,
0.9399121035920813,
1.029810403255706,
0.9989169024406596,
0.9545922710540446,
1.012993206369116,
0.9520929265529552,
0.8132528003225935,
0.7519924767473911,
0.7788678306214353,
0.8472302302401117,
0.6574273033345,
0.7225135957941096,
0.8199078884530575,
0.8806616118613709,
0.7729490183769389,
0.6707972681268732,
0.6977568991640781,
0.7414510896865357,
0.6172553034538918,
0.6773927642944011,
0.6288528581883045,
0.70640581465782,
0.589835561336355,
0.6387572110967433,
0.6328183780325219,
0.6811636679984153,
0.6144435025276022,
0.6783384896339254,
0.525922344086018,
0.5915578438880595,
0.5170169561467273,
0.5757836382439796,
0.6204898446164233,
0.5981136788713172,
0.6709804370048198,
0.6656731227610974,
0.7438155539492344,
0.6187895587150086,
0.6244056852574044,
0.5873045693052575,
0.6058984500296573,
0.5276607313054673,
0.556877519856108,
0.6572306333704198,
0.6904649962770179,
0.4715599366959105,
0.6083705590126363,
0.6577103493061471,
0.5674794392382845,
0.5490221901142851,
0.5955680697522265,
0.5663765795687412,
0.5716599543043908,
0.5358342579070557,
0.5832359118664519,
0.544411357412947,
0.5668769060297215,
0.5610091077520493,
0.5554697462852966,
0.5101468005078904,
0.6156984542278533,
0.6234291931416126,
0.5003784818852202,
0.5652647576433547,
0.5038736716229865,
0.5852670263736806,
0.5158383465827779,
0.5602168910046841,
0.5115418954098478,
0.5517441186499088,
0.5990062406722535,
0.5169794679956233,
0.6003488968027398,
0.5815603897926656,
0.5166698098182678,
0.571361205045213,
0.5569613398389613,
0.534226175318373,
0.5682633455763472,
0.575149249523244,
0.5614790599396888,
0.5783830475299916,
0.6297530214837257,
0.583656833526936
],
"val_loss": [
0.20928603410720825,
0.20928603410720825,
0.20928603410720825,
0.20928603410720825,
0.20928603410720825,
0.20928603410720825,
0.20928603410720825,
0.20928603410720825,
0.20928603410720825,
0.20928603410720825,
0.20928603410720825,
0.20928603410720825,
0.20928603410720825,
0.20928603410720825,
0.20928603410720825,
0.20928603410720825,
0.20928603410720825,
0.20928603410720825,
0.20928603410720825,
0.20928603410720825,
0.20928603410720825,
0.20928603410720825,
0.20928603410720825,
0.20928603410720825,
0.20928603410720825,
0.20928603410720825,
0.20928603410720825,
0.20928603410720825,
0.20928603410720825,
0.20928603410720825,
0.20928603410720825,
0.20928603410720825,
0.20928603410720825,
0.20928603410720825,
0.20928603410720825,
0.20928603410720825,
0.20928603410720825,
0.20928603410720825,
0.20928603410720825,
0.20928603410720825,
0.20928603410720825,
0.20928603410720825,
0.20928603410720825,
0.20928603410720825,
0.20928603410720825,
0.20928603410720825,
0.20928603410720825,
0.20928603410720825,
0.20928603410720825,
0.20928603410720825,
0.20928603410720825,
0.20928603410720825,
0.20928603410720825,
0.20928603410720825,
0.20928603410720825,
0.20928603410720825,
0.20928603410720825,
0.20928603410720825,
0.20928603410720825,
0.20928603410720825,
0.20928603410720825,
0.20928603410720825,
0.20928603410720825,
0.20928603410720825,
0.20928603410720825,
0.20928603410720825,
0.20928603410720825,
0.20928603410720825,
0.20928603410720825,
0.20928603410720825,
0.20928603410720825,
0.20928603410720825,
0.20928603410720825,
0.20928603410720825,
0.20928603410720825,
0.20928603410720825,
0.20928603410720825,
0.20928603410720825,
0.20928603410720825,
0.20928603410720825,
0.20928603410720825,
0.20928603410720825,
0.20928603410720825,
0.20928603410720825,
0.20928603410720825,
0.20928603410720825,
0.20928603410720825,
0.20928603410720825,
0.20928603410720825,
0.20928603410720825,
0.20928603410720825,
0.20928603410720825,
0.20928603410720825,
0.20928603410720825,
0.20928603410720825,
0.20928603410720825,
0.20928603410720825,
0.20928603410720825,
0.20928603410720825,
0.20928603410720825
]
}