{
"epoch": [
1,
2,
3,
4,
5,
6,
7,
8,
9,
10,
11,
12,
13,
14,
15,
16,
17,
18,
19,
20,
21,
22,
23,
24,
25,
26,
27,
28,
29,
30,
31,
32,
33,
34,
35,
36,
37,
38,
39,
40,
41,
42,
43,
44,
45,
46,
47,
48,
49,
50,
51,
52,
53,
54,
55,
56,
57,
58,
59,
60,
61,
62,
63,
64,
65,
66,
67,
68,
69,
70,
71,
72,
73,
74,
75,
76,
77,
78,
79,
80,
81,
82,
83,
84,
85,
86,
87,
88,
89,
90,
91,
92,
93,
94,
95,
96,
97,
98,
99,
100
],
"recon_loss": [
0.22958682572588007,
0.23373248475663205,
0.22866205522354613,
0.2213735891149399,
0.23775142843418934,
0.22507529436273777,
0.2331972191942499,
0.22248763733721794,
0.21419001481634506,
0.2266506131025071,
0.22709874333219326,
0.21232420649934322,
0.2377183938280065,
0.24607890051730136,
0.21936535264583343,
0.213188406634838,
0.21762946089531512,
0.23564652496195854,
0.2238420821884845,
0.22518367780015824,
0.23561807642591762,
0.23343646684859662,
0.22987301362321733,
0.21471093404800334,
0.2170896216275844,
0.22040510779999672,
0.21890482591821792,
0.22299247821594806,
0.2323723337117662,
0.24725387388087333,
0.22261997708614836,
0.230735718569857,
0.21981675035141884,
0.23886234741261664,
0.2386997811337735,
0.24671562079419482,
0.21899154306726254,
0.22386022419371504,
0.22369787984705986,
0.22825367938964924,
0.22324201337834623,
0.23978053889376053,
0.23190073320206175,
0.21368336043459304,
0.2215323936431966,
0.21615170481357168,
0.23639706094214258,
0.23606343218620787,
0.22590481030180098,
0.21172346460058333,
0.22546062190481958,
0.2297511043700766,
0.22882530473648233,
0.2151454211549556,
0.23105790259990286,
0.23398064932924637,
0.22671041621806773,
0.226702962149965,
0.22596613079943556,
0.23039834962246267,
0.23259456899571926,
0.22542930917536957,
0.23474412680940426,
0.2408903938658694,
0.21787479139388877,
0.2133130431175232,
0.2150963269015576,
0.24116805164103813,
0.22764463881228833,
0.22345799936893138,
0.2370270259202795,
0.21712145653176815,
0.23955773260999233,
0.24130871035951248,
0.2361830824867208,
0.21963028799980244,
0.22894974274838226,
0.23573464472243127,
0.22170478644523214,
0.24682654281879993,
0.2361171486529898,
0.22649048680954792,
0.21653200622568738,
0.24379103741747268,
0.23463626301034968,
0.23671938700878875,
0.23894465793954564,
0.2214670961207532,
0.22747064207462556,
0.22003584814832566,
0.22321228968336226,
0.24170279249231866,
0.22146338509752395,
0.22227503264203985,
0.2418367399814281,
0.2264597517378787,
0.24354628172326595,
0.2315078206518863,
0.2414990172107169,
0.23671201759196342
],
"sspg_loss": [
40.478512216121594,
8.691469679487513,
8.784787563567466,
9.637660046841235,
15.06526476271609,
7.1004833262017435,
7.866099966333268,
6.782179350548602,
7.657953921784746,
10.077795028686523,
3.5009379386901855,
4.324426153872875,
3.7335656044331005,
5.792786293841423,
5.507835865020752,
2.795547883561317,
3.635832964105809,
5.211419014220542,
3.5086484817748373,
4.488923052523998,
4.308707526389589,
3.586482382835226,
2.683873288174893,
2.500292067832135,
1.8404738598681512,
2.9815061498195568,
1.551661861703751,
2.294099754475533,
3.7636792811941593,
2.7251131179484913,
2.4551908361150865,
2.0312179048010646,
2.680683567168865,
3.001287708891199,
1.3890877657748284,
1.328025683443597,
1.6065619245488594,
2.1238674762401173,
1.0973945196638717,
1.7692030820440738,
1.4983671396336657,
1.5981126047195273,
1.1243455333912626,
1.7063694913336571,
0.9810336929686526,
1.8329002451389393,
1.0052653094555468,
0.854043925062139,
1.737101861771117,
1.926502435765368,
1.9228885528889108,
1.9632515476105061,
2.2711701342400086,
1.6134993205679224,
1.2877383054570948,
1.3978297634327665,
1.7388976228998063,
1.2179599036561681,
1.2903469648767025,
2.004480722102713,
1.7967205351971565,
0.7398766444084492,
1.543410577672593,
1.650051786544475,
1.2670499213198398,
1.5977513181402327,
1.387130526786155,
1.110202558497165,
1.3963319392914468,
1.5165462341714413,
1.2099080187209108,
1.5472278747152775,
1.30412502238091,
1.0834626035487398,
1.1552601241050882,
1.1823293224294136,
1.518300789467832,
1.3597546333962298,
0.9222827109884708,
1.1530238161695765,
1.0152303589151261,
1.6454230724497045,
0.915091834169753,
1.152642379415796,
0.8364581858858149,
1.077885943524381,
1.276764948317345,
1.0426092756555436,
1.209116848859381,
1.5080153333379867,
0.8808256463801607,
1.541003351515912,
1.1561994933067483,
1.386899877101817,
1.2956749124729887,
1.423938733466128,
1.12380336446965,
1.3002965906833082,
1.5768272039738107,
1.464755522443893
],
"di_loss": [
40.593155556536736,
20.198474133268316,
10.108711242675781,
12.7320360833026,
8.926811025497761,
6.744196800475425,
5.613913576653663,
3.729496458743481,
5.4262260274684175,
9.714726549513797,
7.5763415377190775,
3.369160104305186,
3.216686928525884,
3.5060734545930905,
6.796828797523012,
2.3916973458959703,
2.7876914206971515,
1.930918186268908,
3.4427983405742237,
2.0058609982754323,
2.6657426179723536,
2.800780235452855,
2.350622407933499,
2.073221693647669,
2.9780062158057032,
2.4874435358859124,
2.0342610313537275,
1.9018096670191338,
1.312374990037147,
2.809662823981427,
2.2487973608869187,
1.5700956938114572,
1.2994164405985082,
1.225297877129088,
1.5971656378279342,
2.1794439427396086,
1.692749135037686,
1.9022868668779414,
1.7646803741759443,
1.5365303196805589,
1.7980948407599266,
2.0164165389030537,
1.9017802045700398,
2.140879788297288,
1.2635638257290454,
1.121859499748717,
1.001631923178409,
1.7438561003258888,
1.409446488035486,
1.1380974536246442,
1.7330075730668737,
1.5966668636240857,
2.0794308489941535,
1.623639943751883,
1.8464375556783472,
1.3361074214285993,
1.253680853133506,
0.9923156575953707,
1.2194651162370722,
1.4645401467668249,
1.982681725887542,
0.92212764379826,
1.393551897495351,
1.7188458341233275,
1.4296947895212377,
0.9600384514382545,
1.6182851208017228,
1.3425809119610077,
1.2445192134126704,
0.8079146996457526,
1.4528790636265532,
0.9263691864115127,
1.1697650031840547,
1.3142393472346854,
1.2383045642933947,
0.9235341384055766,
1.5498843167690521,
1.7178890755836,
1.0651522722650082,
1.2320565594003556,
0.8630331856139163,
1.1430404566703958,
1.2786696363002696,
1.2123143571488402,
1.1332964275745636,
1.2730595735793417,
1.5245488831337461,
1.113212651394783,
1.7203638807256172,
1.3079282337046685,
1.2544476478657824,
0.9562789696328183,
1.3994779738974064,
0.9333094079443749,
1.1692891285774556,
1.2636544704437256,
1.2562225372233289,
1.3691535807670432,
1.5064109741373266,
1.2053909022757348
],