{
  "sspg": {
    "rmse": 84.82503121338785,
    "mae": 64.64660949707032,
    "r2": -0.13899201555619567,
    "pearson_r": -0.46824332373124683,
    "pearson_p": 0.17229252578981952,
    "spearman_r": -0.43161293601284584,
    "spearman_p": 0.21294529187580233,
    "n": 10
  },
  "di": {
    "rmse": 0.8724205657770036,
    "mae": 0.7877615094184875,
    "r2": -0.4366420603176262,
    "pearson_r": 0.5843643145061245,
    "pearson_p": 0.22322837400444318,
    "spearman_r": 0.3714285714285715,
    "spearman_p": 0.46847813411078715,
    "n": 6
  }
}