{
"epoch": [
1,
2,
3,
4,
5,
6,
7,
8,
9,
10,
11,
12,
13,
14,
15,
16,
17,
18,
19,
20,
21,
22,
23,
24,
25,
26,
27,
28,
29,
30,
31,
32,
33,
34,
35,
36,
37,
38,
39,
40,
41,
42,
43,
44,
45,
46,
47,
48,
49,
50,
51,
52,
53,
54,
55,
56,
57,
58,
59,
60,
61,
62,
63,
64,
65,
66,
67,
68,
69,
70,
71,
72,
73,
74,
75,
76,
77,
78,
79,
80,
81,
82,
83,
84,
85,
86,
87,
88,
89,
90,
91,
92,
93,
94,
95,
96,
97,
98,
99,
100
],
"train_loss": [
26.669286506010753,
311.11036387528526,
15.73024346568797,
7.351706467052497,
5.148584082575128,
3.1539768110407462,
2.179996650997955,
2.315074417850759,
1.9701479189466722,
1.6075434507709918,
1.2611061063143287,
1.2235175737059942,
1.102277621184245,
1.0171228104298657,
1.0057695685046735,
0.8273466202882257,
0.7846796046389212,
0.7436031669673353,
0.716630224544223,
0.7008769134483716,
0.6551817980143103,
0.6374398800406126,
0.6437615675501304,
0.5817752244448898,
0.5662423729306401,
0.5526108918803754,
0.6621769182752855,
0.5626957820783748,
0.5471026395807171,
0.5661539296702583,
0.5246511550232915,
0.5611108895575646,
0.5717088237847432,
0.515197497193176,
0.5436402851402169,
0.5558395940478486,
0.5412202666301539,
0.5023008378425448,
0.49850844333667566,
0.5155547939904845,
0.4798267914517091,
0.5036625124440335,
0.5159241371225602,
0.5061671185021354,
0.560819811455094,
0.5227108727587332,
0.5152705450459282,
0.5221844805349217,
0.5021673378968002,
0.4740553008447779,
0.5027947520265484,
0.5556760129362049,
0.5697887173973688,
0.5336987075239125,
0.5688374036609536,
0.576137637737954,
0.6157362455188637,
0.5950273900929064,
0.6287541507494332,
0.6282642412893843,
0.61586398801001,
0.618519119697042,
0.6317103198259184,
0.5312472316298155,
0.5433568086954627,
0.6138649898590428,
0.6103523432618321,
0.5663140097467025,
0.5927537113133043,
0.5489583210189743,
0.5366519919716486,
0.5246839437744405,
0.5626476849659835,
0.5173829911959054,
0.5598004672786977,
0.5615253902897976,
0.5393588354091833,
0.5718429324650528,
0.571931012196116,
0.5924507544772459,
0.5908449575452521,
0.5627635528545568,
0.5857143074569136,
0.5974849828399054,
0.6222915153692264,
0.6487566002524725,
0.6262157423661487,
0.660210382820356,
0.659400191637549,
0.6756215756482417,
0.6564962143945222,
0.7296421663595898,
4.534228603438575,
0.7084888963416072,
0.7272397515797379,
0.6564272978518269,
0.7311881385227241,
0.7015507988410421,
0.7010167660099444,
0.6601518392562866
],
"val_loss": [
2.016183853149414,
1.622936725616455,
1.2973114252090454,
1.6433420181274414,
0.8023427128791809,
0.9548682570457458,
1.4113200902938843,
1.5252858400344849,
0.8749514222145081,
0.5476057529449463,
0.7159503698348999,
0.5149045586585999,
0.4816906452178955,
0.549365222454071,
0.3978831470012665,
0.396986722946167,
0.3793466091156006,
0.3338925838470459,
0.35784485936164856,
0.34991639852523804,
0.27219969034194946,
0.3109702467918396,
0.239560067653656,
0.2255922108888626,
0.29747503995895386,
0.33617809414863586,
0.31513604521751404,
0.2140248566865921,
0.26989129185676575,
0.17565004527568817,
0.25512760877609253,
0.18125885725021362,
0.2189527004957199,
0.19495545327663422,
0.1964653730392456,
0.15157173573970795,
0.16814672946929932,
0.15083609521389008,
0.1885148286819458,
0.15032708644866943,
0.163011372089386,
0.13509544730186462,
0.18781743943691254,
0.13620954751968384,
0.14384298026561737,
0.13473421335220337,
0.14806239306926727,
0.12680208683013916,
0.14360429346561432,
0.12918445467948914,
0.13509821891784668,
0.17813216149806976,
0.1869606226682663,
0.2075115293264389,
0.17240145802497864,
0.1895078718662262,
0.21470148861408234,
0.16614225506782532,
0.19448207318782806,
0.17080381512641907,
0.185939759016037,
0.1509259045124054,
0.14366289973258972,
0.19182460010051727,
0.16571950912475586,
0.16645930707454681,
0.14961278438568115,
0.12755265831947327,
0.16307120025157928,
0.14144417643547058,
0.13975928723812103,
0.1659572869539261,
0.15051282942295074,
0.13682542741298676,
0.12302692979574203,
0.17003478109836578,
0.15774941444396973,
0.20492719113826752,
0.15419761836528778,
0.16903917491436005,
0.15276439487934113,
0.14982424676418304,
0.17355363070964813,
0.15680111944675446,
0.18199047446250916,
0.19229796528816223,
0.20960086584091187,
0.20035624504089355,
0.15135693550109863,
0.19410765171051025,
0.25951799750328064,
2.055104970932007,
0.35463252663612366,
0.37948593497276306,
0.2889483571052551,
0.24595655500888824,
0.3175989091396332,
0.2421688735485077,
0.22154326736927032,
0.20820221304893494
]
}