{
  "sspg": {
    "rmse": 150.92682333142415,
    "mae": 143.32513856887817,
    "r2": -10.180174116219474,
    "pearson_r": -0.34090161700577964,
    "pearson_p": 0.4086048167470895,
    "spearman_r": -0.10778636357219329,
    "spearman_p": 0.7994604266184202,
    "n": 8
  },
  "di": {
    "rmse": 7.373963968395828,
    "mae": 7.342068582773209,
    "r2": -140.07236892698538,
    "pearson_r": 0.4074419065021215,
    "pearson_p": 0.5925580934978785,
    "spearman_r": 0.39999999999999997,
    "spearman_p": 0.6,
    "n": 4
  }
}