{
"epoch": [
1,
2,
3,
4,
5,
6,
7,
8,
9,
10,
11,
12,
13,
14,
15,
16,
17,
18,
19,
20,
21,
22,
23,
24,
25,
26,
27,
28,
29,
30,
31,
32,
33,
34,
35,
36,
37,
38,
39,
40,
41,
42,
43,
44,
45,
46,
47,
48,
49,
50,
51,
52,
53,
54,
55,
56,
57,
58,
59,
60,
61,
62,
63,
64,
65,
66,
67,
68,
69,
70,
71,
72,
73,
74,
75,
76,
77,
78,
79,
80,
81,
82,
83,
84,
85,
86,
87,
88,
89,
90,
91,
92,
93,
94,
95,
96,
97,
98,
99,
100
],
"train_loss": [
38.66497798957447,
2.9179834446104445,
2.0576132913627245,
1.3911279994662444,
1.0975474154595102,
0.9264565824282052,
0.7999514925597918,
0.6575388271029633,
0.5498972414153638,
0.5228252452198822,
0.39112727240760725,
0.4850692790333587,
0.5288199764667171,
0.43878850665422947,
0.3521649211940199,
0.39971397094207234,
0.4659736770214421,
0.5149033122723645,
0.5357719754228497,
0.400027131827751,
0.38404735981827914,
0.4027424460590476,
0.43342277378138927,
0.3792962945333802,
0.3731489447083804,
0.38835272251969516,
0.4938271721400837,
0.4674488971434017,
0.47442119192368915,
0.4539248518424459,
0.4338556719888555,
0.4333844751414686,
0.4191450045840575,
0.4271148708787295,
0.4391512856034949,
0.4280970449199771,
0.4021352513296769,
0.3908922431787642,
0.37289511626309685,
0.3402747426292684,
0.36209624474591545,
0.35635724722748935,
0.4308173172544725,
0.3781761305757088,
6.343684270240293,
2.336490369964354,
0.48289261212443363,
0.5006858007152482,
0.4669832123978303,
0.46370707526065336,
0.4324167848813652,
0.426668659885331,
0.4712801003220058,
0.47113523890476416,
0.44607871357757267,
0.42915089974308956,
0.4215918481349945,
0.42913965659566444,
0.40153071933453627,
0.40715365392146724,
0.6326183865566065,
0.7021374265746315,
2.438590903683464,
0.638051302421211,
0.5540913968983263,
0.5121984104118725,
0.48736679170391345,
0.49168528985269,
0.4835024959970229,
0.4702310954580213,
0.4510352458104049,
0.4444627593649496,
0.4351748635273169,
0.41796834161966157,
0.40583285423788695,
0.41386940662223515,
0.4387421180116068,
0.4109706996691109,
0.3917093849418187,
0.3941986897204182,
0.39359084568401376,
0.3965292693954883,
0.40283393594298034,
0.4050400162687396,
0.38160743748787607,
0.3960472841073971,
0.40768223764872785,
0.3930737098844925,
0.38394803812008094,
0.3791032817104075,
0.3822073605981204,
0.3922657810225345,
0.39080626185577694,
0.37576754464961515,
0.3736276859694188,
0.3773093592412401,
0.38489577469259206,
0.3770768370958838,
0.38979869903904374,
0.4102100980753946
],
"val_loss": [
2.011077642440796,
0.4784802794456482,
0.3912581503391266,
0.26259705424308777,
0.2331525981426239,
0.376679390668869,
0.23199746012687683,
0.24264317750930786,
0.21700893342494965,
0.16802257299423218,
0.2046433687210083,
0.47033554315567017,
0.25349879264831543,
0.15124046802520752,
0.1840733140707016,
0.2479109913110733,
0.3577028512954712,
0.25825411081314087,
0.2306113988161087,
0.18429142236709595,
0.15808315575122833,
0.16446568071842194,
0.15932820737361908,
0.1630009114742279,
0.1890326589345932,
0.2021118849515915,
0.21353507041931152,
0.21168164908885956,
0.20921549201011658,
0.20356455445289612,
0.22256578505039215,
0.19727486371994019,
0.19602248072624207,
0.17940185964107513,
0.19490350782871246,
0.17711813747882843,
0.18923728168010712,
0.15731637179851532,
0.1414746344089508,
0.18318212032318115,
0.12773334980010986,
0.16243799030780792,
0.14981181919574738,
0.35736846923828125,
0.2072620689868927,
0.20906183123588562,
0.22337575256824493,
0.20420698821544647,
0.21454618871212006,
0.20304670929908752,
0.2128710001707077,
0.20117418467998505,
0.19043943285942078,
0.24855190515518188,
0.2008020281791687,
0.18277379870414734,
0.17894212901592255,
0.1697557121515274,
0.1716664880514145,
0.17770914733409882,
0.2636451721191406,
0.2347712367773056,
0.25679755210876465,
0.23982301354408264,
0.20737797021865845,
0.22807832062244415,
0.2562413811683655,
0.2185557782649994,
0.22166693210601807,
0.18582625687122345,
0.1945130079984665,
0.20061218738555908,
0.21903929114341736,
0.207551509141922,
0.1974799484014511,
0.19209161400794983,
0.20502696931362152,
0.190882608294487,
0.17945997416973114,
0.17432260513305664,
0.1815384328365326,
0.1843481808900833,
0.19241869449615479,
0.19073913991451263,
0.194215789437294,
0.18912188708782196,
0.19808721542358398,
0.19261658191680908,
0.18562667071819305,
0.19012697041034698,
0.1889437586069107,
0.18511579930782318,
0.18279226124286652,
0.1843208223581314,
0.1821933537721634,
0.17883259057998657,
0.1804250329732895,
0.1941675841808319,
0.1898566484451294,
0.1980428695678711
]
}