{
  "sspg": {
    "rmse": 69.34540938164383,
    "mae": 49.56444443596734,
    "r2": -0.05457185186058666,
    "pearson_r": 0.4100292093287894,
    "pearson_p": 0.013004459170016539,
    "spearman_r": 0.1657782706265128,
    "spearman_p": 0.33390707037909195,
    "n": 36
  },
  "di": {
    "rmse": 1.0153461993538662,
    "mae": 0.9377917647361755,
    "r2": -1.8637930921525663,
    "pearson_r": -0.34384374752499525,
    "pearson_p": 0.2737991326459577,
    "spearman_r": -0.37219368415938836,
    "spearman_p": 0.2334950135905194,
    "n": 12
  }
}