{
"epoch": [
1,
2,
3,
4,
5,
6,
7,
8,
9,
10,
11,
12,
13,
14,
15,
16,
17,
18,
19,
20,
21,
22,
23,
24,
25,
26,
27,
28,
29,
30,
31,
32,
33,
34,
35,
36,
37,
38,
39,
40,
41,
42,
43,
44,
45,
46,
47,
48,
49,
50,
51,
52,
53,
54,
55,
56,
57,
58,
59,
60,
61,
62,
63,
64,
65,
66,
67,
68,
69,
70,
71,
72,
73,
74,
75,
76,
77,
78,
79,
80,
81,
82,
83,
84,
85,
86,
87,
88,
89,
90,
91,
92,
93,
94,
95,
96,
97,
98,
99,
100
],
"train_loss": [
14.820334915101059,
2.2119916987231396,
1.6027866404826248,
1.2698787713614035,
1.0801274476088876,
1.103357801287193,
1.2233816009806835,
1.2658690711644691,
1.247914284233033,
1.1262136801021305,
1.1447653038295236,
1.3102370134488803,
1.2116802198680368,
1.1754971780176238,
1.204314292885187,
1.1987766900400476,
1.1820081538102758,
1.1764273474535605,
1.1816179320568174,
1.177468180656433,
1.2281448568884783,
1.2414253931345902,
1.2661779659000907,
1.198183313129455,
1.2388785655104269,
1.3318586096050233,
1.3493662762829637,
1.4959838484215924,
1.4924167741940717,
1.532898081569221,
1.3501604006985042,
1.4931714300095567,
1.7899221050457692,
1.8429006741741512,
1.8252265490884856,
1.9156111018864188,
2.0720929517520696,
1.9796872270388866,
1.9246912500051063,
2.1952301010372133,
2.3763745788514146,
2.5288720619021436,
2.5721674247050847,
2.7557998567115605,
3.1572114820555437,
3.300404471675242,
3.5115220490403063,
3.794341742523073,
4.104677286673718,
4.487263307796688,
5.050190069544033,
5.492308421397772,
5.8250591210492955,
6.321434159917156,
7.1079858269278455,
7.395316150244765,
8.271273552902102,
7.09003336598554,
7.824725503996601,
8.262515345896324,
8.807075485469788,
8.92842747095063,
8.96747576345609,
10.221089866217666,
9.5859846805963,
9.483163082693505,
10.552954748859555,
11.100364467290444,
9.816921053908942,
10.407382739810494,
11.662174157270297,
10.799651986970677,
11.056755997064545,
12.966660672285425,
13.63350581371878,
12.995152165570596,
13.401964998620702,
14.778109039847307,
15.340339638116792,
16.214749974528637,
17.12473270085853,
17.872934641800526,
19.391653496449386,
19.19016139713798,
21.086059435146062,
23.306612104881467,
23.871201462633028,
25.336326809379997,
26.659992308128537,
28.235899211853507,
30.56789226982537,
31.86155437859963,
32.02278482632374,
32.931449769988774,
33.72574642511803,
36.08158529086376,
37.44901509923259,
40.255036722018026,
39.686401727631335,
43.80722346268301
],
"val_loss": [
0.802514374256134,
0.6546090245246887,
0.5592052936553955,
0.40499740839004517,
0.3779652416706085,
0.4866432547569275,
0.4654114544391632,
0.5022968053817749,
0.40968477725982666,
0.3943168520927429,
0.3562462329864502,
0.34678155183792114,
0.3786429762840271,
0.4285857081413269,
0.3565487265586853,
0.34047943353652954,
0.34299784898757935,
0.3532858192920685,
0.4180546700954437,
0.45183953642845154,
0.38695043325424194,
0.35806533694267273,
0.36357757449150085,
0.3372410237789154,
0.32199689745903015,
0.3286590874195099,
0.3216612637042999,
0.3248491883277893,
0.30930259823799133,
0.3089607059955597,
0.3134111762046814,
0.5115483403205872,
0.3507004678249359,
0.3449876606464386,
0.2717875838279724,
0.2836473286151886,
0.28892865777015686,
0.3012131452560425,
0.3406243324279785,
0.3411868214607239,
0.3849942088127136,
0.32716104388237,
0.2926044762134552,
0.27764081954956055,
0.2538129389286041,
0.2984928488731384,
0.28182491660118103,
0.27399855852127075,
0.26868221163749695,
0.23718397319316864,
0.30520254373550415,
0.27460312843322754,
0.249428853392601,
0.2402491718530655,
0.2430550754070282,
0.3048497140407562,
0.2157839685678482,
0.412502259016037,
0.3311915695667267,
0.23483343422412872,
0.2210761308670044,
0.2253636121749878,
0.304747074842453,
0.18787196278572083,
0.3633427023887634,
0.3375118672847748,
0.23959189653396606,
0.19362996518611908,
0.3457009494304657,
0.36540141701698303,
0.21691161394119263,
0.21247558295726776,
0.2618304491043091,
0.28550511598587036,
0.23274573683738708,
0.3287951946258545,
0.2864398956298828,
0.27915602922439575,
0.2393268495798111,
0.2074936181306839,
0.2251460999250412,
0.17388565838336945,
0.28993868827819824,
0.2267034351825714,
0.24661004543304443,
0.17659936845302582,
0.2117912620306015,
0.204960897564888,
0.19962112605571747,
0.18755090236663818,
0.20133817195892334,
0.24628087878227234,
0.1969279944896698,
0.2058999389410019,
0.15496884286403656,
0.1941080540418625,
0.16158026456832886,
0.16832607984542847,
0.2125374972820282,
0.20049916207790375
]
}