{
  "sspg": {
    "spearman_r": 0.4865062298556019,
    "rmse": NaN,
    "n": 7
  },
  "di": {
    "spearman_r": 0.2571428571428572,
    "rmse": NaN,
    "n": 6
  }
}