{
"epoch": [
1,
2,
3,
4,
5,
6,
7,
8,
9,
10,
11,
12,
13,
14,
15,
16,
17,
18,
19,
20,
21,
22,
23,
24,
25,
26,
27,
28,
29,
30,
31,
32,
33,
34,
35,
36,
37,
38,
39,
40,
41,
42,
43,
44,
45,
46,
47,
48,
49,
50,
51,
52,
53,
54,
55,
56,
57,
58,
59,
60,
61,
62,
63,
64,
65,
66,
67,
68,
69,
70,
71,
72,
73,
74,
75,
76,
77,
78,
79,
80,
81,
82,
83,
84,
85,
86,
87,
88,
89,
90,
91,
92,
93,
94,
95,
96,
97,
98,
99,
100
],
"train_loss": [
1105.6753023355313,
1062.708144386216,
996.6192285518835,
978.1713625464109,
930.6888463992884,
909.917183148979,
803.6072599203279,
808.7580249144299,
690.6849115012895,
628.2344438911665,
521.6779959367053,
457.28370351130417,
412.8725482827366,
370.67249381188117,
342.3623188887492,
302.9329402659199,
284.1960072281337,
320.7312594876431,
282.97291474295133,
291.2350116389813,
290.9930419921875,
300.3240592125619,
283.5246792028446,
278.3714010408609,
284.3643103873376,
301.20032735390237,
312.4405022045173,
279.50327142394417,
304.1713058924911,
287.8690486945728,
271.1055569790378,
269.8449870194539,
310.408305555287,
263.16545059657335,
295.7983773108756,
307.1585451635984,
271.6258668805113,
303.1128283207959,
272.739393177599,
270.9662638749227,
287.61918292659345,
271.3181542878104,
258.22774955069667,
274.34543526526727,
267.3404758566677,
286.19377241984455,
280.2063640934406,
270.91938343614635,
275.02061401971497,
256.0278468368077,
286.49340639019954,
252.2466201026841,
295.74484162283414,
258.600544240215,
272.9411223760926,
313.07294788927135,
235.41425066655225,
261.4249899080484,
254.41332252426903,
279.5890774868503,
260.1980330967667,
275.06617230708054,
267.27603194737196,
262.4693226578212,
297.471720176168,
264.99452579611597,
251.55158437596688,
253.4362823184174,
264.8023032764397,
268.878994781192,
296.3032317208772,
264.8898302588132,
278.54027353418934,
269.8087804813196,
291.7824401855469,
254.91845529386313,
278.2518603636487,
265.1546469206857,
299.792887508279,
303.7383806587446,
297.8424587438602,
270.6126497476408,
245.19213142017327,
256.9656363761071,
277.0881615062751,
263.1020116522761,
246.99448477867807,
283.7600380170463,
277.4396265615331,
235.62277108371848,
253.7190183129641,
254.9678099981629,
273.0381819847787,
275.3514831845123,
248.75926895896987,
280.7457065393429,
241.34910810111774,
283.1748575644918,
276.2744729825766,
253.8807427434638
],
"val_loss": [
0.1544152945280075,
0.1544152945280075,
0.1544152945280075,
0.1544152945280075,
0.1544152945280075,
0.1544152945280075,
0.1544152945280075,
0.1544152945280075,
0.1544152945280075,
0.1544152945280075,
0.1544152945280075,
0.1544152945280075,
0.1544152945280075,
0.1544152945280075,
0.1544152945280075,
0.1544152945280075,
0.1544152945280075,
0.1544152945280075,
0.1544152945280075,
0.1544152945280075,
0.1544152945280075,
0.1544152945280075,
0.1544152945280075,
0.1544152945280075,
0.1544152945280075,
0.1544152945280075,
0.1544152945280075,
0.1544152945280075,
0.1544152945280075,
0.1544152945280075,
0.1544152945280075,
0.1544152945280075,
0.1544152945280075,
0.1544152945280075,
0.1544152945280075,
0.1544152945280075,
0.1544152945280075,
0.1544152945280075,
0.1544152945280075,
0.1544152945280075,
0.1544152945280075,
0.1544152945280075,
0.1544152945280075,
0.1544152945280075,
0.1544152945280075,
0.1544152945280075,
0.1544152945280075,
0.1544152945280075,
0.1544152945280075,
0.1544152945280075,
0.1544152945280075,
0.1544152945280075,
0.1544152945280075,
0.1544152945280075,
0.1544152945280075,
0.1544152945280075,
0.1544152945280075,
0.1544152945280075,
0.1544152945280075,
0.1544152945280075,
0.1544152945280075,
0.1544152945280075,
0.1544152945280075,
0.1544152945280075,
0.1544152945280075,
0.1544152945280075,
0.1544152945280075,
0.1544152945280075,
0.1544152945280075,
0.1544152945280075,
0.1544152945280075,
0.1544152945280075,
0.1544152945280075,
0.1544152945280075,
0.1544152945280075,
0.1544152945280075,
0.1544152945280075,
0.1544152945280075,
0.1544152945280075,
0.1544152945280075,
0.1544152945280075,
0.1544152945280075,
0.1544152945280075,
0.1544152945280075,
0.1544152945280075,
0.1544152945280075,
0.1544152945280075,
0.1544152945280075,
0.1544152945280075,
0.1544152945280075,
0.1544152945280075,
0.1544152945280075,
0.1544152945280075,
0.1544152945280075,
0.1544152945280075,
0.1544152945280075,
0.1544152945280075,
0.1544152945280075,
0.1544152945280075,
0.1544152945280075
]
}