{
  "sspg": {
    "rmse": 80.31629345447324,
    "mae": 66.83162536621094,
    "r2": -0.001563042533825998,
    "pearson_r": 0.507582228877138,
    "pearson_p": 0.38266288884275645,
    "spearman_r": 0.6668859288553503,
    "spearman_p": 0.2188939813132315,
    "n": 5
  },
  "di": {
    "rmse": 1.0415089021207447,
    "mae": 0.8281688541173935,
    "r2": -1.5689013086488561,
    "pearson_r": -0.24251209611075833,
    "pearson_p": 0.7574879038892417,
    "spearman_r": 0.39999999999999997,
    "spearman_p": 0.6,
    "n": 4
  }
}