{
"epoch": [
1,
2,
3,
4,
5,
6,
7,
8,
9,
10,
11,
12,
13,
14,
15,
16,
17,
18,
19,
20,
21,
22,
23,
24,
25,
26,
27,
28,
29,
30,
31,
32,
33,
34,
35,
36,
37,
38,
39,
40,
41,
42,
43,
44,
45,
46,
47,
48,
49,
50,
51,
52,
53,
54,
55,
56,
57,
58,
59,
60,
61,
62,
63,
64,
65,
66,
67,
68,
69,
70,
71,
72,
73,
74,
75,
76,
77,
78,
79,
80,
81,
82,
83,
84,
85,
86,
87,
88,
89,
90,
91,
92,
93,
94,
95,
96,
97,
98,
99,
100
],
"train_loss": [
18.223912949609286,
2.1682961695265064,
2.49120563563734,
1.3727200892892215,
1.3585734343764806,
1.1328592937771638,
0.9954154756989809,
0.8306432006382706,
0.8241638018943296,
0.8252456058370005,
0.6791876401051437,
0.6324119054444945,
0.6414119008153972,
0.5961609347031849,
0.625676980113039,
0.5607697105053628,
0.5770741671618849,
0.6009870000404887,
0.5894272103167997,
0.5572082288194411,
0.5428260458577977,
0.5477012260125416,
0.5570670991840929,
0.6357133583267136,
0.6000798380020822,
0.6794169043550397,
0.9021737953223804,
0.661424439142246,
0.6743334221957934,
0.5525330157563237,
0.5598122374256058,
0.5349146210321105,
0.519583797100747,
0.5008118409331482,
0.4880155062321389,
0.49515339820691856,
0.48663602282505225,
0.5214707261264915,
0.47944143325975624,
0.47171285128829504,
0.45498851767861015,
0.4712158996279877,
0.4627625959934575,
0.45824416498146436,
0.497186539196732,
0.4894782015592745,
0.5221341140199416,
0.5693613810114341,
0.5042162457905194,
0.5276491376433042,
0.4760855223872874,
0.4825141689564922,
0.47305172180185223,
0.5077344418162166,
0.48055495484040517,
0.624487287337237,
0.5680157722222923,
0.5587976527686166,
0.5028713422246499,
0.47864725831711646,
0.5146767632796032,
0.5252296452475066,
0.5201786461443004,
0.4962857135451666,
0.47627291643973624,
0.48525538568449494,
0.49320067037450205,
0.4702075471972475,
0.4786128274875112,
0.4834313221497111,
0.4824560933774061,
0.5837165453646442,
0.5234784472106707,
0.500244807193775,
0.5268097702819522,
0.5082083453636358,
0.4818282091971671,
0.45188731781326896,
0.44379010649010686,
0.5070666009836858,
0.4741496821441273,
0.5091844820740199,
0.5099875944675786,
0.4894303245709674,
0.4888644259754974,
0.4796259943211433,
0.4696293659139388,
0.5188682011448511,
0.5467843608100815,
0.6916378347000273,
0.5333646937172012,
0.6468147251865651,
0.5699372852202689,
0.4921654899521629,
0.5207283520462489,
0.45787797735469177,
0.47225750082790263,
0.44352540757396436,
0.5228587660459009,
0.454975566946634
],
"val_loss": [
1.0448845624923706,
1.0000288486480713,
0.9992815256118774,
0.7814910411834717,
0.9773621559143066,
0.738945484161377,
0.6347475051879883,
0.7552943229675293,
0.7111766338348389,
0.5508043766021729,
0.49781370162963867,
0.41075336933135986,
0.38417819142341614,
0.3453013002872467,
0.3334878385066986,
0.3712620437145233,
0.3818730413913727,
0.29557594656944275,
0.3068579137325287,
0.3011861741542816,
0.35055968165397644,
0.4005795121192932,
0.4171760082244873,
0.5654634237289429,
0.4448266327381134,
1.0119102001190186,
0.4207918047904968,
0.5990067720413208,
0.3748320937156677,
0.40924450755119324,
0.35478678345680237,
0.37648171186447144,
0.354432612657547,
0.30452480912208557,
0.26353156566619873,
0.2546440660953522,
0.25584277510643005,
0.26372045278549194,
0.2803574502468109,
0.2841932773590088,
0.28776153922080994,
0.29418662190437317,
0.29046767950057983,
0.3037857115268707,
0.30515655875205994,
0.2999758720397949,
0.37793105840682983,
0.31531742215156555,
0.3666050434112549,
0.3019740581512451,
0.3258238732814789,
0.3080455958843231,
0.2950318455696106,
0.31916189193725586,
0.4016689360141754,
0.3470260798931122,
0.32097792625427246,
0.3067827522754669,
0.2776930332183838,
0.33114728331565857,
0.3396179974079132,
0.34644007682800293,
0.33454346656799316,
0.32695135474205017,
0.33934393525123596,
0.32288944721221924,
0.30629003047943115,
0.2827317714691162,
0.38015568256378174,
0.26313403248786926,
0.3738676607608795,
0.34561967849731445,
0.3368651270866394,
0.3231147527694702,
0.34730803966522217,
0.3522852957248688,
0.334261417388916,
0.3096415102481842,
0.27973446249961853,
0.2956709563732147,
0.3526912033557892,
0.3014136254787445,
0.31166526675224304,
0.2852439284324646,
0.3572932183742523,
0.2640337646007538,
0.3442254066467285,
0.3074110448360443,
0.5944759845733643,
0.42595815658569336,
0.4536299705505371,
0.4430646598339081,
0.3226424753665924,
0.4302177429199219,
0.35329434275627136,
0.31562820076942444,
0.3100675940513611,
0.3112514317035675,
0.32041841745376587,
0.29294195771217346
]
}