{
  "shap_10d_share": 90.47661135690278,
  "shap_16d_share": 9.523388643097244
}