target,var_share_16d_component,spearman_abs16_vs_uncertainty
sspg,0.8573434227353959,0.05898087440876367
di,0.6836336181581295,-0.3478423252884766
