target,feature_set,n,spearman,r2,rmse
sspg,10D,63,0.0052343453728178205,-0.13473047029859075,79.27458123696061
sspg,16D,63,0.2361698215001655,-0.06654681085592618,76.85596127065381
sspg,26D,63,0.03628025623086113,-0.1428630501498529,79.55815334997209
sspg,16D_on_10D_residual,63,-0.4355798771121352,-0.23768277156586715,78.98074991323817
di,10D,63,0.367107900226851,0.05041947418781034,1.0950960942847063
di,16D,63,0.2726847240586633,-0.031020007969269958,1.1410899409565418
di,26D,63,0.3428420560209441,0.0210784035856989,1.1118860594725548
di,16D_on_10D_residual,63,-0.744815668202765,-0.048934212057894166,1.0095370056154633
