unc_bin,n_meals,mean_err10_sspg,mean_err26_sspg,delta_err26_minus10_sspg,delta_ci_lo_sspg,delta_ci_hi_sspg,mean_err10_di,mean_err26_di,delta_err26_minus10_di,delta_ci_lo_di,delta_ci_hi_di
low,114,62.62926508813062,70.68883779052439,8.059572702393787,4.404999582734721,11.404231029826564,0.9442582619009452,1.0317351111091158,0.08747684920817085,0.03578039432269597,0.139690109901462
mid,117,61.494979699526155,64.73339197177042,3.238412272244241,-0.8919102099600947,7.254395951421415,0.6840766167467074,0.7180486457164669,0.03397202896975985,-0.02354742422195587,0.08941201367820227
high,114,59.090532233220095,56.40959671406893,-2.680935519151157,-8.033281936986,2.5675832526979234,0.8828132020020792,0.8348074412849179,-0.04800576071716145,-0.11147557429358029,0.010208086679821187
