{
  "q1_26d_over_10d_sspg_spearman_delta": 0.031045910858043313,
  "q2_mealtype_macrof1_16d_minus_10d": 0.01568984500724968,
  "q3_high_uncertainty_delta_err26_minus10_sspg": -2.680935519151157
}