{
  "sspg": {
    "rmse": 4883.920554456465,
    "mae": 4879.61474609375,
    "r2": -3189.096892089249,
    "pearson_r": -0.5442003488795278,
    "pearson_p": 0.2066270814298149,
    "spearman_r": -0.7857142857142859,
    "spearman_p": 0.03623846267982714,
    "n": 7
  },
  "di": {
    "rmse": 75.4213027624659,
    "mae": 75.18283104045051,
    "r2": -12240.537495458297,
    "pearson_r": 0.5103690827352855,
    "pearson_p": 0.24185554227072234,
    "spearman_r": 0.5714285714285715,
    "spearman_p": 0.1802019889115274,
    "n": 7
  }
}