{
  "n": 16,
  "pearson_r": 0.6755134440808798,
  "pearson_p": 0.004080230657284602,
  "spearman_r": 0.5205882352941177,
  "spearman_p": 0.03869090714064999,
  "r2": 0.36989997168534516,
  "rmse": 0.5754964036487057,
  "mae": 0.443103873770582
}