{
  "n": 20,
  "pearson_r": 0.6393940194603617,
  "pearson_p": 0.0024017853750980863,
  "spearman_r": 0.7458646616541353,
  "spearman_p": 0.0001597022241475124,
  "r2": 0.17964666172621035,
  "rmse": 72.29603878597912,
  "mae": 57.80904253218712
}