{
  "sspg": {
    "spearman_r": -0.4285714285714286,
    "rmse": NaN,
    "n": 6
  },
  "di": {
    "spearman_r": 0.028571428571428574,
    "rmse": NaN,
    "n": 6
  }
}