{
"epoch": [
1,
2,
3,
4,
5,
6,
7,
8,
9,
10,
11,
12,
13,
14,
15,
16,
17,
18,
19,
20,
21,
22,
23,
24,
25,
26,
27,
28,
29,
30,
31,
32,
33,
34,
35,
36,
37,
38,
39,
40,
41,
42,
43,
44,
45,
46,
47,
48,
49,
50,
51,
52,
53,
54,
55,
56,
57,
58,
59,
60,
61,
62,
63,
64,
65,
66,
67,
68,
69,
70,
71,
72,
73,
74,
75,
76,
77,
78,
79,
80,
81,
82,
83,
84,
85,
86,
87,
88,
89,
90,
91,
92,
93,
94,
95,
96,
97,
98,
99,
100
],
"train_loss": [
142.34773378266618,
71.28927876940513,
60.37296541502555,
54.2885339040158,
49.49962328808774,
40.91914212835671,
48.02128237903778,
41.630757053839766,
50.73990170806096,
44.795397621239246,
44.68719386702534,
38.613906691435076,
40.52145532136474,
41.853288664589066,
37.72686715143633,
39.535741777877526,
37.717133856347566,
34.136114458316364,
34.60111761621004,
42.07928753954898,
46.20215463110441,
36.6660358386726,
38.053366418254335,
40.707612794263774,
37.36761138184044,
35.26738963531832,
35.71457199152985,
31.273107472381028,
34.736889036819065,
39.71298302935498,
40.98813080875636,
40.339695962152796,
33.46672449428657,
35.4128813655614,
30.83655739006521,
33.976763060172104,
33.28933707374488,
36.8227131129191,
37.130882235030846,
29.285132052713653,
35.22753955517308,
29.945850499001818,
34.38858768420906,
30.619182671128165,
32.225205136401186,
27.181140702588973,
33.15921938287376,
32.74700073298493,
33.757249515434914,
36.07011139084932,
27.966647042559522,
33.36549988356024,
33.28129225727377,
28.811477872278417,
30.667542700398013,
33.85869669474359,
29.790235033774287,
34.994630144970884,
26.70110214064482,
34.10820422577242,
31.339411647557334,
32.95963100137746,
30.061601223540922,
28.722482906496392,
30.35303933682037,
27.41068442369299,
29.09336077419154,
33.83221973968168,
35.88589105922797,
38.5894772716114,
35.28463933740595,
37.627542031207206,
35.41952728609317,
32.99942837254148,
33.16839356088111,
33.112249655917125,
28.59126711771497,
31.17816944755751,
36.78739578697514,
30.624426148474438,
28.472888242714518,
29.34885530366229,
32.5421853716523,
29.537173063552686,
29.397935452056547,
29.092738133954825,
32.53176475890888,
32.16003521782006,
30.991131040003026,
31.8908410160304,
28.732659667180474,
24.375423023181646,
32.73383125079954,
32.22228277565368,
32.18220814215741,
35.45622053533462,
31.86464299838921,
28.640532643152778,
30.52477172907868,
25.74457241776245
],
"val_loss": [
2.7014944553375244,
2.3672492504119873,
2.05877947807312,
1.4732449054718018,
1.2703971862792969,
1.2145757675170898,
1.2334723472595215,
0.9840682148933411,
0.871564507484436,
0.7860727310180664,
0.9355803728103638,
0.7656124234199524,
0.7631562352180481,
0.8338501453399658,
0.8242273330688477,
0.9303479790687561,
0.7372020483016968,
0.8789100050926208,
0.7829914093017578,
0.814787745475769,
0.8843737244606018,
0.8396146297454834,
0.7148863673210144,
0.7938638925552368,
0.6989719271659851,
0.7269794940948486,
0.7263550758361816,
0.7385889291763306,
0.7448717355728149,
0.6699455380439758,
0.6414506435394287,
0.803962767124176,
0.7152077555656433,
0.658057689666748,
0.6524539589881897,
0.637064516544342,
0.6601476073265076,
0.6866554021835327,
0.6620442867279053,
0.6534805297851562,
0.6778064966201782,
0.6500157117843628,
0.658405065536499,
0.657939612865448,
0.6777210235595703,
0.6931494474411011,
0.6344940662384033,
0.6547797322273254,
0.6181998252868652,
0.6975992321968079,
0.699206531047821,
0.6827172636985779,
0.638967752456665,
0.6760550141334534,
0.6695864796638489,
0.6355181336402893,
0.6999838352203369,
0.55191969871521,
0.6147418022155762,
0.8410660624504089,
0.748828649520874,
0.7347174286842346,
0.7605305910110474,
0.7365515828132629,
0.6661907434463501,
0.6975151896476746,
0.7392736077308655,
0.731535792350769,
0.6736757755279541,
0.7191728949546814,
0.6874306201934814,
0.6540631651878357,
0.6267907023429871,
0.6172792911529541,
0.6211037635803223,
0.6157822608947754,
0.6162475347518921,
0.6216263771057129,
0.6207789182662964,
0.617595374584198,
0.8477023243904114,
0.6220052242279053,
1.279863953590393,
0.6290069222450256,
0.6447481513023376,
0.6691983342170715,
0.5888647437095642,
0.7133774757385254,
0.6106024980545044,
0.6508250832557678,
0.6384274363517761,
0.6471868753433228,
0.6566259264945984,
0.6417561173439026,
0.3824119567871094,
0.36743849515914917,
0.5128739476203918,
0.5928897857666016,
0.4287828803062439,
0.4014061391353607
]
}