{
  "sspg_spearman_r": -0.4285714285714286,
  "di_spearman_r": 0.028571428571428574,
  "lambda_sspg": 0.01,
  "lambda_di": 0.01,
  "seed": 43
}