{
  "sspg": {
    "rmse": 112.99704764759844,
    "mae": 99.32750919886998,
    "r2": -0.7076579545622499,
    "pearson_r": -0.24441760494423326,
    "pearson_p": 0.5973460563789454,
    "spearman_r": -0.5357142857142858,
    "spearman_p": 0.21521745567801273,
    "n": 7
  },
  "di": {
    "rmse": 0.8590149074119607,
    "mae": 0.7832276565687997,
    "r2": -0.5879956519934038,
    "pearson_r": -0.5505675371641474,
    "pearson_p": 0.2002914950853401,
    "spearman_r": -0.5357142857142858,
    "spearman_p": 0.21521745567801273,
    "n": 7
  }
}