{
"epoch": [
1,
2,
3,
4,
5,
6,
7,
8,
9,
10,
11,
12,
13,
14,
15,
16,
17,
18,
19,
20,
21,
22,
23,
24,
25,
26,
27,
28,
29,
30,
31,
32,
33,
34,
35,
36,
37,
38,
39,
40,
41,
42,
43,
44,
45,
46,
47,
48,
49,
50
],
"train_loss": [
2563238.1205087635,
186.13375527518136,
90.77470179966518,
168.13067052271458,
22.803790327790495,
13.900511853106611,
15.345622037912344,
10.74484700661201,
8.874610554088246,
4.33054696120225,
5.640588466223184,
6.411871100400949,
5.865345583333598,
3.2131406982223707,
3.1031762500862023,
5.766427408565175,
3.3923834763564074,
2.6688640148608718,
3.3002912688564945,
3.1217260314272597,
4.970488381076168,
2.141432201707518,
2.0827058693031213,
3.6902274357808103,
2.5756469237339963,
1.898476674959257,
2.129564532985935,
2.4921445289215485,
2.9952166637816986,
1.4579395845338896,
1.5903896867454825,
2.8726323394032267,
1.7693710048477371,
1.6576176216075946,
1.6859786959437582,
2.0086947602111023,
2.4264498747788465,
1.5299956736626563,
1.5339243086901577,
1.9830336787483909,
0.9259724400260232,
1.3223516259874617,
1.7745634425770154,
2.1987988917858567,
1.541091276453687,
1.3707864470296092,
1.0388936686825443,
1.01337620964298,
1.5285417716224472,
0.715874394039055
],
"val_loss": [
3.0540225505828857,
2.4489026069641113,
3.7982852458953857,
3.62890625,
3.727543592453003,
3.6205122470855713,
2.8598222732543945,
2.138214588165283,
1.4455536603927612,
1.5274615287780762,
1.355282187461853,
1.6337757110595703,
1.877962350845337,
1.6392420530319214,
1.1382631063461304,
1.0905734300613403,
1.0428640842437744,
1.1777660846710205,
1.0250699520111084,
0.7056161761283875,
0.6994853019714355,
0.7594901323318481,
0.7898668646812439,
0.7196812629699707,
0.670307457447052,
0.7003311514854431,
0.6441835165023804,
0.6217246651649475,
0.6394436359405518,
0.6399524211883545,
0.6304270625114441,
0.6368623971939087,
0.6088242530822754,
0.7286679744720459,
0.591628909111023,
0.7153209447860718,
1.2065913677215576,
0.6599944829940796,
0.9105057120323181,
0.9495328664779663,
1.026749849319458,
1.3184921741485596,
2.197683811187744,
1.907422423362732,
0.5519522428512573,
1.095726728439331,
0.7337897419929504,
1.104036808013916,
0.8997042775154114,
0.6410651803016663
]
}