{
"epoch": [
1,
2,
3,
4,
5,
6,
7,
8,
9,
10,
11,
12,
13,
14,
15,
16,
17,
18,
19,
20,
21,
22,
23,
24,
25,
26,
27,
28,
29,
30,
31,
32,
33,
34,
35,
36,
37,
38,
39,
40,
41,
42,
43,
44,
45,
46,
47,
48,
49,
50
],
"recon_loss": [
2562892.9071809347,
3.552034192271047,
1.9219154026601222,
2.7192381697815735,
2.486035514187503,
2.5920887519786886,
2.3629481854376855,
1.7474088080517658,
1.14645445192015,
1.0406160401059437,
1.2530123010858314,
0.9141761861838303,
1.040428337338683,
1.1492531856933197,
0.9230499662362136,
0.8418910611759532,
0.8399009333028422,
0.7136685321857403,
0.7496188236521436,
0.6242089790183228,
0.5895704472219789,
0.6049830758726442,
0.5663293340763489,
0.5598526000976562,
0.5336717165909804,
0.5359844867285196,
0.5362369588443211,
0.5314593485423497,
0.5404009888698529,
0.5566993371232763,
0.5080613664218357,
0.49619801864995583,
0.49528966128052054,
0.5189956852367946,
0.5221856298384728,
0.5387968390018909,
0.6949385056247959,
0.7398311131960386,
0.7356118335352315,
0.8676858273419467,
0.7062478622832855,
0.8675876940999713,
1.070541610965481,
1.6347039055514645,
1.2176444151184775,
0.6539216722760882,
0.700669278572132,
0.6471805158373597,
0.7501248926311345,
0.594325542062908
],
"sspg_loss": [
0.0,
0.0,
0.0,
0.0,
0.0,
0.0,
0.0,
0.0,
0.0,
0.0,
0.0,
0.0,
0.0,
0.0,
0.0,
0.0,
0.0,
0.0,
0.0,
0.0,
0.0,
0.0,
0.0,
0.0,
0.0,
0.0,
0.0,
0.0,
0.0,
0.0,
0.0,
0.0,
0.0,
0.0,
0.0,
0.0,
0.0,
0.0,
0.0,
0.0,
0.0,
0.0,
0.0,
0.0,
0.0,
0.0,
0.0,
0.0,
0.0,
0.0
],
"di_loss": [
0.0,
0.0,
0.0,
0.0,
0.0,
0.0,
0.0,
0.0,
0.0,
0.0,
0.0,
0.0,
0.0,
0.0,
0.0,
0.0,
0.0,
0.0,
0.0,
0.0,
0.0,
0.0,
0.0,
0.0,
0.0,
0.0,
0.0,
0.0,
0.0,
0.0,
0.0,
0.0,
0.0,
0.0,
0.0,
0.0,
0.0,
0.0,
0.0,
0.0,
0.0,
0.0,
0.0,
0.0,
0.0,
0.0,
0.0,
0.0,
0.0,
0.0
],
"si_cv": [
0.028492240235209465,
0.10938433557748795,
0.23564305901527405,
0.16648836433887482,
0.1261989027261734,
0.09378403425216675,
0.04669758677482605,
0.02367270737886429,
0.032083313912153244,
0.044575873762369156,
0.054747309535741806,
0.0609314851462841,
0.06656358391046524,
0.0723762959241867,
0.07410284131765366,
0.07260899990797043,
0.07216577231884003,
0.07126487791538239,
0.06748198717832565,
0.051698531955480576,
0.031068656593561172,
0.026517624035477638,
0.026868438348174095,
0.029317360371351242,
0.03191656619310379,
0.033169224858284,
0.034270793199539185,
0.03771566227078438,
0.04136846214532852,
0.04037299379706383,
0.03636005520820618,
0.03395024314522743,
0.03487357497215271,
0.03565158694982529,
0.03681426867842674,
0.03605801612138748,
0.03554176166653633,
0.03594067692756653,
0.0342755988240242,
0.03607558459043503,
0.050557103008031845,
0.04665796086192131,
0.04408246651291847,
0.07451169192790985,
0.1105300635099411,
0.08510752767324448,
0.04820654168725014,
0.04726840928196907,
0.06009022891521454,
0.07391661405563354
],
"mi_cv": [
0.013001075945794582,
0.038884926587343216,
0.08504313975572586,
0.05282488837838173,
0.024895798414945602,
0.01815026067197323,
0.028718646615743637,
0.040300220251083374,
0.04711134731769562,
0.04928116127848625,
0.04913679137825966,
0.04606884717941284,
0.03978250175714493,
0.033838123083114624,
0.023364096879959106,
0.011605676263570786,
0.009294968098402023,
0.012243160977959633,
0.023522136732935905,
0.023654306307435036,
0.03111365996301174,
0.05114665627479553,
0.060387540608644485,
0.06521927565336227,
0.06089857220649719,
0.05075694993138313,
0.04124929755926132,
0.033700261265039444,
0.019322114065289497,
0.011315926909446716,
0.015318453311920166,
0.025483980774879456,
0.0344538651406765,
0.0351034514605999,
0.03320152685046196,
0.029820334166288376,
0.03204433619976044,
0.03991986811161041,
0.02583390474319458,
0.017526675015687943,
0.01900969073176384,
0.019999438896775246,
0.02742026560008526,
0.030999034643173218,
0.07731689512729645,
0.07557768374681473,
0.03313491493463516,
0.03176135569810867,
0.029031096026301384,
0.05462620407342911
]
}