{
"epoch": [
1,
2,
3,
4,
5,
6,
7,
8,
9,
10,
11,
12,
13,
14,
15,
16,
17,
18,
19,
20,
21,
22,
23,
24,
25,
26,
27,
28,
29,
30,
31,
32,
33,
34,
35,
36,
37,
38,
39,
40,
41,
42,
43,
44,
45,
46,
47,
48,
49,
50,
51,
52,
53,
54,
55,
56,
57,
58,
59,
60,
61,
62,
63,
64,
65,
66,
67,
68,
69,
70,
71,
72,
73,
74,
75,
76,
77,
78,
79,
80,
81,
82,
83,
84,
85,
86,
87,
88,
89,
90,
91,
92,
93,
94,
95,
96,
97,
98,
99,
100
],
"train_loss": [
6.0291358598388065,
0.8280120391656857,
0.7880480979928876,
0.5020029816297021,
0.4380355397663494,
0.4326470447058725,
0.39648192442289676,
0.38592379075465816,
0.3997762067483203,
0.36997807557039925,
0.369116872549057,
0.3562096487177481,
0.35095985632131593,
0.3902273706280359,
0.3477167850083644,
0.35248449238220064,
0.3506471252087319,
0.35281310075580485,
0.3384566906065044,
0.33754003431537366,
0.3444426978873734,
0.33310728114430266,
0.47469509710179697,
0.3737371791117262,
0.40774415271116954,
0.3618641905855424,
0.5695018685690247,
0.3389168608896803,
0.3724853328549036,
0.32109531878244757,
0.32815898379476943,
0.30323996239959605,
0.29513114012113895,
0.3209065954283913,
0.3431666823897031,
0.3802037436773281,
0.39812852058670306,
0.3339745068904197,
0.3230950740894469,
0.3853473530547454,
0.3459343892512935,
0.34389116297854055,
0.3589098421063754,
0.33457007915666787,
0.3700864394702534,
0.4075593408381585,
0.3720456119811181,
0.3687626589642893,
0.35826646101356735,
0.34505605668124584,
0.34250481648020226,
0.3475018028575595,
0.4229411205442825,
0.3977406381970585,
0.3697793407015281,
0.428212299205289,
0.36756545157715825,
0.3847801298788278,
0.38504007281643327,
0.36966949878352706,
0.3669123392884094,
0.37596947987480916,
0.424288013784012,
0.358307946436476,
0.34532118551801927,
0.33243911307637053,
0.3642944097518921,
0.34564807243866497,
0.354760081166088,
0.36210812879080817,
0.3445483047773342,
0.35641764355177924,
0.47431331961461815,
0.7422395469528613,
0.3827698192383983,
0.3656876237675695,
0.3939915685960562,
0.3915526822651967,
0.36583530976630674,
0.3511120818629123,
0.3649814518371431,
0.3724074354856321,
0.3618514826982328,
0.3840257664128105,
0.37281123659398296,
0.39807372518105083,
0.4159790563701403,
0.4863966461455468,
0.38738250201291374,
0.41302919918947884,
0.4041230837897499,
0.3780357182616054,
0.3890039909003985,
0.3895945209677857,
0.4045944072232388,
0.39529876838816275,
0.4344846803953152,
0.45915369497667446,
0.5590366715251809,
0.4853326433365888
],
"val_loss": [
0.6895769238471985,
0.9133243560791016,
0.6545428037643433,
0.6329526901245117,
0.5620768070220947,
0.5122591257095337,
0.6384926438331604,
0.5432539582252502,
0.5630312561988831,
0.5654436349868774,
0.5086098909378052,
0.5041521191596985,
0.49853646755218506,
0.4986191689968109,
0.4992598295211792,
0.4734620451927185,
0.48227113485336304,
0.5203561186790466,
0.5267465710639954,
0.4795263409614563,
0.491804838180542,
0.5413936376571655,
0.5477336645126343,
0.503180742263794,
0.48434746265411377,
0.5761078000068665,
0.4161588251590729,
0.47556617856025696,
0.49207034707069397,
0.44359806180000305,
0.4234465956687927,
0.36500802636146545,
0.42494630813598633,
0.4673132002353668,
0.5086521506309509,
0.48696231842041016,
0.4182206988334656,
0.36970728635787964,
0.5476589798927307,
0.49849462509155273,
0.4653441309928894,
0.49134567379951477,
0.495006799697876,
0.4861094057559967,
0.5863577723503113,
0.4748314619064331,
0.5316917300224304,
0.46476101875305176,
0.47067761421203613,
0.4985152781009674,
0.5442485213279724,
0.5272909998893738,
0.4070527255535126,
0.5038126707077026,
0.49523696303367615,
0.4983508288860321,
0.46008196473121643,
0.4782637357711792,
0.4646749794483185,
0.4952375590801239,
0.5123414397239685,
0.532584547996521,
0.493873655796051,
0.5100727677345276,
0.4098297953605652,
0.3879905641078949,
0.34845781326293945,
0.3570815920829773,
0.3753344714641571,
0.3884938955307007,
0.4076347053050995,
0.5202236175537109,
0.5442915558815002,
0.5268071889877319,
0.5020666718482971,
0.60725337266922,
0.5109008550643921,
0.5110878348350525,
0.47196727991104126,
0.45975783467292786,
0.5150700807571411,
0.45395463705062866,
0.45609819889068604,
0.4712851941585541,
0.46099165081977844,
0.6581035256385803,
0.4820598065853119,
0.4866454601287842,
0.5979785323143005,
0.5056712627410889,
0.3869783282279968,
0.3965257406234741,
0.3674702048301697,
0.37001481652259827,
0.3986688256263733,
0.3669167757034302,
0.37054139375686646,
0.5301777720451355,
0.5390400886535645,
0.37360721826553345
]
}