{
  "sspg": {
    "n": 20,
    "pearson_r": 0.6391914066903734,
    "pearson_p": 0.0024118943221172343,
    "spearman_r": 0.732330827067669,
    "spearman_p": 0.00024121635708852904,
    "r2": 0.10561980250815417,
    "rmse": 75.48751255856692,
    "mae": 66.98620582447121,
    "true_std": 79.82042345164551,
    "pred_std": 29.770400362403628,
    "compression_ratio": 0.37296720657512256
  },
  "di": {
    "n": 16,
    "pearson_r": 0.6893758516109446,
    "pearson_p": 0.003133431898340884,
    "spearman_r": 0.6588235294117648,
    "spearman_p": 0.005511422336343686,
    "r2": 0.293487588172317,
    "rmse": 0.6093934225185261,
    "mae": 0.38591061457876175,
    "true_std": 0.7249997627411936,
    "pred_std": 0.4412041575366787,
    "compression_ratio": 0.6085576578239202
  }
}