{
  "n": 16,
  "pearson_r": 0.6893758516109446,
  "pearson_p": 0.003133431898340884,
  "spearman_r": 0.6588235294117648,
  "spearman_p": 0.005511422336343686,
  "r2": 0.293487588172317,
  "rmse": 0.6093934225185261,
  "mae": 0.38591061457876175
}