{
  "sspg": {
    "spearman_r": 0.6443571047419068,
    "rmse": NaN,
    "n": 9
  },
  "di": {
    "spearman_r": 0.023809523809523815,
    "rmse": NaN,
    "n": 8
  }
}