{
"epoch": [
1,
2,
3,
4,
5,
6,
7,
8,
9,
10,
11,
12,
13,
14,
15,
16,
17,
18,
19,
20,
21,
22,
23,
24,
25,
26,
27,
28,
29,
30,
31,
32,
33,
34,
35,
36,
37,
38,
39,
40,
41,
42,
43,
44,
45,
46,
47,
48,
49,
50,
51,
52,
53,
54,
55,
56,
57,
58,
59,
60,
61,
62,
63,
64,
65,
66,
67,
68,
69,
70,
71,
72,
73,
74,
75,
76,
77,
78,
79,
80,
81,
82,
83,
84,
85,
86,
87,
88,
89,
90,
91,
92,
93,
94,
95,
96,
97,
98,
99,
100
],
"train_loss": [
954.0291373375619,
617.4643634758373,
672.2544356242265,
720.1802458810334,
286.2467454966932,
298.2952016698252,
274.41267787820044,
291.73230040899597,
235.67530407291827,
250.16033538969435,
239.89944337146116,
262.8623459315536,
215.91774153001236,
264.42055519028463,
218.82470884417543,
214.4764597675588,
198.89498055335318,
234.80587889416384,
215.01251175379988,
224.61417320931312,
210.29734250814607,
271.1841775119895,
196.3816068290484,
214.19909628311007,
172.73578243444462,
200.8824369222811,
179.94777395229528,
213.15924616143255,
186.53133989088607,
180.091911995765,
207.52776948532255,
199.24313626431004,
186.01021341758198,
173.28297258131576,
150.75656792669014,
276.39476421091814,
194.85495415536485,
219.75225407062192,
207.8127876508354,
230.25344637124846,
180.54322157755936,
191.00552383271776,
180.9937503928005,
172.87313472634494,
191.79421076444115,
126.88997854100596,
186.1798944756536,
168.79781333998878,
136.94244913535542,
152.70297537699784,
164.53025772547957,
148.02538412868387,
149.7564352054407,
187.586403648452,
147.39655930925124,
174.5272401771923,
110.10572331494625,
148.05303441415919,
151.7000490698484,
179.98860123133895,
167.52412547687493,
191.49561604414836,
151.58025050399328,
196.17024374480295,
190.6285361110574,
138.8406187756227,
196.14536036123144,
206.42819440482867,
189.88154336249474,
139.61802008600517,
133.3711979932124,
185.77351556910148,
176.65847755658746,
145.56405458355894,
167.4117120421759,
126.0116650231994,
147.70428814274248,
140.5599552227719,
143.97388397821106,
155.37459450901144,
150.51635832833773,
150.60672148147432,
111.71340662890141,
144.63714750686495,
150.6299316670635,
136.15394894911512,
132.35728152435604,
114.85058359108349,
157.58742251254543,
131.10283128341825,
147.47026522796932,
146.58245124439202,
128.06839344289043,
111.82463451423267,
124.22759741603738,
144.39242311987547,
119.42753436777852,
147.9662152280902,
101.3457629515393,
100.1140540661198
],
"val_loss": [
0.953946590423584,
2.08687424659729,
2.6503746509552,
5.217249393463135,
1.999102234840393,
1.2349168062210083,
1.9024146795272827,
1.3105418682098389,
1.1542301177978516,
1.257670283317566,
1.129815697669983,
1.0267001390457153,
0.8092926740646362,
0.7670232057571411,
0.7697463631629944,
0.6060917377471924,
0.7406336665153503,
0.6751152873039246,
0.49135079979896545,
0.565429151058197,
0.72712242603302,
0.6417903304100037,
0.7186792492866516,
0.8018083572387695,
0.8111692070960999,
0.8904481530189514,
0.7197056412696838,
0.7244359850883484,
1.0863910913467407,
1.0994136333465576,
0.712546706199646,
0.7912678122520447,
0.6911795735359192,
0.5995773673057556,
1.1241297721862793,
1.100508451461792,
0.4752960503101349,
0.5654590129852295,
1.032768964767456,
1.4886949062347412,
1.1127692461013794,
1.0127308368682861,
0.8246551752090454,
0.8931887745857239,
0.7339091300964355,
0.5929372310638428,
0.6746081113815308,
0.741420328617096,
0.7658849358558655,
0.758894681930542,
0.9186679720878601,
0.858313262462616,
0.58700031042099,
0.6117145419120789,
0.615128219127655,
0.7337364554405212,
0.6803619265556335,
0.6809175610542297,
0.6092525720596313,
0.4645524322986603,
0.5164321064949036,
0.5902445912361145,
0.37533628940582275,
0.33282217383384705,
0.4051586389541626,
0.4833689033985138,
0.5144821405410767,
0.5197840929031372,
0.3473391532897949,
0.556846559047699,
0.6221036314964294,
0.5269171595573425,
0.566845715045929,
0.6469189524650574,
0.6361716389656067,
0.6219307780265808,
0.6033771634101868,
0.4738578498363495,
0.5879681706428528,
0.854188084602356,
0.8463406562805176,
0.8940610885620117,
0.7258394360542297,
0.6645532846450806,
0.4417632818222046,
0.3916785717010498,
0.4253631830215454,
0.6628536581993103,
0.6239664554595947,
0.47850197553634644,
0.5534040331840515,
0.7031988501548767,
0.7906329035758972,
0.7760238647460938,
0.9112752676010132,
0.6738630533218384,
0.5478286147117615,
0.6683952808380127,
0.6643805503845215,
0.5877966284751892
]
}