{
  "sspg": {
    "spearman_r": 0.42857142857142866,
    "rmse": NaN,
    "n": 7
  },
  "di": {
    "spearman_r": 0.6071428571428572,
    "rmse": NaN,
    "n": 7
  }
}