{
"epoch": [
1,
2,
3,
4,
5,
6,
7,
8,
9,
10,
11,
12,
13,
14,
15,
16,
17,
18,
19,
20,
21,
22,
23,
24,
25,
26,
27,
28,
29,
30,
31,
32,
33,
34,
35,
36,
37,
38,
39,
40,
41,
42,
43,
44,
45,
46,
47,
48,
49,
50,
51,
52,
53,
54,
55,
56,
57,
58,
59,
60,
61,
62,
63,
64,
65,
66,
67,
68,
69,
70,
71,
72,
73,
74,
75,
76,
77,
78,
79,
80,
81,
82,
83,
84,
85,
86,
87,
88,
89,
90,
91,
92,
93,
94,
95,
96,
97,
98,
99,
100
],
"train_loss": [
676605.5007589266,
3.5531155768927043,
1.5231649070591122,
1.297027072349152,
1.4121729770264069,
2.435662554456042,
0.79467044325618,
0.8225811944379435,
1.2083364957338805,
0.8384046786791318,
0.8171541443118802,
1.4658403056008475,
0.5177637957907343,
0.5168128687065917,
0.6836986704306169,
0.580771832884132,
0.5255733178807543,
0.691990799718089,
0.5812191978677527,
0.6406876003587401,
0.5659140836108815,
0.6404413186110459,
1.9569534334269436,
0.6067782268895732,
0.5683074802547307,
0.5976920120127789,
0.4911272192930246,
0.5279063195377202,
0.49256754695595084,
0.467756175375604,
0.5945552633954333,
0.5324185033897301,
0.6456601627461322,
0.7632886612570131,
0.5158829112331589,
0.46882093726814567,
0.461785941541969,
0.5011635802008889,
0.5075583616634468,
0.4521502558287088,
0.4462006575875468,
0.468457571871869,
0.4756473372508953,
0.6599120435776649,
0.5508143901824951,
0.5486521496401204,
0.674458036562065,
0.4773874987255443,
0.4234378601049448,
0.4209002225429981,
0.42818696622724656,
0.4103747463071501,
0.41765454992071377,
0.4071244659361901,
0.4256989897845627,
0.4105833842382803,
0.54069329972391,
0.5130759903362819,
0.4207825993562674,
0.4139899247652524,
0.4896276279703363,
0.5377719092678714,
0.4903861346182885,
0.4618264703781574,
0.5240576631062991,
0.4394698042374153,
0.597949044270949,
0.5532177020977069,
0.45406184413216333,
0.5322932693865392,
0.4772904019851189,
0.530263919334907,
0.5277051577320346,
0.5829314303088498,
0.572981541032915,
0.5443632246611955,
0.5386069602780528,
0.505941540389866,
0.49942886713263274,
0.5259565958729038,
0.46877469877143957,
0.4557716722612257,
0.4693563495363508,
0.5078590241345492,
0.6076769108896132,
0.47287961260064854,
0.4501066107254524,
0.4658280200772471,
0.46419847940469716,
0.5268192059033877,
0.5219708735292609,
0.5240061941084924,
0.5030843495548546,
0.46009242186298616,
0.4839199154407947,
0.46706737132815573,
0.5267107680246428,
0.46276317169139913,
0.4643793423454483,
0.5054248772658311
],
"val_loss": [
3.631514072418213,
1.5078564882278442,
1.2505450248718262,
1.625952124595642,
5.2170000076293945,
1.047323226928711,
0.8687454462051392,
0.7374541759490967,
0.6988894939422607,
1.1875324249267578,
1.4470038414001465,
0.44280868768692017,
0.4371110200881958,
0.4646286070346832,
0.6342324614524841,
0.4489893615245819,
0.4387233257293701,
0.6087446212768555,
0.4210566282272339,
0.6083553433418274,
0.6315939426422119,
4.123016834259033,
0.7691038846969604,
0.45612818002700806,
0.5846089124679565,
0.47630763053894043,
0.4975913166999817,
0.5053327679634094,
0.42664971947669983,
0.4804824888706207,
0.5137456059455872,
0.7757933735847473,
0.49493539333343506,
0.49096953868865967,
0.45633822679519653,
0.40759965777397156,
0.4055589735507965,
0.5515465140342712,
0.40729373693466187,
0.4001917541027069,
0.3762710988521576,
0.4983716309070587,
0.45761945843696594,
0.4326527416706085,
0.7755040526390076,
0.6179389357566833,
0.49332723021507263,
0.4126988649368286,
0.40516865253448486,
0.4033202528953552,
0.3680887520313263,
0.37126195430755615,
0.41061967611312866,
0.4431690573692322,
0.3349747359752655,
0.42407307028770447,
0.4716967046260834,
0.3437719941139221,
0.34174174070358276,
0.382367879152298,
0.5342394709587097,
0.3567521870136261,
0.4146711528301239,
0.402822881937027,
0.36466744542121887,
0.43589672446250916,
0.4676782190799713,
0.3400476574897766,
0.4212157428264618,
0.3751220405101776,
0.3721696734428406,
0.41199567914009094,
0.37902477383613586,
0.37072035670280457,
0.48404690623283386,
0.37271595001220703,
0.5193766951560974,
0.38448357582092285,
0.39923039078712463,
0.3931059241294861,
0.3266127407550812,
0.3745570182800293,
0.36472153663635254,
0.6864657998085022,
0.37625518441200256,
0.3518350422382355,
0.3420944809913635,
0.37268713116645813,
0.40625283122062683,
0.448873907327652,
0.3947905898094177,
0.47310125827789307,
0.3654557466506958,
0.37048575282096863,
0.3820270001888275,
0.5368135571479797,
0.34507375955581665,
0.34472396969795227,
0.3967733383178711,
0.6004181504249573
]
}