{
  "model": "RidgeCV",
  "cv_spearman": 0.3613619167931569,
  "cv_pearson": 0.2498867683232802,
  "test_pearson": 0.5663774033709184,
  "test_spearman": 0.6796992481203006,
  "test_r2": 0.21581664814543822,
  "test_rmse": 70.68427965022329
}