{
  "tau_m_mean": 190.12862526315791,
  "tau_m_std": 5.116324916752534,
  "tau_m_cv": 0.026909808606683537,
  "tau_m_min": 170.87286,
  "tau_m_max": 195.84856,
  "Gb_mean": 111.49019799999999,
  "Gb_std": 23.106922188315796,
  "Gb_cv": 0.20725519014903218,
  "Gb_min": 79.24577,
  "Gb_max": 188.19052,
  "si_mean": 0.0006252095434210526,
  "si_std": 0.00011725060696839882,
  "si_cv": 0.18753509579504088,
  "si_min": 0.0004823792,
  "si_max": 0.0010607451,
  "mi_mean": 1.2534615684210524,
  "mi_std": 0.10185657723760431,
  "mi_cv": 0.08126023086077354,
  "mi_min": 1.0767154,
  "mi_max": 1.5348632
}