{
  "sspg": {
    "rmse": 108.98190523713177,
    "mae": 85.5538853539361,
    "r2": -1.6046509673230007,
    "pearson_r": 0.03950270188183937,
    "pearson_p": 0.8190705046784257,
    "spearman_r": 0.19624867711601485,
    "spearman_p": 0.25132622779776853,
    "n": 36
  },
  "di": {
    "rmse": 0.979386297305443,
    "mae": 0.8586046894391378,
    "r2": -1.6645347534199284,
    "pearson_r": 0.3638077228679068,
    "pearson_p": 0.24502594506415415,
    "spearman_r": 0.3686148987347788,
    "spearman_p": 0.23837566760260898,
    "n": 12
  }
}