{
"epoch": [
1,
2,
3,
4,
5,
6,
7,
8,
9,
10,
11,
12,
13,
14,
15,
16,
17,
18,
19,
20,
21,
22,
23,
24,
25,
26,
27,
28,
29,
30,
31,
32,
33,
34,
35,
36,
37,
38,
39,
40,
41,
42,
43,
44,
45,
46,
47,
48,
49,
50,
51,
52,
53,
54,
55,
56,
57,
58,
59,
60,
61,
62,
63,
64,
65,
66,
67,
68,
69,
70,
71,
72,
73,
74,
75,
76,
77,
78,
79,
80,
81,
82,
83,
84,
85,
86,
87,
88,
89,
90,
91,
92,
93,
94,
95,
96,
97,
98,
99,
100
],
"train_loss": [
46.85579607805868,
3.8506084811969066,
1.7846126040135781,
1.184313947760214,
0.9696135577254408,
1.0721881802626483,
1.5346167617895472,
0.7973625932152816,
0.7330742041895709,
0.9073314432084091,
1.0235568313148078,
1.053906076536404,
0.8761132082601232,
0.731744769051319,
0.7164812266357302,
0.547570133772422,
0.6657102621915773,
0.5498769029857605,
0.5784454671886023,
0.4957749982049146,
0.5313782537077355,
0.5507722318641782,
0.6068287233668049,
0.6282254598272128,
0.5287288601004233,
0.5065717697143555,
0.488131816462269,
0.5535740857049236,
0.5387728955802016,
0.4467827377356882,
0.7342201518261526,
0.5256221881062966,
0.4635035670179082,
0.6472623362315921,
0.5518494586306294,
0.4964150591628758,
0.5019687573740802,
0.5138515905132444,
0.5076352705167034,
0.4476140265859018,
0.546102406706397,
0.6016158447490902,
0.6201023633085837,
0.5344017570413003,
0.45293893260279977,
0.5555979801913885,
0.6776917365592295,
0.523741061762562,
0.5266789873753945,
0.5130491221514274,
0.5375162635262557,
0.5425144396428987,
0.6894148832231056,
0.6298227997746054,
0.7247109460079764,
0.5697118175311351,
0.5169090070123747,
0.5173905768732386,
0.5591450441540695,
0.6051386435200848,
0.6125425719839381,
0.7078787933184406,
0.7116054329346484,
0.6696000704615135,
0.6342634971686235,
0.5480732378058546,
0.6132663605720039,
0.5847075426672387,
0.5923730041098407,
0.5634467254473469,
0.5727457296191238,
0.632843192637436,
0.5841934220997367,
0.5764160625577912,
0.561781703017828,
0.523186918318741,
0.5114994757757412,
0.5007976589240427,
0.6108997001891999,
0.6177411351616927,
0.5695343909301157,
0.5954030339173445,
0.7288898576901653,
0.5883215177716232,
0.5534231130063064,
0.6057368005354573,
0.5670636171900382,
0.5091469923811635,
0.5246554139092212,
0.5787353614183861,
0.6685577452652097,
0.5410890874900217,
0.5411783625760417,
0.5283918925157682,
0.5204587628052929,
0.6146348057769415,
0.6155247871331343,
0.5802698909767031,
0.5620431892984495,
0.5777823690354355
],
"val_loss": [
1.2178664207458496,
1.057044506072998,
1.2146949768066406,
0.7098491787910461,
0.6978458166122437,
0.48323193192481995,
0.5732041597366333,
0.35117146372795105,
0.3835362195968628,
1.03523588180542,
1.1042147874832153,
0.8869966864585876,
0.7245494723320007,
0.3115176856517792,
0.37836959958076477,
0.2521970570087433,
0.22019807994365692,
0.3484365940093994,
0.2585603594779968,
0.18325679004192352,
0.18777251243591309,
0.29872286319732666,
0.26675090193748474,
0.2067348212003708,
0.22297079861164093,
0.20226509869098663,
0.25489914417266846,
0.21966832876205444,
0.2373400777578354,
0.17326267063617706,
0.24648883938789368,
0.19764584302902222,
0.4245246946811676,
0.34757646918296814,
0.20129510760307312,
0.1686699092388153,
0.19687782227993011,
0.19608576595783234,
0.13740909099578857,
0.15415966510772705,
0.19675299525260925,
0.3167218267917633,
0.23771502077579498,
0.13925595581531525,
0.1574219912290573,
0.32576778531074524,
0.2515266537666321,
0.27326759696006775,
0.25376400351524353,
0.25595220923423767,
0.2318858653306961,
0.24638043344020844,
0.38240498304367065,
0.24493582546710968,
0.23941627144813538,
0.25202447175979614,
0.25238755345344543,
0.25628966093063354,
0.25254854559898376,
0.28481853008270264,
0.27520737051963806,
0.27875879406929016,
0.2969817519187927,
0.2520747184753418,
0.24779245257377625,
0.2840877175331116,
0.21913611888885498,
0.2836587131023407,
0.2257632613182068,
0.283623605966568,
0.19785553216934204,
0.20563119649887085,
0.19450372457504272,
0.1886560469865799,
0.2009563148021698,
0.216308131814003,
0.1803041249513626,
0.27290380001068115,
0.1940089911222458,
0.24075093865394592,
0.23260344564914703,
0.2586160898208618,
0.19463606178760529,
0.18739892542362213,
0.176399827003479,
0.20924682915210724,
0.21645410358905792,
0.1723175197839737,
0.19883589446544647,
0.1816733479499817,
0.17181773483753204,
0.16493593156337738,
0.16323482990264893,
0.18160009384155273,
0.16364821791648865,
0.2556404769420624,
0.2661491334438324,
0.19464337825775146,
0.24544279277324677,
0.24117642641067505
]
}