{
  "sspg_10d_share_mean": 91.89083522022977,
  "sspg_10d_share_std": 1.3711438910549194,
  "di_10d_share_mean": 96.85092504492529,
  "di_10d_share_std": 0.20691802488885852
}