{
"epoch": [
1,
2,
3,
4,
5,
6,
7,
8,
9,
10,
11,
12,
13,
14,
15,
16,
17,
18,
19,
20,
21,
22,
23,
24,
25,
26,
27,
28,
29,
30,
31,
32,
33,
34,
35,
36,
37,
38,
39,
40,
41,
42,
43,
44,
45,
46,
47,
48,
49,
50,
51,
52,
53,
54,
55,
56,
57,
58,
59,
60,
61,
62,
63,
64,
65,
66,
67,
68,
69,
70,
71,
72,
73,
74,
75,
76,
77,
78,
79,
80,
81,
82,
83,
84,
85,
86,
87,
88,
89,
90,
91,
92,
93,
94,
95,
96,
97,
98,
99,
100
],
"train_loss": [
1133.1425519886584,
1089.073867042466,
1006.8804550926284,
903.4788177792389,
825.5602380733678,
784.4239663605642,
683.1526785368967,
655.3144446646813,
577.8810080348856,
458.8172317353806,
428.2520473971225,
390.5270428043781,
331.7704769927676,
297.8416120321444,
281.54727565652075,
285.6817167678682,
297.3302624390857,
297.16864278056835,
294.63220275274597,
337.27747851079056,
294.8478973690826,
272.5385696864364,
298.7367432849242,
285.11504700160265,
260.8575548228651,
283.43208962619894,
282.3580165145421,
316.143514198832,
315.3306449663521,
294.3279320745185,
296.3295399883006,
308.65660593769337,
299.5086654814163,
273.50909277472164,
285.85921516040764,
337.99135838876856,
302.0409425036742,
279.6597592193301,
306.4582977294922,
288.3044110288714,
323.78179025177906,
272.7190594059406,
308.61511577946123,
280.43283662701594,
298.2651799268062,
291.11471466970914,
324.3861083984375,
272.04801623656016,
292.99183186446083,
253.4154768839921,
291.3224529606281,
304.7441131289643,
316.4422678428121,
319.2288742820815,
311.139458684638,
320.31605835716323,
280.08718811639466,
283.0385128814395,
286.0436557732006,
248.68357803797957,
282.75732682483033,
276.31260847337177,
308.9243297010365,
248.86739311595954,
291.32292311262376,
277.4523001189279,
294.7395906353941,
264.44053706556264,
299.9364502406356,
264.9394955776706,
310.79774324020536,
270.7043892133354,
294.7277714191097,
305.5150889783803,
298.1816940307617,
310.36443336411276,
305.3115977674428,
268.85656904466083,
287.4456403373492,
295.4059224648051,
285.8661130395266,
287.23402616293123,
317.21925992304733,
280.153490500875,
281.97558646626993,
276.13736233852876,
281.6202534590617,
278.5217868313931,
297.1851232547571,
312.0919618512144,
284.93836446327737,
265.4397703869508,
293.91967705452794,
291.5335637460841,
278.46599896119375,
297.9057828695467,
277.1254357064124,
262.0453511039809,
273.00076460130146,
303.81231224890985
],
"val_loss": [
0.16835647821426392,
0.16835647821426392,
0.16835647821426392,
0.16835647821426392,
0.16835647821426392,
0.16835647821426392,
0.16835647821426392,
0.16835647821426392,
0.16835647821426392,
0.16835647821426392,
0.16835647821426392,
0.16835647821426392,
0.16835647821426392,
0.16835647821426392,
0.16835647821426392,
0.16835647821426392,
0.16835647821426392,
0.16835647821426392,
0.16835647821426392,
0.16835647821426392,
0.16835647821426392,
0.16835647821426392,
0.16835647821426392,
0.16835647821426392,
0.16835647821426392,
0.16835647821426392,
0.16835647821426392,
0.16835647821426392,
0.16835647821426392,
0.16835647821426392,
0.16835647821426392,
0.16835647821426392,
0.16835647821426392,
0.16835647821426392,
0.16835647821426392,
0.16835647821426392,
0.16835647821426392,
0.16835647821426392,
0.16835647821426392,
0.16835647821426392,
0.16835647821426392,
0.16835647821426392,
0.16835647821426392,
0.16835647821426392,
0.16835647821426392,
0.16835647821426392,
0.16835647821426392,
0.16835647821426392,
0.16835647821426392,
0.16835647821426392,
0.16835647821426392,
0.16835647821426392,
0.16835647821426392,
0.16835647821426392,
0.16835647821426392,
0.16835647821426392,
0.16835647821426392,
0.16835647821426392,
0.16835647821426392,
0.16835647821426392,
0.16835647821426392,
0.16835647821426392,
0.16835647821426392,
0.16835647821426392,
0.16835647821426392,
0.16835647821426392,
0.16835647821426392,
0.16835647821426392,
0.16835647821426392,
0.16835647821426392,
0.16835647821426392,
0.16835647821426392,
0.16835647821426392,
0.16835647821426392,
0.16835647821426392,
0.16835647821426392,
0.16835647821426392,
0.16835647821426392,
0.16835647821426392,
0.16835647821426392,
0.16835647821426392,
0.16835647821426392,
0.16835647821426392,
0.16835647821426392,
0.16835647821426392,
0.16835647821426392,
0.16835647821426392,
0.16835647821426392,
0.16835647821426392,
0.16835647821426392,
0.16835647821426392,
0.16835647821426392,
0.16835647821426392,
0.16835647821426392,
0.16835647821426392,
0.16835647821426392,
0.16835647821426392,
0.16835647821426392,
0.16835647821426392,
0.16835647821426392
]
}