{
"epoch": [
1,
2,
3,
4,
5,
6,
7,
8,
9,
10,
11,
12,
13,
14,
15,
16,
17,
18,
19,
20,
21,
22,
23,
24,
25,
26,
27,
28,
29,
30,
31,
32,
33,
34,
35,
36,
37,
38,
39,
40,
41,
42,
43,
44,
45,
46,
47,
48,
49,
50,
51,
52,
53,
54,
55,
56,
57,
58,
59,
60,
61,
62,
63,
64,
65,
66,
67,
68,
69,
70,
71,
72,
73,
74,
75,
76,
77,
78,
79,
80,
81,
82,
83,
84,
85,
86,
87,
88,
89,
90,
91,
92,
93,
94,
95,
96,
97,
98,
99,
100
],
"train_loss": [
14.736438404430043,
1.2209099314429543,
0.8067459824023309,
0.699063607624599,
0.6774710447757275,
0.6558685294993511,
0.601146873715636,
0.5887874380334631,
0.5677068357343797,
0.49455214166021966,
0.529209135414718,
0.4912380444539058,
0.45662077525993444,
0.4387027748993465,
0.42955535688957613,
0.44000341830315526,
0.43742496317083185,
0.43308683223538585,
0.42402399747402636,
0.42353840810911997,
0.4482595065197387,
0.4168130438049118,
0.42034609441633347,
0.4146512622957106,
0.4221820877744006,
0.44836575257313716,
0.4291571069073367,
0.45217816202671496,
0.4598018372213686,
0.4834791770229092,
0.464848086431429,
0.46755263518977475,
0.4597498991272666,
0.466259782964533,
0.46242789788679645,
0.4565256861123172,
0.4535222974690524,
0.45353428342125635,
0.44593049450354144,
0.6653295647014271,
0.4899284831889264,
0.460669803154933,
0.4556303744192247,
0.4741247876898035,
0.4654764231149252,
0.4562510147497251,
0.47597504978056077,
0.47557625600269865,
0.5290822309333009,
0.5398142659044886,
0.47790995433733063,
0.5323820911444627,
0.4708019905276113,
0.47631225725273035,
0.4636539027288363,
0.46389743337383516,
0.4533594355180666,
0.4881317321356241,
0.458360966923949,
0.4543417444476834,
0.45173840863364084,
0.45515184317316326,
0.4497268699206315,
0.4533946719262507,
0.44890656177099647,
0.44931762326847424,
0.45482520817162153,
0.4425261763783244,
0.4509701094070038,
0.44300240897513055,
0.4694935373671643,
0.44853038176313625,
0.4585969672574625,
0.4460414589999558,
0.46045285811671965,
0.46134633832163624,
0.45640504282790345,
0.4620857269732983,
1.4379400912817422,
0.5248881237847465,
0.5928172755551029,
0.4646831472198685,
0.4908484205023035,
0.4362580737510285,
0.4520487231867654,
0.4610509415725609,
0.42862263786328303,
0.41606431773730684,
0.42560539152715116,
0.41381165501359224,
0.41066833014612075,
0.42166256556263215,
0.43795610325677053,
0.40336765136037556,
0.4195811686577735,
0.4497497457188445,
0.45757214744369706,
0.45793919091100815,
0.4605383834281525,
0.4257517580862169
],
"val_loss": [
1.3425662517547607,
1.0981987714767456,
0.5978910326957703,
0.6724023818969727,
0.6015444993972778,
0.47453489899635315,
0.3957604765892029,
0.6697785258293152,
0.4744509756565094,
0.4679045081138611,
0.5475449562072754,
0.4710995554924011,
0.4029422700405121,
0.3418581783771515,
0.34973832964897156,
0.3701944649219513,
0.38203638792037964,
0.4086437523365021,
0.44064345955848694,
0.4327915608882904,
0.3441685140132904,
0.3349822759628296,
0.3397769033908844,
0.3709624409675598,
0.4062163233757019,
0.43021610379219055,
0.43479764461517334,
0.44356468319892883,
0.4763912558555603,
0.43797436356544495,
0.4568791687488556,
0.429231733083725,
0.4367816150188446,
0.42337945103645325,
0.41955915093421936,
0.39145636558532715,
0.36971959471702576,
0.3686464726924896,
0.3434177339076996,
0.4081912636756897,
0.3958480954170227,
0.36553969979286194,
0.3720605969429016,
0.35472092032432556,
0.3638850748538971,
0.36751338839530945,
0.43096625804901123,
1.140958309173584,
0.43451014161109924,
0.42325690388679504,
0.4375342130661011,
0.41455844044685364,
0.4534381330013275,
0.4289574921131134,
0.40079182386398315,
0.37939777970314026,
0.3567843437194824,
0.35768646001815796,
0.36799362301826477,
0.35465914011001587,
0.34803834557533264,
0.35104283690452576,
0.3215166926383972,
0.3029131591320038,
0.3074052035808563,
0.2927060127258301,
0.2865184545516968,
0.29377683997154236,
0.286607950925827,
0.3075067698955536,
0.2941763699054718,
0.28690120577812195,
0.298439621925354,
0.3068687319755554,
0.30698078870773315,
0.31995823979377747,
0.26926374435424805,
1.0756856203079224,
0.547602117061615,
0.44179245829582214,
0.3877234160900116,
0.3842611312866211,
0.3272841274738312,
0.3513498604297638,
0.355146199464798,
0.3141081929206848,
0.3217181861400604,
0.2959541082382202,
0.296964555978775,
0.3006678819656372,
0.305071085691452,
0.29402419924736023,
0.28557461500167847,
0.2768504023551941,
0.31150022149086,
0.41835319995880127,
0.3880993127822876,
0.299186110496521,
0.417422354221344,
0.2693895697593689
]
}