{
  "sspg": {
    "n": 16,
    "pearson_r": 0.5007646973886487,
    "spearman_r": 0.5735294117647058,
    "r2": 0.0872235088711788,
    "rmse": 81.14745013120798,
    "mae": 52.44130992889404
  },
  "di": {
    "n": 16,
    "pearson_r": 0.644923187702996,
    "spearman_r": 0.5735294117647058,
    "r2": -0.650855764823318,
    "rmse": 0.9315205276585431,
    "mae": 0.8435952006195855
  },
  "icc_sspg": {
    "n_subjects": 30,
    "n_rows": 175,
    "k_eff": 5.832118226600985,
    "icc1": 0.5328467220877128
  },
  "icc_di": {
    "n_subjects": 30,
    "n_rows": 175,
    "k_eff": 5.832118226600985,
    "icc1": 0.5345204260516283
  }
}