{
  "n": 16,
  "pearson_r": -0.6447851624500278,
  "pearson_p": 0.007003318507349793,
  "spearman_r": -0.5735294117647058,
  "spearman_p": 0.02019103804652309,
  "r2": -12.312170800558878,
  "rmse": 2.645223090274498,
  "mae": 2.457883341163578
}