{
  "n": 20,
  "pearson_r": 0.4813936720422906,
  "pearson_p": 0.03163372337430076,
  "spearman_r": 0.5458646616541353,
  "spearman_p": 0.012783628876204734,
  "r2": 0.011082893296143315,
  "rmse": 79.37687044688951,
  "mae": 63.348245798746746
}