{
  "n": 16,
  "pearson_r": 0.6804888313337842,
  "pearson_p": 0.0037171221044855576,
  "spearman_r": 0.5823529411764706,
  "spearman_p": 0.017932734131035355,
  "r2": 0.2142844625394762,
  "rmse": 0.6426441154104912,
  "mae": 0.5000742953162605
}