{
  "n": 20,
  "pearson_r": 0.5222695949401801,
  "pearson_p": 0.018163147032394467,
  "spearman_r": 0.5909774436090225,
  "spearman_p": 0.006070153699275827,
  "r2": 0.06921799021847641,
  "rmse": 77.00838538056114,
  "mae": 60.95449853497614
}