{
  "config": "Exp5_Finetune_16D",
  "seed": 13,
  "ckpt": "/Users/hertz1030/Documents/GitHub/interpretable-cgm-representations/New_paper1_results_glucovector_v17_multiseed/Exp5_Finetune_16D/seed_13/phase2_finetune_head/autoencoder_p1_full.pt",
  "sspg": {
    "target": "sspg",
    "train_metric": {
      "n": 63,
      "pearson_r": 0.34552054608019095,
      "spearman_r": 0.3665722514073838,
      "r2": 0.10619887588248134,
      "rmse": 70.35711881109651,
      "mae": 60.98932885931516
    },
    "d4_raw_metric": {
      "n": 20,
      "pearson_r": 0.5732064964676686,
      "spearman_r": 0.675187969924812,
      "r2": 0.10635512864722663,
      "rmse": 75.4564746648684,
      "mae": 59.010139853241185
    },
    "d4_cal_metric": {
      "n": 20,
      "pearson_r": 0.5732064964676685,
      "spearman_r": 0.675187969924812,
      "r2": 0.16473011584995212,
      "rmse": 72.95035992293116,
      "mae": 55.28192504863871
    },
    "calibration": {
      "a": 1.3685309724044425,
      "b": -53.838151415357345
    }
  },
  "di": {
    "target": "di",
    "train_metric": {
      "n": 63,
      "pearson_r": 0.3817480337665391,
      "spearman_r": 0.35090666893210604,
      "r2": 0.12272974760674404,
      "rmse": 1.0525749540786022,
      "mae": 0.8180620265908735
    },
    "d4_raw_metric": {
      "n": 16,
      "pearson_r": 0.6631901356528241,
      "spearman_r": 0.6147058823529412,
      "r2": 0.05762831973280058,
      "rmse": 0.7037995383920259,
      "mae": 0.616252082428894
    },
    "d4_cal_metric": {
      "n": 16,
      "pearson_r": 0.6631901356528243,
      "spearman_r": 0.6147058823529412,
      "r2": 0.269107872344968,
      "rmse": 0.6198184598359073,
      "mae": 0.5373048998066474
    },
    "calibration": {
      "a": 1.2471024913465953,
      "b": -0.6205911202032993
    }
  }
}