{
  "mechanism_10d_share_sspg": 91.31445031121895,
  "nonseq_16d_share_sspg": 8.685549688781041
}