{
  "sspg": {
    "rmse": 68.89581385366775,
    "mae": 49.2125424279107,
    "r2": -0.040941712595930824,
    "pearson_r": -0.06544877882859486,
    "pearson_p": 0.7045089649615526,
    "spearman_r": -0.10511414951077659,
    "spearman_p": 0.5417816834716453,
    "n": 36
  },
  "di": {
    "rmse": 0.943417567835421,
    "mae": 0.8558500707149506,
    "r2": -1.4724143782497703,
    "pearson_r": 0.4063702471414522,
    "pearson_p": 0.18990692783436106,
    "spearman_r": 0.3077755465164173,
    "spearman_p": 0.3304516664324585,
    "n": 12
  }
}