{
"epoch": [
1,
2,
3,
4,
5,
6,
7,
8,
9,
10,
11,
12,
13,
14,
15,
16,
17,
18,
19,
20,
21,
22,
23,
24,
25,
26,
27,
28,
29,
30,
31,
32,
33,
34,
35,
36,
37,
38,
39,
40,
41,
42,
43,
44,
45,
46,
47,
48,
49,
50,
51,
52,
53,
54,
55,
56,
57,
58,
59,
60,
61,
62,
63,
64,
65,
66,
67,
68,
69,
70,
71,
72,
73,
74,
75,
76,
77,
78,
79,
80,
81,
82,
83,
84,
85,
86,
87,
88,
89,
90,
91,
92,
93,
94,
95,
96,
97,
98,
99,
100
],
"train_loss": [
14.231334399050615,
1.9215758428798886,
1.2393276428613138,
1.0463128615552046,
1.023589174578509,
0.9938721009126799,
1.0882865960203756,
1.0934852765301082,
1.0649942291064525,
1.0635658826414995,
1.0709882111061277,
1.1442601361612634,
1.243156654628243,
1.2317871043062585,
1.229886483489059,
1.2611732313952109,
1.2205224694229486,
1.2315450681476143,
1.2512546280237633,
1.2793189625101766,
1.2539850445244256,
1.2491854410471879,
1.2675373150607732,
1.264226517339391,
1.253590172670019,
1.3106189844176526,
1.2808261621655441,
1.2852936945562288,
1.396217766709215,
1.3538860899256908,
1.4636604279045045,
1.4456916878542563,
1.5460845241396446,
1.6344534261958805,
1.7115114514283307,
1.7305113584037841,
1.8292787750874917,
1.9608598412491205,
2.0300930334827094,
2.1703620670348642,
2.0797548707075943,
2.3040813292105367,
2.3800059566347618,
2.3892460526443844,
2.5033715127959963,
2.6104497233713704,
3.06710581141194,
3.6648823670514927,
3.2395989143942283,
3.274096109735684,
3.8571176979485458,
3.8455676750873957,
4.292971659833052,
4.388226708089273,
4.642023161640317,
5.323672242051973,
5.19764451530036,
5.54741813629631,
6.224170166676439,
5.831778214672419,
6.366639741762417,
7.137515143146665,
7.063195025827002,
7.227354710496317,
7.83378981042096,
8.298650839197354,
9.239511174479807,
9.248385804844654,
10.281140364999846,
11.14748944260004,
11.303565280643975,
11.91116598084217,
13.364582609942579,
13.2579563471276,
13.620485133073462,
14.033017699174055,
15.351213244941292,
15.666249643160603,
16.96348302946316,
17.494154051532895,
18.117485091442198,
18.238598816038117,
19.002890309010905,
20.234974147766593,
22.057728114090565,
22.84418984660952,
23.941150244765396,
24.534387543445497,
25.113005930983174,
25.932050269419754,
27.07329048697404,
28.33523248687504,
29.43615387743852,
30.945290002297227,
33.24217449398491,
35.02157031081793,
36.9569549260177,
38.95374823742964,
40.743389970674286,
42.14487829734021
],
"val_loss": [
1.1787195205688477,
0.6611593961715698,
0.5421258211135864,
0.44998931884765625,
0.5131641626358032,
0.4297957420349121,
0.4887874722480774,
0.4322453439235687,
0.4369327127933502,
0.36390095949172974,
0.3470400273799896,
0.3772771954536438,
0.33973032236099243,
0.3409758508205414,
0.33530253171920776,
0.329501211643219,
0.3438284993171692,
0.32226061820983887,
0.3482016623020172,
0.34058547019958496,
0.3515377640724182,
0.32606661319732666,
0.3629956543445587,
0.3624887466430664,
0.34927898645401,
0.3850608468055725,
0.469663143157959,
0.32876068353652954,
0.31122887134552,
0.3033304214477539,
0.3437640070915222,
0.307330459356308,
0.3468933403491974,
0.2925289273262024,
0.301249623298645,
0.3376278281211853,
0.2900386452674866,
0.30194252729415894,
0.3369731605052948,
0.33235493302345276,
0.34905576705932617,
0.32067200541496277,
0.34728309512138367,
0.3991265892982483,
0.3471192717552185,
0.3033740520477295,
0.29102396965026855,
0.2909785509109497,
0.2969297766685486,
0.2819698452949524,
0.27184125781059265,
0.277195543050766,
0.2727363705635071,
0.2741258442401886,
0.2585020363330841,
0.2657884955406189,
0.2592627704143524,
0.2286069244146347,
0.20271210372447968,
0.27278169989585876,
0.20498473942279816,
0.21016578376293182,
0.3312593400478363,
0.2525787651538849,
0.2638345956802368,
0.23802751302719116,
0.1981184035539627,
0.22361336648464203,
0.20575259625911713,
0.19590958952903748,
0.19812527298927307,
0.21252796053886414,
0.19517531991004944,
0.20572449266910553,
0.20281879603862762,
0.29110923409461975,
0.22062475979328156,
0.21521177887916565,
0.2914051115512848,
0.21146675944328308,
0.19913119077682495,
0.21965260803699493,
0.18904301524162292,
0.174539253115654,
0.18324962258338928,
0.18332205712795258,
0.24011191725730896,
0.2412031888961792,
0.22946853935718536,
0.1896115243434906,
0.1908668875694275,
0.19572260975837708,
0.2050553411245346,
0.2019515186548233,
0.20201587677001953,
0.17585903406143188,
0.17422054708003998,
0.16909651458263397,
0.23563817143440247,
0.22112111747264862
]
}