{
  "sspg": {
    "rmse": 89.529740329064,
    "mae": 77.87485758463542,
    "r2": -0.032506806012154055,
    "pearson_r": 0.002352091099456048,
    "pearson_p": 0.9964718698570909,
    "spearman_r": 0.14285714285714288,
    "spearman_p": 0.7871720116618075,
    "n": 6
  },
  "di": {
    "rmse": 1.3197327140799606,
    "mae": 1.128725004196167,
    "r2": -3.3024476715968243,
    "pearson_r": -0.28975933299164436,
    "pearson_p": 0.636296642573257,
    "spearman_r": -0.19999999999999998,
    "spearman_p": 0.747060078104662,
    "n": 5
  }
}