{
"epoch": [
1,
2,
3,
4,
5,
6,
7,
8,
9,
10,
11,
12,
13,
14,
15,
16,
17,
18,
19,
20,
21,
22,
23,
24,
25,
26,
27,
28,
29,
30,
31,
32,
33,
34,
35,
36,
37,
38,
39,
40,
41,
42,
43,
44,
45,
46,
47,
48,
49,
50,
51,
52,
53,
54,
55,
56,
57,
58,
59,
60,
61,
62,
63,
64,
65,
66,
67,
68,
69,
70,
71,
72,
73,
74,
75,
76,
77,
78,
79,
80,
81,
82,
83,
84,
85,
86,
87,
88,
89,
90,
91,
92,
93,
94,
95,
96,
97,
98,
99,
100
],
"train_loss": [
22.577251080239172,
4.805712734118546,
1.6962972371885092,
1.145591122089046,
1.3490864876473303,
1.095124895029729,
0.8350388072799928,
0.918718968287553,
0.8348381719966926,
0.800581955083526,
0.737899520314566,
0.8090375290058627,
0.6896485025339788,
1.061316976452818,
1.447396204023078,
0.9471073917823263,
1.2757025248933547,
0.7610135290882375,
0.669352398650481,
0.6784041131486988,
1.1761051640652194,
0.8130713571416269,
0.7592380979273579,
0.6006793043400982,
0.6023729915666108,
0.5443504930722831,
0.5790104175558185,
0.5411473677890135,
0.6539011072404314,
0.6950110616070209,
0.6586292450970942,
0.6970709975403134,
0.607157828784225,
0.6225849342818307,
0.5167794085965298,
0.4959863099721399,
0.49399296068909143,
0.7855792128213561,
0.6166291974558689,
0.7960625264314142,
0.5727998274977845,
0.5564848588834895,
0.5481938501395801,
0.500002128653007,
0.45451649993953136,
0.4608389640798663,
0.4452709691359265,
0.5062451864233112,
0.4457697036242721,
0.6843300780447403,
0.6722876883969449,
0.6011059414042105,
0.5087440438789896,
0.5360411712438753,
0.5828441773900891,
0.5485578492136285,
0.5038516025732059,
0.6159291187725445,
0.5978934879940335,
0.5937114133693204,
0.5059604272984042,
0.4699143973907622,
0.46638319811018386,
0.432480256746311,
0.43869418643488745,
0.46794007674302207,
0.4167095399138951,
0.47622514390709375,
0.446020502855282,
0.48742730222126046,
0.47285691641344885,
0.4372327469363071,
0.5321100472223641,
0.4460203148941002,
0.4842295322087732,
0.4059468336624674,
0.42171814890191106,
0.442814034990745,
0.5288956613823919,
0.505265456615108,
0.48103455918850285,
0.4468664190556743,
0.44868757111011165,
0.40903889926353304,
0.41138609181536306,
0.4627369536031591,
0.41060336952162263,
0.48312221806828337,
0.4363496722561298,
0.42702166190241825,
0.41203306659613503,
0.3937728493520529,
0.4713683848333831,
0.4609519137014257,
0.45074078853767696,
0.46587952617371436,
0.5016954606122309,
0.4451995615911956,
0.5298822374627141,
0.5235309465096729
],
"val_loss": [
1.7465161085128784,
1.4144620895385742,
1.2125062942504883,
0.8692064881324768,
0.9867631196975708,
0.9999759793281555,
1.0494662523269653,
0.9295529723167419,
0.7722066044807434,
0.7938475608825684,
0.9267182946205139,
0.940030574798584,
0.696208119392395,
0.6725157499313354,
0.6557124853134155,
0.6253830790519714,
0.6826602220535278,
0.8112179040908813,
0.6571682095527649,
0.7720338702201843,
0.8810803294181824,
0.7854018211364746,
0.8432509899139404,
0.6850770115852356,
0.6768805980682373,
0.7033141255378723,
0.6654052138328552,
0.6242672801017761,
0.6141217350959778,
0.6514618396759033,
0.6741431355476379,
0.7815923094749451,
0.7887784838676453,
0.5764718055725098,
0.5630465745925903,
0.6831392049789429,
0.5532897114753723,
0.5407888293266296,
0.5771728157997131,
0.6240772008895874,
0.5339615345001221,
0.5499402284622192,
0.5322661995887756,
0.5517638921737671,
0.5233174562454224,
0.5413230657577515,
0.48155471682548523,
0.49699681997299194,
0.4809502065181732,
0.6484512090682983,
0.6063730120658875,
0.5642855167388916,
0.5436586737632751,
0.7608113884925842,
0.49577370285987854,
0.46762552857398987,
0.7480447292327881,
0.6094419956207275,
0.5852358341217041,
0.5635460019111633,
0.5237186551094055,
0.5045840740203857,
0.474974662065506,
0.4866361916065216,
0.5011516809463501,
0.48164981603622437,
0.4752815067768097,
0.4705621004104614,
0.4590812027454376,
0.4532475769519806,
0.4779387414455414,
0.4540621340274811,
0.4637233316898346,
0.4546915292739868,
0.4723295569419861,
0.4534893333911896,
0.4962782561779022,
0.5055252313613892,
0.4762650728225708,
0.47675564885139465,
0.48938390612602234,
0.4889286756515503,
0.467700332403183,
0.427685022354126,
0.4210777282714844,
0.40067481994628906,
0.3890379071235657,
0.42141714692115784,
0.4840260446071625,
0.44666531682014465,
0.447621613740921,
0.38475918769836426,
0.3999745845794678,
0.41845619678497314,
0.5829623937606812,
0.4895821511745453,
0.44353431463241577,
0.478608638048172,
0.6122356653213501,
0.5692983269691467
]
}