{
  "sspg": {
    "rmse": 69.05087449084064,
    "mae": 49.33936055501302,
    "r2": -0.045632584629394346,
    "pearson_r": -0.0671369432587933,
    "pearson_p": 0.6972429742182946,
    "spearman_r": -0.18333919257379933,
    "spearman_p": 0.2844762247285032,
    "n": 36
  },
  "di": {
    "rmse": 0.9363622432259832,
    "mae": 0.8547321557998657,
    "r2": -1.4355728766368512,
    "pearson_r": -0.26903164940615376,
    "pearson_p": 0.39780181963925854,
    "spearman_r": -0.27914526311954124,
    "spearman_p": 0.37959090019779784,
    "n": 12
  }
}