{
"epoch": [
1,
2,
3,
4,
5,
6,
7,
8,
9,
10,
11,
12,
13,
14,
15,
16,
17,
18,
19,
20,
21,
22,
23,
24,
25,
26,
27,
28,
29,
30,
31,
32,
33,
34,
35,
36,
37,
38,
39,
40,
41,
42,
43,
44,
45,
46,
47,
48,
49,
50,
51,
52,
53,
54,
55,
56,
57,
58,
59,
60,
61,
62,
63,
64,
65,
66,
67,
68,
69,
70,
71,
72,
73,
74,
75,
76,
77,
78,
79,
80,
81,
82,
83,
84,
85,
86,
87,
88,
89,
90,
91,
92,
93,
94,
95,
96,
97,
98,
99,
100,
101,
102,
103,
104,
105,
106,
107,
108,
109,
110,
111,
112,
113,
114,
115,
116,
117,
118,
119,
120,
121,
122,
123,
124,
125,
126,
127,
128,
129,
130,
131,
132,
133,
134,
135,
136,
137,
138,
139,
140,
141,
142,
143,
144,
145,
146,
147,
148,
149,
150,
151,
152,
153,
154,
155,
156,
157,
158,
159,
160,
161,
162,
163,
164,
165,
166,
167,
168,
169,
170,
171,
172,
173,
174,
175,
176,
177,
178,
179,
180,
181,
182,
183,
184,
185,
186,
187,
188,
189,
190,
191,
192,
193,
194,
195,
196,
197,
198,
199,
200
],
"train_loss": [
17.22021987494521,
3.8734457417735904,
2.957021426028154,
2.311358342959186,
1.8841169312244326,
1.7517878380347425,
1.7479468987682674,
1.8073018789291382,
1.8638755524252344,
1.8842796256223062,
2.008902775959706,
1.9618298951096422,
2.0026067213749323,
2.0200715421691653,
1.9040592758674322,
1.8803544917444543,
1.999399190812599,
1.978780784006194,
1.8011913224468081,
1.8827122224597481,
1.9951906636005312,
2.112065489836565,
2.279409412323959,
2.38202074193579,
2.469277603419747,
2.714866180119552,
3.062409449750044,
3.2264581533867545,
3.521270081752867,
3.5469647336193897,
3.2557489045961634,
3.290884425320963,
3.3102936725916825,
2.7262102318560983,
3.0140758330427757,
3.170811144385751,
3.3702176593420075,
3.41663109599136,
3.895652296036247,
4.109835752352017,
4.185513563982145,
4.548025514197162,
4.804739167371134,
5.153189017078069,
5.346929929387851,
5.669349103462039,
5.829619445200041,
6.594265712527778,
7.5208966638159565,
8.23714843509704,
9.373935759536863,
10.646585960087814,
11.847952369629867,
12.804749015748031,
12.692969900416577,
14.231049357436774,
15.081296635424996,
16.750082706841898,
17.658789717306302,
18.33685681200403,
19.77447538300762,
21.233940905473364,
21.32341927055299,
24.044325415543685,
25.64249710022934,
27.414584317545252,
28.347554980300544,
28.221917235006497,
30.360017115675557,
31.97838253111351,
33.94174891194021,
35.29203078502745,
37.930326717106375,
39.562745672511305,
40.995101478156144,
42.31423322422298,
45.52957336545929,
46.99571438286248,
49.96944875041331,
53.55867500004806,
54.45011655552181,
53.373475172388275,
54.69568829273614,
56.2282085869256,
59.05749331496832,
64.75392919825757,
66.29569046140655,
73.18941431721365,
75.47515118215966,
79.68409080205001,
79.30259061798336,
82.21308244119479,
83.57066531444158,
81.04162657730222,
84.7774770541454,
89.13166496697373,
86.66209585835614,
84.67476473830817,
86.52040706844781,
88.99619701715905,
92.28969712144746,
95.59966115876446,
96.63150913508858,
105.09589067594273,
115.44621631291908,
114.8899169681579,
111.61918718232883,
113.77222454641748,
119.9211080355907,
122.86154733492633,
122.32707923228347,
127.67336002860482,
133.3957596425935,
128.91163749394454,
125.81679607000876,
128.4818493700403,
132.77569051427164,
136.66816855603315,
138.63283040204385,
140.3158416748047,
144.45098564568468,
150.95369474155697,
158.95855760949803,
161.79525588628815,
162.88086802565206,
165.75534718430887,
169.16362792488158,
171.18039360947498,
175.54738995409386,
180.94229979026974,
186.93980107344981,
192.44080346775806,
196.3452881339967,
203.01972096360575,
201.04272148552843,
208.90816095307116,
211.66741282545675,
212.3844161146269,
216.3923983836737,
219.9280057892086,
223.6138548362912,
227.92478426234928,
231.4192248967689,
234.87567643293247,
241.10857889971396,
246.59791913370447,
253.97681072565516,
259.0745078259566,
263.5904766893762,
272.05922957292694,
280.6493595153328,
286.18135995939963,
290.9886058897484,
294.90997362512303,
306.8386785552258,
313.3241012453094,
315.9179552934301,
320.5998042549674,
325.3941429318406,
332.91906642162894,
338.523782805195,
342.31838436577266,
347.31181299404835,
355.49222570704666,
352.74805047943835,
350.35602503498706,
356.31125767024486,
360.61404851477914,
366.3610952782819,
373.8628592904158,
388.9079825333723,
405.6729844461276,
407.9983265794168,
417.05010481706756,
419.7852273775837,
427.14769330362634,
435.78644832100457,
443.3048511415016,
444.3467212586891,
453.5088698019193,
454.4931554118479,
461.05715365672677,
465.5737571415939,
469.14543572373276,
476.9428946427473,
478.0642601673997,
480.93937671090674,
489.8026944858821,
487.32994980699436,
490.3701993686946,
494.7851769154466,
494.57726065568096,
498.79223560723733,
508.4072294460507,
509.8549730195774,
510.64128773606666,
517.6481904758243,
523.2465791476993,
534.4578713244341,
546.0311889648438
],