{
"epoch": [
1,
2,
3,
4,
5,
6,
7,
8,
9,
10,
11,
12,
13,
14,
15,
16,
17,
18,
19,
20,
21,
22,
23,
24,
25,
26,
27,
28,
29,
30,
31,
32,
33,
34,
35,
36,
37,
38,
39,
40,
41,
42,
43,
44,
45,
46,
47,
48,
49,
50,
51,
52,
53,
54,
55,
56,
57,
58,
59,
60,
61,
62,
63,
64,
65,
66,
67,
68,
69,
70,
71,
72,
73,
74,
75,
76,
77,
78,
79,
80,
81,
82,
83,
84,
85,
86,
87,
88,
89,
90,
91,
92,
93,
94,
95,
96,
97,
98,
99,
100
],
"train_loss": [
913.5052651886892,
390.4228482388034,
443.5561873936417,
395.3328229696444,
353.51136099938117,
288.2423823894841,
332.4866834583849,
291.01514517906867,
318.202372333791,
290.62422074421795,
237.75105164782835,
301.2471410165919,
351.6640293385723,
359.84512903194616,
256.47770267902035,
256.9731803365273,
256.76679479013575,
255.55869499055467,
252.60803011148283,
271.50231268854424,
244.5784578228941,
243.77736973526453,
245.54416331678334,
375.75635883595686,
257.5487826507871,
239.8891631777924,
227.90528446612973,
196.6700385065362,
258.6283016771373,
251.4463582558207,
241.92303104211788,
226.27209706825786,
210.83925454923423,
224.7899541571589,
201.87891773186107,
226.6749128587175,
198.3601085171841,
214.20633440678662,
177.58443923043734,
197.9106291213838,
236.66623468682317,
193.65299549669322,
190.19090512719484,
190.03419539952043,
242.08332779383895,
209.82130394359626,
178.57431090704284,
185.03937674040841,
194.33639798306004,
246.69301129331683,
220.41081600378055,
183.6679330957998,
245.31879360841052,
220.2703491815246,
202.4691552643729,
183.56230571482442,
163.5447971608379,
213.822273858703,
193.40924155358042,
205.51071302961594,
165.93931179235477,
206.46199639953008,
183.37836841545482,
154.14779179639154,
132.59304265692683,
133.2192536911162,
185.3648439917234,
126.15039934970365,
146.1814735337059,
182.21057438614343,
144.35511135818933,
148.58552657023515,
144.63205107131807,
116.96678063420966,
125.60897177516824,
114.38369937934498,
186.14651519473236,
124.74571333781327,
194.433305343779,
127.59126092891881,
176.8760037563815,
191.97009677698117,
172.67591026986,
159.39467794588296,
159.64692412272538,
150.9781769856368,
130.69221088673808,
168.1582995122022,
176.9565097317837,
217.11540834030302,
121.23942641456529,
175.67026270498144,
162.3452415088616,
134.44838087629563,
105.46411419859027,
96.31217074630284,
115.43556691160296,
128.01909705435875,
108.80303471631343,
111.55852085528987
],
"val_loss": [
2.613919734954834,
2.683133363723755,
2.914339303970337,
3.3022451400756836,
2.9973092079162598,
2.6086268424987793,
2.530147075653076,
2.089693546295166,
2.1407864093780518,
9.736738204956055,
1.2978445291519165,
0.7751266956329346,
0.7651985883712769,
0.727817952632904,
0.702506422996521,
0.7611016035079956,
0.8004855513572693,
0.9580187201499939,
0.763836145401001,
0.7383192777633667,
0.7897152900695801,
0.7011839747428894,
0.8205996155738831,
0.7922976613044739,
0.6926556825637817,
0.672960638999939,
0.723068356513977,
0.784593403339386,
0.6933594942092896,
0.8112041354179382,
0.7120786309242249,
0.7597813010215759,
0.7423778176307678,
0.7248938679695129,
0.6763015985488892,
0.8112645149230957,
0.7731009125709534,
0.6966139078140259,
0.6963300704956055,
0.6597152948379517,
0.5650835633277893,
0.5775803923606873,
0.5988360643386841,
0.5650210976600647,
0.626505970954895,
0.6680351495742798,
0.6677581667900085,
0.6244438886642456,
0.5486539006233215,
0.5467962026596069,
0.568045437335968,
0.6336046457290649,
0.6574943661689758,
0.590695858001709,
0.5166277289390564,
0.5992512106895447,
0.46230077743530273,
0.5352968573570251,
0.5699950456619263,
0.5812314748764038,
0.46135932207107544,
0.5600616335868835,
0.537647545337677,
0.424494206905365,
0.44999390840530396,
0.5718310475349426,
0.4882941246032715,
0.5248973369598389,
0.547605037689209,
0.6004844903945923,
0.6268220543861389,
0.6128849387168884,
0.6641277074813843,
0.539139986038208,
0.5727637410163879,
0.5105266571044922,
0.6714757084846497,
0.5964565277099609,
0.5977941751480103,
0.6290282607078552,
0.5227668881416321,
0.5878645181655884,
0.6563298106193542,
0.4828464388847351,
0.4979919493198395,
0.5801162123680115,
0.535646915435791,
0.587933361530304,
1.0526736974716187,
0.9308775067329407,
0.8635467886924744,
0.517033040523529,
0.6129385232925415,
0.6889264583587646,
0.7889665961265564,
0.7739802598953247,
0.7767159938812256,
0.5983462333679199,
0.6360053420066833,
0.5687463283538818
]
}