{
"epoch": [
1,
2,
3,
4,
5,
6,
7,
8,
9,
10,
11,
12,
13,
14,
15,
16,
17,
18,
19,
20,
21,
22,
23,
24,
25,
26,
27,
28,
29,
30,
31,
32,
33,
34,
35,
36,
37,
38,
39,
40,
41,
42,
43,
44,
45,
46,
47,
48,
49,
50,
51,
52,
53,
54,
55,
56,
57,
58,
59,
60,
61,
62,
63,
64,
65,
66,
67,
68,
69,
70,
71,
72,
73,
74,
75,
76,
77,
78,
79,
80,
81,
82,
83,
84,
85,
86,
87,
88,
89,
90,
91,
92,
93,
94,
95,
96,
97,
98,
99,
100
],
"train_loss": [
2.2978759833744595,
2.4307837424340186,
2.076322363568591,
1.2073060537313487,
1.4129303120947503,
1.2041064686589427,
1.4758689480942566,
1.0878786978783546,
0.8438177302286223,
0.9038564717614805,
0.8193490690999217,
0.8811593078947687,
0.6570108006526898,
0.6656773593518641,
0.6596092264373581,
0.6926519228266431,
0.5967557902459975,
0.6136046392577035,
0.621238028848326,
0.6118042515469836,
0.5807437455499327,
0.5733787316780585,
0.6294039812954989,
0.6618622727208323,
0.5824541906257729,
0.5473403001760507,
0.5561121632526447,
0.5426541690702562,
0.5255728789738247,
0.5507262852284815,
0.5725305064932092,
0.5545737944640122,
0.5157987606989873,
0.5364935645809421,
0.5330351362754773,
0.5301602192513355,
0.5353688489307057,
0.5416267963198872,
0.5180937458168376,
0.5280872281495627,
0.5359469079352045,
0.5181850040113771,
0.5391429252438731,
0.5021410619283652,
0.5384442589499734,
0.5204184941657177,
0.5103994921430365,
0.5124076701603927,
0.5020195876623129,
0.5201123287151386,
0.5148955858373022,
0.5253335376838585,
0.50538846579465,
0.5094615135874067,
0.4793438439245348,
0.4882735927383621,
0.5149448274017928,
0.5216050535053401,
0.4990800065653665,
0.4914641612535947,
0.497443539755685,
0.49882001381415825,
0.48739143780299593,
0.521214396148533,
0.4890219681448751,
0.49434775578511225,
0.4848471562583725,
0.5195767252476184,
0.5141283776852992,
0.49287962913513184,
0.5108436717615499,
0.5254477332164715,
0.48365534900070783,
0.48839684237133374,
0.4995066070711458,
0.5063642518860954,
0.4934676800455366,
0.48629915714263916,
0.48925871895505235,
0.500653211172525,
0.48799268301431237,
0.49341560300294457,
0.4790361361070113,
0.511163063637622,
0.5008860857455761,
0.4975977489700565,
0.49399748947713285,
0.4956429647160815,
0.4832183672236158,
0.5388891069920032,
0.4960860981569662,
0.49065068867299466,
0.5060267796764126,
0.5040446074752064,
0.49597147532871794,
0.5134041882180548,
0.5007436345149945,
0.4957615500920779,
0.48433887726300723,
0.4849594247031522
],
"val_loss": [
0.25907596945762634,
0.25831833481788635,
0.2599031627178192,
0.2589242458343506,
0.25905388593673706,
0.26049190759658813,
0.26244544982910156,
0.2640882134437561,
0.2651785612106323,
0.26502737402915955,
0.2650976777076721,
0.26455095410346985,
0.2642113268375397,
0.26492345333099365,
0.2655709683895111,
0.26542404294013977,
0.2659498155117035,
0.2652961015701294,
0.2655665874481201,
0.26496145129203796,
0.26478931307792664,
0.2640867233276367,
0.2653929889202118,
0.2632451355457306,
0.26379573345184326,
0.2626397907733917,
0.26082780957221985,
0.25799840688705444,
0.2601530849933624,
0.26159292459487915,
0.2641870975494385,
0.26410186290740967,
0.2630164325237274,
0.26398760080337524,
0.261354923248291,
0.26684144139289856,
0.2659023106098175,
0.2662559449672699,
0.2676157057285309,
0.2682608962059021,
0.2655104100704193,
0.2625871002674103,
0.2613624930381775,
0.2615279257297516,
0.2622048258781433,
0.2614955008029938,
0.262892484664917,
0.26269957423210144,
0.26122239232063293,
0.2615636885166168,
0.26132896542549133,
0.2615969181060791,
0.2619257867336273,
0.26304158568382263,
0.2632670998573303,
0.26259493827819824,
0.2619587779045105,
0.2625310719013214,
0.2623542547225952,
0.26216408610343933,
0.26213574409484863,
0.2621958255767822,
0.2621217966079712,
0.2623405158519745,
0.26235100626945496,
0.2626316547393799,
0.26278868317604065,
0.26265132427215576,
0.262481689453125,
0.26219800114631653,
0.2622985541820526,
0.26245662569999695,
0.26265859603881836,
0.26230916380882263,
0.2622193992137909,
0.2624019384384155,
0.26190564036369324,
0.26178327202796936,
0.26139408349990845,
0.26168733835220337,
0.26160815358161926,
0.26115626096725464,
0.26086580753326416,
0.2608235776424408,
0.2609619200229645,
0.2610715925693512,
0.2611733675003052,
0.2610236704349518,
0.26070016622543335,
0.260623037815094,
0.2606508433818817,
0.26062148809432983,
0.2606663107872009,
0.26072439551353455,
0.26070427894592285,
0.26072096824645996,
0.26079097390174866,
0.2608572244644165,
0.2608872950077057,
0.2608935236930847
]
}