{
"epoch": [
1,
2,
3,
4,
5,
6,
7,
8,
9,
10,
11,
12,
13,
14,
15,
16,
17,
18,
19,
20,
21,
22,
23,
24,
25,
26,
27,
28,
29,
30,
31,
32,
33,
34,
35,
36,
37,
38,
39,
40,
41,
42,
43,
44,
45,
46,
47,
48,
49,
50,
51,
52,
53,
54,
55,
56,
57,
58,
59,
60,
61,
62,
63,
64,
65,
66,
67,
68,
69,
70,
71,
72,
73,
74,
75,
76,
77,
78,
79,
80,
81,
82,
83,
84,
85,
86,
87,
88,
89,
90,
91,
92,
93,
94,
95,
96,
97,
98,
99,
100
],
"recon_loss": [
0.24067660159878917,
0.24271331862969833,
0.2409860917500087,
0.23805655326162065,
0.24001325357269931,
0.23833170339658663,
0.2498927456992013,
0.2490387171893925,
0.25220156586789466,
0.27344728638599447,
0.2511620149983988,
0.24535295135015017,
0.24986774580819265,
0.2484601941201594,
0.25045896311859034,
0.24934284060032336,
0.2512880443752586,
0.24750374722016322,
0.25027320872653613,
0.2508621966684019,
0.24434219939368113,
0.25341987068002875,
0.24154518951069226,
0.25307766531969045,
0.23991878059777347,
0.24942829740511907,
0.24325160314510394,
0.24416788599707864,
0.24459396457517302,
0.24770652125408124,
0.2524500493105356,
0.25145479939974746,
0.23961045796220953,
0.24648688404591051,
0.24371833344558616,
0.24896110226581622,
0.24906815627178588,
0.2632314775671278,
0.2568045637824319,
0.24792989817532626,
0.2546211982315237,
0.25118250332095404,
0.24584867195649582,
0.2573937616952054,
0.2488211366263303,
0.24716383489695462,
0.24690640224264815,
0.2523515243808945,
0.25635774182034776,
0.25281676030778266,
0.25098200510074564,
0.25243483387030563,
0.24517067570190926,
0.2407312611867855,
0.2484004594288863,
0.2437897500666705,
0.2453170045242681,
0.25272525227689124,
0.2460169087756764,
0.24182314493439414,
0.2361295943136339,
0.2465776837878413,
0.24130557303304795,
0.25601659231371693,
0.24281087962837963,
0.2441602357022174,
0.245382005518133,
0.25259513707904074,
0.245466288034018,
0.24137140558911607,
0.25267358182312605,
0.2532002331761571,
0.24382766384583016,
0.24724727094947518,
0.2373361519791863,
0.24082806822541472,
0.2507103805418138,
0.24015075413437634,
0.2393721972967123,
0.24979955770752646,
0.2468730505410727,
0.24224487721145926,
0.23949913041932241,
0.2324641708816801,
0.2423779329696259,
0.25328825414180756,
0.24946932010836415,
0.25037710581507,
0.23826124877124638,
0.2514972696443657,
0.25122987604760505,
0.24228771514706798,
0.24196830643461897,
0.24694697849162214,
0.24181465940041977,
0.24876791858053826,
0.23734516756875174,
0.24320618556691453,
0.24142474535997813,
0.24642860812026185
],
"sspg_loss": [
12.741967554216261,
11.95912032313161,
11.29573965691901,
4.839680225818189,
6.7075002317304735,
5.387317422148469,
7.743134498596191,
4.9194577266643575,
3.1449849636523757,
3.4452192845282616,
3.18857682215703,
3.8757873138824066,
2.1895204426406267,
1.8869943804555125,
1.8197373554304048,
2.063621592212033,
1.3836495133189413,
1.8017903380579763,
1.5351315411654385,
1.4920675584248133,
1.4004923105239868,
1.4866897285758676,
1.7473013122360428,
2.1421061150439376,
1.687038756036139,
1.1362432984562663,
1.5811244698313924,
1.226157580103193,
1.1960918469862505,
1.4593371508957504,
1.3683385400028971,
1.3156109196799142,
1.0845502026669391,
1.2503946678979057,
1.2525605675462004,
1.1328608041459864,
1.2179337948947757,
1.1440474894139674,
1.2070865259542094,
1.1649061843946382,
1.159560742316308,
1.275032563643022,
1.4014473859365884,
0.9990389997308905,
1.3966301648647754,
1.2596157986622352,
0.9592653830330093,
0.9887713952498003,
0.8699427425087273,
1.052990643234996,
1.1232598013692088,
1.0018924675978624,
0.9922989668784203,
1.0825496292733527,
0.8409954812619593,
0.8926174625173792,
1.012939926865813,
1.024191499530495,
1.0211151497704642,
0.9981431310827081,
1.0114253186560296,
0.9750793800725566,
0.9298518416169402,
1.0456324645451136,
0.9434866107903518,
1.0326296648421844,
0.9593907130229009,
1.1262942026187848,
1.1531367882505639,
0.8930826976701811,
0.9792939076175937,
1.1584915015604589,
0.8755975110190255,
0.9128006627033283,
0.9133359642771931,
1.1390975605357776,
0.9528892489222737,
1.0295708489108395,
1.0617317983082362,
1.0638879630472753,
0.9492562962816907,
1.029440088705583,
0.8950823468047303,
1.118268601306073,
1.1004606779519615,
0.9942323859635885,
1.0051125829870051,
0.9648579405499743,
0.980003454468467,
1.1848983501459096,
0.9957265420393511,
0.985607613216747,
1.104758782820268,
1.0175840157967109,
1.073483902138549,
1.108338095925071,
0.9737179573480185,
1.0585457303307273,
0.9662640892065965,
0.9962134578011252
],
"di_loss": [
7.239080131828011,
9.331171017188531,
6.466236783312513,
4.261476603421298,
4.431231548259785,
3.68030444058505,
3.9259225052672546,
2.8773592478269108,
2.1794920571438676,
2.2672835077558244,
1.9024657057477283,
1.8920664198986896,
1.2926564212743339,
1.6970291509256734,
1.6843425972121102,
1.782254073526952,
1.483950449274732,
1.2723332658990638,
1.587772375577456,
1.5314580867816876,
1.3781174189084535,
1.128060692316526,
1.5470840760639735,
1.3623397365793006,
1.1553313515403054,
1.2602696434243934,
0.9649201492210487,
1.1762098817082194,
1.0314080436508377,
0.9878308037658791,
1.248807801828756,
1.131312540599278,
1.0924502440861292,
1.0644267596207655,
1.0547017950516242,
1.092258766100004,
1.0574828123117421,
1.0522863880380409,
0.8187193816358392,
1.0503631659916468,
1.0683487034463264,
0.8104333629855862,
0.9479751548209747,
0.8656480861948682,
0.9172210453392623,
0.8909162128126467,
1.093979599800977,
1.030245136905026,
1.005748490234474,
1.0400117620245202,
0.93674014605485,
1.1485978844877962,
1.0317684737118809,
1.0269640691868671,
0.8910164322171893,
0.9750236690818489,
1.1062497070857458,
1.087711727464354,
0.9328979818851917,
0.9217797862244891,
1.0252034215184,
0.9708198572134042,
0.9544322304911428,
1.0297111396665697,
0.9419203129681674,
0.8926328784459597,
0.8587541347974307,
0.9670414429206353,
0.9570264932397125,
1.0455260996694689,
1.0259283959091483,
0.9875942081600041,
0.9463465461483249,
0.92234821211208,
1.1321401952149033,
0.9402051297101107,
0.8987381094461911,
0.8559827634266445,
0.861221152466613,
0.8688038347603438,
0.886159504388834,
0.9065736926995315,
0.9246769818392667,
1.0931606153389075,
0.9090719590713452,
0.8733403040217115,
0.8646748708440112,
0.9123527748244149,
0.8941948077121338,
1.1137492525113093,
0.8776126890987545,
0.9228271478182309,
0.9606520007183026,
0.9782363156993668,
0.8929360950147951,
0.962876943024722,
1.08513060173431,
0.8918923658209962,
0.8877735292756712,
0.8140003278657988
],