{
  "sspg": {
    "rmse": 68.84801695646,
    "mae": 49.17187372843424,
    "r2": -0.03949789408921989,
    "pearson_r": -0.2955053859527893,
    "pearson_p": 0.08015737694797226,
    "spearman_r": -0.15873497667385214,
    "spearman_p": 0.35513293563722126,
    "n": 36
  },
  "di": {
    "rmse": 0.9681996484536258,
    "mae": 0.8897081613540649,
    "r2": -1.6040132120856754,
    "pearson_r": -0.5451107868564519,
    "pearson_p": 0.06681811232429534,
    "spearman_r": -0.6763904452511962,
    "spearman_p": 0.01572502316710519,
    "n": 12
  }
}