{
"epoch": [
1,
2,
3,
4,
5,
6,
7,
8,
9,
10,
11,
12,
13,
14,
15,
16,
17,
18,
19,
20,
21,
22,
23,
24,
25,
26,
27,
28,
29,
30,
31,
32,
33,
34,
35,
36,
37,
38,
39,
40,
41,
42,
43,
44,
45,
46,
47,
48,
49,
50,
51,
52,
53,
54,
55,
56,
57,
58,
59,
60,
61,
62,
63,
64,
65,
66,
67,
68,
69,
70,
71,
72,
73,
74,
75,
76,
77,
78,
79,
80,
81,
82,
83,
84,
85,
86,
87,
88,
89,
90,
91,
92,
93,
94,
95,
96,
97,
98,
99,
100
],
"train_loss": [
16.949658660438118,
3.581088178739773,
2.623777686141607,
2.190189177595724,
1.5700403451919556,
1.290873827896719,
1.1438722892070379,
1.2701088283944317,
1.3427500649700015,
1.2963204383850098,
1.1976168127510491,
1.1952215508213193,
1.2247566163070558,
1.300277092325406,
1.283549146389398,
1.2496262685520443,
1.2247898541097566,
1.235092851120656,
1.2099615607674665,
1.2666948911711926,
1.3385738256409412,
1.319005192734125,
1.3221703091944297,
1.362523599872439,
1.3652794886761763,
1.4337403886900173,
1.4594381794216127,
1.5233877240203497,
1.5349604980213436,
1.587304875606627,
1.6116793540519054,
1.5968746772901279,
1.570414970240255,
1.5034702434314517,
1.3803561287602102,
1.36157164986678,
1.3159727815567979,
1.5465231279688558,
1.5713459788344977,
1.7511560109656628,
1.9765420307324628,
2.285701340577734,
2.2825647714569812,
2.5191059187641294,
2.735303903189231,
2.848051073044304,
2.8705629420092724,
3.0103030317411648,
2.9030539069588728,
3.1461082030469036,
2.6606590785379485,
3.155193084806908,
3.493493622682226,
3.0680457851079503,
3.1300997978120337,
2.828819763003372,
2.7048308455099273,
2.2082879130295883,
2.507615864746214,
2.4284988369528704,
2.673171957646768,
2.70502761405284,
2.6820107107087385,
2.810585968137726,
2.882463370721171,
3.091599755399809,
3.2336688999115952,
3.4304679453842284,
3.7927729219902218,
4.05830622470285,
4.3540065269770585,
4.6375666378051275,
4.8521400511734125,
5.07367715309924,
5.39663528081939,
5.798822718342458,
6.1126290644247705,
6.462453399117537,
6.712489315843958,
7.086128681663453,
7.262242767754502,
7.614429124696987,
8.154204766581378,
8.800448327552616,
9.321942224277286,
9.830670326713502,
10.378406479602724,
11.105748078954502,
11.355404696126623,
11.657158498688945,
12.216630004522369,
13.179452821025698,
13.470247914471964,
13.88766357091468,
14.486290293415701,
14.80252617362916,
14.906903026610847,
15.359815935450277,
15.787158545546644,
16.07336298124058
],
"val_loss": [
0.8429604172706604,
0.6986659169197083,
0.5180277228355408,
0.450335294008255,
0.4261413514614105,
0.5183234214782715,
0.44290050864219666,
0.4649488627910614,
0.46903425455093384,
0.4104982316493988,
0.36178308725357056,
0.35916367173194885,
0.3547895550727844,
0.3304870128631592,
0.34888720512390137,
0.3523123860359192,
0.38496363162994385,
0.3555014729499817,
0.3660447299480438,
0.33415621519088745,
0.38274165987968445,
0.329478919506073,
0.31949809193611145,
0.31524068117141724,
0.3318006098270416,
0.330477774143219,
0.3277272582054138,
0.31793922185897827,
0.3103763461112976,
0.3063047230243683,
0.35247352719306946,
0.34356534481048584,
0.3200177252292633,
0.30667999386787415,
0.40700745582580566,
0.47513920068740845,
0.3883082866668701,
0.33224910497665405,
0.3182186186313629,
0.30668607354164124,
0.3171963393688202,
0.3423137664794922,
0.29920318722724915,
0.29993245005607605,
0.3098483085632324,
0.36185982823371887,
0.2819637954235077,
0.29052072763442993,
0.2959081828594208,
0.40928712487220764,
0.32750192284584045,
0.30831488966941833,
0.3589673936367035,
0.2995164394378662,
0.3050910532474518,
0.29386311769485474,
0.3045782446861267,
0.3137557804584503,
0.29918786883354187,
0.2796509563922882,
0.30029886960983276,
0.3637164235115051,
0.4104727804660797,
0.2770783007144928,
0.34080770611763,
0.2531404495239258,
0.28849712014198303,
0.3319835960865021,
0.28822505474090576,
0.2728407680988312,
0.2716699540615082,
0.27672719955444336,
0.269586980342865,
0.25837528705596924,
0.2574407458305359,
0.290974885225296,
0.25377157330513,
0.2419767528772354,
0.2587709128856659,
0.2535536587238312,
0.2763890027999878,
0.2596742510795593,
0.2384650558233261,
0.278929740190506,
0.20002149045467377,
0.2229226529598236,
0.2513808310031891,
0.42904138565063477,
0.2709338963031769,
0.23973923921585083,
0.20541363954544067,
0.19565430283546448,
0.35236185789108276,
0.25403252243995667,
0.2648940682411194,
0.24729283154010773,
0.22775790095329285,
0.21910572052001953,
0.20253358781337738,
0.20327766239643097
]
}