{
  "sspg": {
    "rmse": 122.92871303542196,
    "mae": 101.4769122004509,
    "r2": -2.3879074701652665,
    "pearson_r": -0.26568328718044604,
    "pearson_p": 0.4895893945307737,
    "spearman_r": 0.11666666666666665,
    "spearman_p": 0.7650079429261462,
    "n": 9
  },
  "di": {
    "rmse": 23.51004737747137,
    "mae": 22.937714238961536,
    "r2": -1657.9910967609999,
    "pearson_r": 0.31003964926133276,
    "pearson_p": 0.5498417422800628,
    "spearman_r": 0.48571428571428577,
    "spearman_p": 0.3287230320699709,
    "n": 6
  }
}