{
"epoch": [
1,
2,
3,
4,
5,
6,
7,
8,
9,
10,
11,
12,
13,
14,
15,
16,
17,
18,
19,
20,
21,
22,
23,
24,
25,
26,
27,
28,
29,
30,
31,
32,
33,
34,
35,
36,
37,
38,
39,
40,
41,
42,
43,
44,
45,
46,
47,
48,
49,
50,
51,
52,
53,
54,
55,
56,
57,
58,
59,
60,
61,
62,
63,
64,
65,
66,
67,
68,
69,
70,
71,
72,
73,
74,
75,
76,
77,
78,
79,
80,
81,
82,
83,
84,
85,
86,
87,
88,
89,
90,
91,
92,
93,
94,
95,
96,
97,
98,
99,
100
],
"train_loss": [
16.15657088071993,
2.177341617570065,
1.436552919963799,
0.9711850946492487,
0.9197022773251675,
0.748485281915948,
0.6409181678059077,
0.6344316957315596,
0.5635616360324445,
0.6026694208088488,
0.3924666474951376,
0.5607949698915576,
0.3636860950748519,
0.3464626590214153,
0.3405610004273972,
0.33251116771509154,
0.3422103316181957,
0.3304126092998108,
0.26293519493376855,
0.2552918449486836,
0.27213697666578957,
0.26290337608592346,
0.2632260970254936,
0.2633696962701212,
0.2514459619132599,
0.2290513598092712,
0.2453169983507383,
0.28587887074687696,
0.2962358191166774,
0.3789563308848013,
0.2963329614093988,
0.31523476467274203,
0.2747279266909798,
0.25292711668085344,
0.2511054644785305,
0.27968439297510844,
0.2468986971543567,
0.23126685486571624,
0.23909587051608774,
0.23815733253365695,
0.26600263924291817,
0.32608560907958756,
0.30748610331280396,
0.28203892973389955,
0.3241125770134501,
0.3219481302369939,
0.3870368443503238,
0.4288470178547472,
0.35478856303904316,
0.32680976066258877,
0.3291707860656304,
0.31087966160018843,
0.2823680317637944,
0.2967486236945237,
0.32616934917940954,
0.3365206848276724,
0.3538264679436636,
0.36943846203313013,
0.3796924963445947,
0.318089294109014,
0.39437761991330894,
0.3607342738916378,
0.3516551630921883,
0.3142674727605121,
0.32706480215091516,
0.32756524009279686,
0.31125908558911614,
0.28960665204737446,
0.3232258103861667,
0.3188202103765884,
0.3195582961682046,
0.3192952915583507,
0.33719146576258213,
0.3079445955186787,
0.3211602736817728,
0.4181787079513663,
0.34033148684123954,
0.3357747250264234,
0.34358589749525087,
0.3432172955852924,
0.3394896557720581,
0.33869391620749295,
0.3668233277183948,
0.39768147380045143,
0.396533458539755,
0.3208956644676699,
0.31881112804507267,
0.31525827693467096,
0.31469358931673636,
0.3627894092904459,
0.3569569207063996,
0.3615705937442213,
0.35356566250914395,
0.34270090956499083,
0.36818963820391365,
0.40936677998835497,
0.4299135706802406,
0.39445974301583697,
0.3704506397837459,
0.356125010712312
],
"val_loss": [
3.0370113849639893,
2.8523406982421875,
1.1540625095367432,
0.6518653035163879,
1.1451458930969238,
0.46339184045791626,
0.8817805647850037,
0.7674680352210999,
0.5344045162200928,
0.34852394461631775,
0.4431813061237335,
0.30071523785591125,
0.29608651995658875,
0.33162498474121094,
0.2840951979160309,
0.298386812210083,
0.2550206780433655,
0.28947722911834717,
0.20193128287792206,
0.24440766870975494,
0.24609766900539398,
0.2451714277267456,
0.1803990602493286,
0.18956585228443146,
0.2623506784439087,
0.2314930558204651,
0.25918737053871155,
0.29571136832237244,
0.4797757863998413,
0.2748318612575531,
0.3830968141555786,
0.3911532759666443,
0.28684115409851074,
0.3156377375125885,
0.3138885796070099,
0.31444981694221497,
0.23828062415122986,
0.29649096727371216,
0.27514976263046265,
0.27288126945495605,
0.7499927878379822,
0.45436891913414,
0.2914588749408722,
0.2423759549856186,
0.39121001958847046,
0.4089029133319855,
0.4910242259502411,
0.33624640107154846,
0.27473241090774536,
0.25300294160842896,
0.2846800684928894,
0.33104488253593445,
0.31442901492118835,
0.23161154985427856,
0.24734602868556976,
0.18196707963943481,
0.18963316082954407,
0.24657849967479706,
0.20594750344753265,
0.2228699028491974,
0.23268282413482666,
0.19397121667861938,
0.1774524450302124,
0.21711024641990662,
0.18493898212909698,
0.23787087202072144,
0.21869540214538574,
0.20031426846981049,
0.20149283111095428,
0.20331858098506927,
0.22866791486740112,
0.2781761884689331,
0.2510450780391693,
0.20460344851016998,
0.34044885635375977,
0.2708488404750824,
0.2791571617126465,
0.2511545717716217,
0.28073981404304504,
0.23868608474731445,
0.22707071900367737,
0.22448736429214478,
0.2836383283138275,
0.3432433307170868,
0.3128237724304199,
0.2916969358921051,
0.2477041333913803,
0.21425758302211761,
0.2617408037185669,
0.28750985860824585,
0.2926025688648224,
0.269696444272995,
0.2863940894603729,
0.23785273730754852,
0.25444701313972473,
0.2966746687889099,
0.33038532733917236,
0.26029548048973083,
0.2522346079349518,
0.3079379200935364
]
}