{
  "sspg": {
    "n": 16,
    "pearson_r": 0.4259926514770133,
    "pearson_p": 0.09992001870908378,
    "spearman_r": 0.6,
    "spearman_p": 0.014007122329599993,
    "rmse": 91.04536250984009,
    "mae": 79.92717781884755,
    "r2": -0.14902730626829852
  },
  "di": {
    "n": 16,
    "pearson_r": 0.6466099011632582,
    "pearson_p": 0.006793033232832863,
    "spearman_r": 0.7000000000000001,
    "spearman_p": 0.0025350946044319323,
    "rmse": 1.3459874059787833,
    "mae": 1.1812581770738002,
    "r2": -2.446722060048104
  }
}