{
  "tau_m_mean": 111.163895443299,
  "tau_m_std": 48.01990346014691,
  "tau_m_cv": 0.4319739180093821,
  "Gb_mean": 138.92134430927834,
  "Gb_std": 42.93514754490747,
  "Gb_cv": 0.3090608412644715,
  "si_mean": 0.0007183911621649485,
  "si_std": 0.00017752760829850214,
  "si_cv": 0.2471148679151787,
  "mi_mean": 1.805686141443299,
  "mi_std": 0.32757104337759985,
  "mi_cv": 0.1814108410344565
}