{
  "n": 20,
  "pearson_r": 0.6492870815960652,
  "pearson_p": 0.0019493879287130868,
  "spearman_r": 0.6345864661654135,
  "spearman_p": 0.00265140753465565,
  "r2": 0.19495187628046984,
  "rmse": 71.61845509820945,
  "mae": 56.408314093419946
}