{
  "n": 16,
  "pearson_r": 0.6518863256922698,
  "pearson_p": 0.006213101501762133,
  "spearman_r": 0.55,
  "spearman_p": 0.027293972709730593,
  "r2": 0.30397043846205674,
  "rmse": 0.604855601637005,
  "mae": 0.5202864915497951
}