{
  "sspg": {
    "n": 16,
    "pearson_r": -0.3156265823875787,
    "pearson_p": 0.23371697258885588,
    "spearman_r": -0.31764705882352945,
    "spearman_p": 0.23057346362184541,
    "rmse": 98.54461197571511,
    "mae": 80.28089921848306,
    "r2": -0.34610971417278713
  },
  "di": {
    "n": 16,
    "pearson_r": -0.3823124337034491,
    "pearson_p": 0.14390527453423302,
    "spearman_r": -0.2647058823529412,
    "spearman_p": 0.3218043958686153,
    "rmse": 1.7863410684736647,
    "mae": 1.4610009204452576,
    "r2": -5.070899408243703
  }
}