{
  "sspg": {
    "spearman_r": 0.7142857142857143,
    "rmse": NaN,
    "n": 6
  },
  "di": {
    "spearman_r": -0.19999999999999998,
    "rmse": NaN,
    "n": 5
  }
}