{
"epoch": [
1,
2,
3,
4,
5,
6,
7,
8,
9,
10,
11,
12,
13,
14,
15,
16,
17,
18,
19,
20,
21,
22,
23,
24,
25,
26,
27,
28,
29,
30,
31,
32,
33,
34,
35,
36,
37,
38,
39,
40,
41,
42,
43,
44,
45,
46,
47,
48,
49,
50,
51,
52,
53,
54,
55,
56,
57,
58,
59,
60,
61,
62,
63,
64,
65,
66,
67,
68,
69,
70,
71,
72,
73,
74,
75,
76,
77,
78,
79,
80,
81,
82,
83,
84,
85,
86,
87,
88,
89,
90,
91,
92,
93,
94,
95,
96,
97,
98,
99,
100
],
"train_loss": [
6.313683055415012,
1.0239225779429522,
0.6320858323338008,
0.5000921971727126,
0.45586704676694206,
0.41699543359256025,
0.3987827978216776,
0.3845389420443242,
0.3937589855182289,
0.3704765138059559,
0.35640296605553956,
0.3494172715904689,
0.42780234554026386,
0.37303590715521634,
0.3994419716372348,
0.47965510528866606,
0.38469663616454247,
0.36459651382842867,
0.3695560307195871,
0.3919283107365712,
0.3669131327383589,
0.35012516969501384,
0.42184534226313675,
0.5011790350522145,
0.47054447395966786,
0.4083121174042768,
0.41315152326432786,
0.383250621875914,
0.37876491853506256,
0.38895718236960986,
0.37278977036476135,
0.37560721317140183,
0.39272674947681996,
0.35795918844714025,
0.35191399862270545,
0.35356457546205805,
0.39074784576302707,
0.39312439168443775,
0.3520029889475001,
0.363082884266825,
0.33973697801627734,
0.3910812821128581,
0.3629405635713351,
0.341533360504868,
0.34749354687657685,
0.33565096483372225,
0.3635869150114532,
0.4198366158669538,
0.415653522356902,
0.39865633343706036,
0.3968973502074138,
0.385374315156795,
0.36141661694734406,
0.3499811743155564,
0.35266337595363656,
0.3357198568854001,
0.3444065397033597,
0.34207882444457255,
0.3344484251914638,
0.3407652192186601,
0.335055013399313,
0.3538260307937565,
0.3522305329247276,
0.33795934708991854,
0.3378611369298236,
0.3233528796694066,
0.347320550739175,
0.3496218258791631,
0.37123090884473064,
0.3611702048542476,
0.37523515596248136,
0.41466973146589675,
0.40444111883050143,
0.48622524103905895,
0.47665682051441455,
0.4630192329387854,
0.41638157833920847,
0.3892394531481337,
0.38950836850274906,
0.37845762206776307,
0.3724900973905431,
0.3884037939628752,
0.3774828978694311,
0.3657800301466838,
0.3600541229295258,
0.3327306892612193,
0.32917907214400793,
0.3524558169416862,
0.33241038983411125,
0.35119262013104885,
0.40359144517690826,
0.41769922723864567,
0.4052923262709438,
0.41732813285128906,
0.41307089765473165,
0.41205909818705944,
0.41713106042087666,
0.43100472399503875,
0.40438178329184504,
0.38246756024879985
],
"val_loss": [
0.7079410552978516,
0.5610495805740356,
0.5663005113601685,
0.6057674288749695,
0.5931370258331299,
0.4942496418952942,
0.5545011162757874,
0.5002388954162598,
0.5230475068092346,
0.45507246255874634,
0.4453483521938324,
0.6289207339286804,
0.49112367630004883,
0.5051479339599609,
0.566374659538269,
0.4796975553035736,
0.45836833119392395,
0.5685074925422668,
0.5082186460494995,
0.5213959217071533,
0.4904608130455017,
0.6092059016227722,
0.5972878932952881,
0.6940080523490906,
0.6040688753128052,
0.5017169117927551,
0.6419861316680908,
0.5324726104736328,
0.643775224685669,
0.53385329246521,
0.5015163421630859,
0.6100777983665466,
0.4989594519138336,
0.4748372435569763,
0.49615707993507385,
0.440380334854126,
0.5035250782966614,
0.518054723739624,
0.5292245745658875,
0.4945627748966217,
0.5283018350601196,
0.540786862373352,
0.47990599274635315,
0.4846600890159607,
0.45822471380233765,
0.494699090719223,
0.5600695013999939,
0.6303737163543701,
0.6153249740600586,
0.5514073967933655,
0.5598779320716858,
0.5134655237197876,
0.4921365976333618,
0.483038991689682,
0.48097699880599976,
0.4971727132797241,
0.4818671941757202,
0.47065648436546326,
0.47628724575042725,
0.46852654218673706,
0.4812643826007843,
0.5162794589996338,
0.5040322542190552,
0.45918554067611694,
0.4685822129249573,
0.4746503531932831,
0.445614218711853,
0.5028759837150574,
0.46856874227523804,
0.4237218201160431,
0.3983193635940552,
0.4391190707683563,
0.6830900311470032,
0.587216854095459,
0.5141077637672424,
0.5125705599784851,
0.43264341354370117,
0.4272242784500122,
0.45577099919319153,
0.36971408128738403,
0.460500568151474,
0.4013809859752655,
0.3880886733531952,
0.35539165139198303,
0.3757011890411377,
0.4016995429992676,
0.39219191670417786,
0.38285940885543823,
0.3847087323665619,
0.46142545342445374,
0.4927597939968109,
0.4983983337879181,
0.48003509640693665,
0.4917282462120056,
0.4827527403831482,
0.43341565132141113,
0.3946778178215027,
0.4309121370315552,
0.5471649765968323,
0.39762529730796814
]
}