{
  "sspg": {
    "rmse": 69.03391932029389,
    "mae": 49.3138607872857,
    "r2": -0.04511914573947018,
    "pearson_r": 0.5875413002017332,
    "pearson_p": 0.00016489311482469537,
    "spearman_r": 0.5170272456910291,
    "spearman_p": 0.0012431387210946182,
    "n": 36
  },
  "di": {
    "rmse": 0.5392405566837523,
    "mae": 0.442927618821462,
    "r2": 0.1922472618091292,
    "pearson_r": 0.5204893949103687,
    "pearson_p": 0.08275982960192915,
    "spearman_r": 0.44376939265157844,
    "spearman_p": 0.14842613343207536,
    "n": 12
  }
}