{
"epoch": [
1,
2,
3,
4,
5,
6,
7,
8,
9,
10,
11,
12,
13,
14,
15,
16,
17,
18,
19,
20,
21,
22,
23,
24,
25,
26,
27,
28,
29,
30,
31,
32,
33,
34,
35,
36,
37,
38,
39,
40,
41,
42,
43,
44,
45,
46,
47,
48,
49,
50,
51,
52,
53,
54,
55,
56,
57,
58,
59,
60,
61,
62,
63,
64,
65,
66,
67,
68,
69,
70,
71,
72,
73,
74,
75,
76,
77,
78,
79,
80,
81,
82,
83,
84,
85,
86,
87,
88,
89,
90,
91,
92,
93,
94,
95,
96,
97,
98,
99,
100
],
"train_loss": [
266.04995198888105,
45.28273252051646,
18.8028891030259,
4.564070002300533,
3.805756951880267,
1.8819700498280563,
1.15128202278783,
0.9937685920497564,
1.0511197330444817,
0.8290622478394997,
0.9898742090060016,
0.8313093359076132,
0.7497084840076176,
0.781659239389765,
0.7171497589021217,
0.6611748004522849,
0.6702378171635425,
0.5650444138707138,
0.6454976311349493,
0.8236136581954054,
0.8422984448004895,
0.7329062875800245,
1.4333902466015553,
1.1173711461345042,
0.9916831029681709,
0.7691040480230736,
0.962093620788394,
0.734370151373345,
0.6940212942014529,
0.6010868422628388,
0.6178242859877939,
0.580543270261269,
0.5816961043462978,
0.5879134249499464,
0.688635602710754,
0.6257237637136864,
0.6436046953276386,
0.5690855050650169,
0.5608432222539046,
0.5213675020247932,
0.5390942814781909,
0.5026805283516411,
0.5290968924995483,
0.5108109299592146,
0.6162116208414393,
0.5287566034812626,
0.5265780555920339,
0.6179516622869987,
0.6537285916448579,
0.5485226826404962,
0.6018316731678219,
0.6968846950005358,
0.5670599280379889,
0.5896964842878928,
0.6096366305989543,
0.6659354921870344,
0.6500106970156272,
0.6365170333329149,
0.6823621443876131,
0.7416128840033464,
0.6769311320124649,
0.7209699810959223,
0.6555928939909447,
0.6498449186640461,
0.6714614179190688,
0.6390156328208804,
0.6126593163632971,
0.6295359857439056,
0.5836763541529498,
0.6229536012401731,
0.7249671291178605,
0.6555040840088852,
0.6481456761285076,
0.6738251156694307,
0.7677079514255674,
0.7114827736156193,
0.7194486804834501,
0.6421751525458388,
0.7245492784995732,
1.513290769471897,
0.6742389774697972,
0.663756888682448,
0.6571156138510216,
0.6494633860475435,
0.701996396376392,
0.7008630393996952,
0.7874613915841411,
0.694604813113926,
0.6824626725489699,
0.6532654077049316,
0.7696338647932518,
0.6635224589212673,
0.6297186763267818,
0.6694006905781003,
0.6702172399505856,
0.6190243668443575,
0.6807952898693835,
0.6833290626683574,
0.6823854474570807,
0.7068255534322243
],
"val_loss": [
2.7084829807281494,
1.0098540782928467,
1.152513027191162,
0.6770796775817871,
1.0354927778244019,
0.602759838104248,
0.6479108333587646,
1.0317822694778442,
0.42949336767196655,
0.4220706522464752,
0.5277398824691772,
0.48982664942741394,
0.4221150279045105,
0.39289259910583496,
0.27008184790611267,
0.2005845606327057,
0.16513392329216003,
0.18610695004463196,
0.33243438601493835,
0.3887927234172821,
0.26674073934555054,
0.22045165300369263,
0.37111666798591614,
0.6475431323051453,
0.4585210382938385,
0.5230931043624878,
0.3714429438114166,
0.32483556866645813,
0.2779533863067627,
0.21158666908740997,
0.19378483295440674,
0.21305584907531738,
0.17512431740760803,
0.22680388391017914,
0.2634058892726898,
0.24135658144950867,
0.2208501100540161,
0.2162589430809021,
0.19253312051296234,
0.23474730551242828,
0.20574279129505157,
0.24052023887634277,
0.2131280153989792,
0.27206453680992126,
0.24951401352882385,
0.2385719120502472,
0.2720875144004822,
0.2269345074892044,
0.23186370730400085,
0.2193506360054016,
0.4038528501987457,
0.22357740998268127,
0.251550555229187,
0.29526782035827637,
0.2883259952068329,
0.3326089680194855,
0.32879161834716797,
0.3448493480682373,
0.2595246732234955,
0.2685485780239105,
0.27880483865737915,
0.25370997190475464,
0.27624285221099854,
0.263990581035614,
0.24265646934509277,
0.2316451221704483,
0.22343222796916962,
0.2399272620677948,
0.24121016263961792,
0.24345625936985016,
0.23366133868694305,
0.30327561497688293,
0.24068842828273773,
0.2467690259218216,
0.35527166724205017,
0.2916015386581421,
0.2678060829639435,
0.24941661953926086,
0.2618841230869293,
0.3386702239513397,
0.27413785457611084,
0.2281872183084488,
0.2856784760951996,
0.2716768980026245,
0.2684023976325989,
0.23857252299785614,
0.2579512596130371,
0.30524805188179016,
0.28105977177619934,
0.28196510672569275,
0.26878979802131653,
0.26030322909355164,
0.27248451113700867,
0.2635524570941925,
0.24685931205749512,
0.30915603041648865,
0.375261127948761,
0.3314405381679535,
0.2989811599254608,
0.3583870232105255
]
}