{
"epoch": [
1,
2,
3,
4,
5,
6,
7,
8,
9,
10,
11,
12,
13,
14,
15,
16,
17,
18,
19,
20,
21,
22,
23,
24,
25,
26,
27,
28,
29,
30,
31,
32,
33,
34,
35,
36,
37,
38,
39,
40,
41,
42,
43,
44,
45,
46,
47,
48,
49,
50,
51,
52,
53,
54,
55,
56,
57,
58,
59,
60,
61,
62,
63,
64,
65,
66,
67,
68,
69,
70,
71,
72,
73,
74,
75,
76,
77,
78,
79,
80,
81,
82,
83,
84,
85,
86,
87,
88,
89,
90,
91,
92,
93,
94,
95,
96,
97,
98,
99,
100
],
"train_loss": [
14.850001341336734,
1.7037457552823154,
1.2849081119933685,
0.9745795989965463,
0.8540211405072894,
0.9566334362153883,
0.7652535159866531,
0.6522934312944288,
0.641754665932098,
0.5878103228358479,
0.6267980391328986,
0.6232204011508397,
0.5853609992312147,
0.566767444084217,
0.5962733850850688,
0.5510527646386778,
0.5624050900533601,
0.5369615283879366,
0.5762328745482804,
0.5805875790583623,
0.580916503807167,
0.5755209140963369,
0.5478175553408536,
0.6672400530282553,
0.5832326040639506,
0.5744012989007033,
0.5366660449411962,
0.5612726273474755,
0.5680035391411224,
0.53394949591005,
0.5760574890421583,
0.5287828940849799,
0.5166359814730558,
0.49787270713162113,
0.5438705605345887,
0.5299429978643145,
0.5055607061881524,
0.4934158673534146,
0.4746892483203442,
0.49992149681239934,
0.4699742716628236,
0.4936614292008536,
0.5044207990943611,
0.46843963629239566,
0.45346441942375976,
0.5007891693672577,
0.4835069071162831,
0.48793869901013065,
0.4680282659344859,
0.4914983704492643,
0.46154583777700153,
0.484222302189121,
0.4687259971321403,
0.47239923864216,
0.4696921721681372,
0.472044974565506,
0.48346533635994055,
0.4906935304790348,
0.4499767910350453,
0.44720463861118664,
0.4642048470385663,
0.44940593451648564,
0.4645121577498201,
0.4865292535199747,
0.5156865197342712,
0.5017323401067164,
0.5935259291103908,
0.5578269679825028,
0.5204945438868039,
0.5395086995967022,
0.5133900603690704,
0.572526237407288,
0.5736133154336508,
0.6646589737433892,
0.5590842010138871,
0.5494460362892646,
0.5741338110589361,
0.531553615997364,
0.5075796865797663,
0.503454581483618,
0.5195860735007695,
0.5023482116785917,
0.4858907445684656,
0.4849297706182901,
0.4920532455692044,
0.47283909460166834,
0.46174530936526015,
0.47030662948435004,
0.4680042588091516,
0.4914991313760931,
0.47186902126708585,
0.4765173645762654,
0.4984417697051903,
0.46641626644444156,
0.4487565748103253,
0.48766634100443357,
0.47152109966649636,
0.4736889074375103,
0.49123652337433454,
0.4896288165798435
],
"val_loss": [
0.7207990884780884,
0.5552533864974976,
0.38589584827423096,
0.2763802111148834,
0.47681063413619995,
0.26434221863746643,
0.26427653431892395,
0.21993234753608704,
0.2151843160390854,
0.1983417123556137,
0.23576560616493225,
0.20797348022460938,
0.1828945428133011,
0.172840878367424,
0.17049674689769745,
0.1681176871061325,
0.1898593157529831,
0.19117991626262665,
0.23290178179740906,
0.18519893288612366,
0.1903519183397293,
0.16222524642944336,
0.1554422229528427,
0.2110043466091156,
0.167302668094635,
0.1318998485803604,
0.14190323650836945,
0.18508130311965942,
0.14985734224319458,
0.15830546617507935,
0.22435757517814636,
0.13336960971355438,
0.17891547083854675,
0.13860675692558289,
0.19101186096668243,
0.13945911824703217,
0.19143623113632202,
0.14762400090694427,
0.18087303638458252,
0.1779399812221527,
0.2270628660917282,
0.119055837392807,
0.13543687760829926,
0.16347745060920715,
0.14944925904273987,
0.15221333503723145,
0.19915643334388733,
0.17151059210300446,
0.12686005234718323,
0.1592472493648529,
0.13723915815353394,
0.16898134350776672,
0.14591015875339508,
0.1755378395318985,
0.16486255824565887,
0.14023815095424652,
0.16122663021087646,
0.13812246918678284,
0.1403656005859375,
0.17214539647102356,
0.17984487116336823,
0.13675522804260254,
0.15972432494163513,
0.1821703165769577,
0.20442043244838715,
0.18352165818214417,
0.24289903044700623,
0.1850142776966095,
0.14299242198467255,
0.14349405467510223,
0.2815544009208679,
0.34336674213409424,
0.4036054015159607,
0.2885742485523224,
0.20651710033416748,
0.1834953874349594,
0.18350176513195038,
0.23490841686725616,
0.2724548280239105,
0.2608574628829956,
0.21808932721614838,
0.1973322331905365,
0.19081316888332367,
0.19695726037025452,
0.20604053139686584,
0.21709653735160828,
0.22623944282531738,
0.2332671731710434,
0.236031636595726,
0.23596759140491486,
0.23165881633758545,
0.22808581590652466,
0.22110748291015625,
0.21649391949176788,
0.21341507136821747,
0.21176777780056,
0.21078218519687653,
0.2103339284658432,
0.2100430130958557,
0.20995859801769257
]
}