{
"epoch": [
1,
2,
3,
4,
5,
6,
7,
8,
9,
10,
11,
12,
13,
14,
15,
16,
17,
18,
19,
20,
21,
22,
23,
24,
25,
26,
27,
28,
29,
30,
31,
32,
33,
34,
35,
36,
37,
38,
39,
40,
41,
42,
43,
44,
45,
46,
47,
48,
49,
50,
51,
52,
53,
54,
55,
56,
57,
58,
59,
60,
61,
62,
63,
64,
65,
66,
67,
68,
69,
70,
71,
72,
73,
74,
75,
76,
77,
78,
79,
80,
81,
82,
83,
84,
85,
86,
87,
88,
89,
90,
91,
92,
93,
94,
95,
96,
97,
98,
99,
100
],
"recon_loss": [
6.63908474166672,
1.1414652195843784,
0.8812474786461174,
0.5740683961224247,
0.5495306617253787,
0.6129434913783879,
0.47962963348859317,
0.39269625830959964,
0.36734948800755785,
0.3327124633572318,
0.3647893028599875,
0.3683079353400639,
0.3364275078494827,
0.31444905059678213,
0.33809628347297765,
0.3270885267040946,
0.32302969616728944,
0.3157870419226684,
0.32153776713779997,
0.3374774804363003,
0.3143652104712152,
0.3049709698209515,
0.3006973750405497,
0.3202367959084449,
0.3007882841221698,
0.3074382384876152,
0.27071389285000885,
0.272076244865145,
0.2794252486972066,
0.2655360423899316,
0.2700313910261377,
0.2514391944005892,
0.22355788984856048,
0.2097535820363404,
0.24464121306097353,
0.23773777871936946,
0.22258291112912165,
0.2147432283147589,
0.2153376244105302,
0.2409448612045932,
0.1847390840192894,
0.210905731498421,
0.21801091788651109,
0.17419998115533358,
0.17148004839946698,
0.19153563194460682,
0.2001459360509724,
0.2132268331267617,
0.18101355704394254,
0.2077089118493068,
0.1902777198460195,
0.1924197097103317,
0.18679633349567265,
0.19379411444261477,
0.18304366008801895,
0.19449929873664656,
0.1938970127663055,
0.19758035339318314,
0.1768049280364792,
0.1701020019782054,
0.1861073136716694,
0.1791520503821311,
0.18645147011651622,
0.20867723362012344,
0.2301883790400121,
0.2245757666888175,
0.34115865478267915,
0.3119386953192872,
0.2688342464434636,
0.2825832591428385,
0.25823062658309937,
0.31026327958354705,
0.3362998362485464,
0.3960219811309468,
0.31903590552218547,
0.3163832546054543,
0.31684004641198493,
0.2831229745567619,
0.2764900969220446,
0.2820741178153397,
0.29158516286255476,
0.2757004867126415,
0.2701917008146063,
0.27183453216181175,
0.25747677045209066,
0.2418833433033584,
0.2387527773132572,
0.24901933019811456,
0.25188171282991184,
0.2759805770663472,
0.25493113696575165,
0.2570867867438824,
0.2780113843354312,
0.2477366906868947,
0.2423234585817758,
0.2609883959030176,
0.25319804734997936,
0.26191053375021206,
0.2732368146444296,
0.27001763899604997
],
"sspg_loss": [
6.518842802419291,
1.9954017447186756,
1.673814244084544,
1.819545352613771,
1.3321133217254242,
1.2354191216555508,
1.1728471533044593,
1.054887568795836,
1.0802370735577174,
1.001584508976379,
1.0182923496543588,
0.9211838253132709,
0.8865871104327115,
0.9626965948513576,
1.0404760419548331,
0.8016919834273202,
0.8638658368742311,
0.8318415020967459,
0.9713338118094903,
0.9004871802670615,
1.0430443147560218,
0.9462975449376292,
0.8576252654001311,
1.100985280879132,
0.898016940463673,
0.8719973664779168,
0.8290858098438808,
0.8562092889438976,
0.9461861841090313,
0.8076072652618607,
0.9320850527131712,
0.8043186478800588,
0.8392784007183918,
0.899023991900605,
0.8962021462329022,
0.8508516875180331,
0.8513594014304025,
0.8208373243158514,
0.8143149320181314,
0.7410780361720494,
0.8459109872966618,
0.760539016940377,
0.8423544075581935,
0.8406332011346693,
0.8068698319521818,
0.9864623329856179,
0.8261675617911599,
0.7714741160343219,
0.8362351934631149,
0.817367487139516,
0.7484899294840826,
0.7946704626083374,
0.7692278313946415,
0.7440541177601009,
0.8173946745983967,
0.8078536491889459,
0.826619646765969,
0.8254075692845629,
0.7414781431873123,
0.7606522711840543,
0.7274523764461666,
0.7755372508779749,
0.7570573888815842,
0.7399162309510368,
0.7901913523674011,
0.7951968072296737,
0.7408578411325232,
0.7594182530006806,
0.7631615493204686,
0.730495797349261,
0.7599048707392309,
0.8187829147685658,
0.7834389221358609,
1.0173402947264831,
0.8436562519568902,
0.8284290719341922,
0.8907433020604121,
0.8106554173803949,
0.7460874946086438,
0.8082819356546773,
0.8134068591254098,
0.7909202057045776,
0.7480008815016065,
0.7247361935578384,
0.7904301285743713,
0.7464975559866274,
0.6605289562956079,
0.6604773038393491,
0.7175195956384981,
0.6914164416201702,
0.7184740382355529,
0.7250463544548332,
0.761739833014352,
0.6903389963236722,
0.6781770656635235,
0.7720470707137863,
0.7379539550898911,
0.6851163885810159,
0.6949378209454673,
0.7288229132627512
],
"di_loss": [
75.12366698624251,
3.00713874767353,
1.4767962059417328,
1.511476284497744,
1.0822360949082808,
1.4885164158684867,
1.0659220079322913,
0.9441892566618981,
1.060620090404114,
0.9268094270260303,
0.970938119021329,
0.9716387151123641,
0.9239154264524385,
0.9127620133486661,
0.9199009475769935,
0.8098974669134462,
0.8967425242646948,
0.7744486982172186,
0.9919913682070646,
0.9063269507575344,
0.9392276847517336,
1.0070890761041023,
0.8403016243662152,
1.4503311414223212,
0.9083922729863749,
0.82835460018802,
0.8077687675302679,
0.9281186144073288,
0.8541683717207476,
0.7528636455535889,
0.9577383813145873,
0.8092049004195573,
0.917227375042903,
0.8005109541601949,
0.889665032362009,
0.8314510251020456,
0.795972720369116,
0.8552241929165729,
0.7177465349048763,
0.7685806286799444,
0.8322343098652827,
0.8317619546667322,
0.7858863031709349,
0.8671493418030924,
0.7992912956646511,
0.9244115685487723,
0.8355607274290803,
0.7554400369718477,
0.8041329399331824,
0.7934841165294895,
0.7308238342210844,
0.897785733272503,
0.8201334306171962,
0.8117135979912498,
0.8064004004775703,
0.7347535080723948,
0.8193120801603639,
0.830177628374719,
0.7130665523665292,
0.7247575738213279,
0.7869254428070861,
0.7151017916666997,
0.7625599155178318,
0.7566630232643772,
0.7999114370965338,
0.7569149376510026,
0.7862599105029912,
0.7797859829741639,
0.723846409227941,
0.7442468559587156,
0.6673994927437275,
0.8005211508119261,
0.8053668652262006,
0.9842564161721762,
0.87971424746823,
0.7855039215707159,
0.8554756022118902,
0.7880659923925029,
0.7247918147545356,
0.6590319608713125,
0.7381925846075083,
0.746670058795384,
0.670250737821901,
0.6385138921149365,
0.7399570872257282,
0.713724643766106,
0.7069383751262318,
0.6902949314612847,
0.6009786759878134,
0.6396001492227826,
0.6551217645793767,
0.6874203956746435,
0.6730216393223056,
0.7312896456811335,
0.6227947310967878,
0.7325152437408249,
0.6836190184989532,
0.6695772750037057,
0.7205311586330463,
0.7019429965452715
],