{
  "sspg": {
    "rmse": 116.61932503820779,
    "mae": 96.30205971854073,
    "r2": -0.8188954621892983,
    "pearson_r": 0.49421830739485695,
    "pearson_p": 0.25958198793587695,
    "spearman_r": 0.7142857142857144,
    "spearman_p": 0.0713435614675376,
    "n": 7
  },
  "di": {
    "rmse": 0.9369278429352077,
    "mae": 0.8229112710271563,
    "r2": -0.889122836536566,
    "pearson_r": 0.5231697115896263,
    "pearson_p": 0.22821965417732346,
    "spearman_r": 0.21428571428571433,
    "spearman_p": 0.6445115810207203,
    "n": 7
  }
}