{
"epoch": [
1,
2,
3,
4,
5,
6,
7,
8,
9,
10,
11,
12,
13,
14,
15,
16,
17,
18,
19,
20,
21,
22,
23,
24,
25,
26,
27,
28,
29,
30,
31,
32,
33,
34,
35,
36,
37,
38,
39,
40,
41,
42,
43,
44,
45,
46,
47,
48,
49,
50,
51,
52,
53,
54,
55,
56,
57,
58,
59,
60,
61,
62,
63,
64,
65,
66,
67,
68,
69,
70,
71,
72,
73,
74,
75,
76,
77,
78,
79,
80,
81,
82,
83,
84,
85,
86,
87,
88,
89,
90,
91,
92,
93,
94,
95,
96,
97,
98,
99,
100
],
"train_loss": [
987.5302163656656,
134.89524781858765,
35.75136992219207,
30.338677765487077,
24.621194121125455,
18.363304385891208,
13.746711334624848,
10.126425928883739,
7.101572897527125,
4.894302399127515,
3.003836018698556,
64.95201051699651,
1.3149235743980903,
1.60980562730269,
1.7258573259626115,
1.3925604247427605,
1.2819709266935075,
1.1497063745151868,
1.125652290009833,
1.3430727689297168,
0.9942984503585023,
1.203198434470536,
0.9296702146530151,
0.9105605893320852,
0.9263308791371135,
0.952271766476817,
0.9671926986087452,
0.8770697132333533,
0.8839766607656108,
0.8414073253606821,
1.288732318135051,
1.108513742298275,
0.8701948020365331,
0.9425007631252338,
0.9398984614904825,
0.9747942453855044,
0.7549397031982223,
0.7701455014092582,
0.7892185217374331,
0.7463521941915735,
0.8051479698775651,
0.7068655127054685,
0.8523085426974606,
0.6119119679773009,
0.6948826235610169,
0.6799161310319777,
0.7041118144989014,
0.781822652785809,
0.8058432565106974,
0.6479467331589043,
0.6687786362387917,
0.6026185541958003,
0.6490786555525544,
0.8335464875419418,
0.7236661903269879,
0.7536035358131706,
0.5844333380847783,
1.5678283084522595,
6.008604569094522,
7.228103043197037,
0.7098779004889649,
3.3193230443186574,
0.9422109490865237,
0.7709217117978381,
0.8818854263850621,
0.662468954340204,
0.5989698527695296,
0.6340231361327233,
0.6864294820017629,
0.7066954149828328,
0.7372738448056307,
0.6412395757514161,
0.6586036867909617,
0.7518239965686551,
0.7331287357714269,
0.7047239062073943,
0.647556538705702,
0.5761855078207982,
0.6742099368727053,
0.6136179256748844,
0.6536634548917993,
0.6604047824035991,
0.8109729785423774,
1.2162063679137787,
1.0593358046048647,
1.3269065618515015,
1.5637224773307898,
1.305071007121693,
1.2131075386877184,
1.5522457407666492,
1.1172227635012044,
0.934252760627053,
0.8817512106585812,
0.8197578950361772,
0.8785146211648917,
0.9825367834660914,
0.8670192322173675,
0.7352659679078436,
0.7713823403630938,
0.8150531804406798
],
"val_loss": [
2.408921957015991,
1.5603587627410889,
1.7743133306503296,
1.4770151376724243,
1.6169252395629883,
1.7974802255630493,
1.691419005393982,
1.513998031616211,
1.4201191663742065,
1.3250588178634644,
0.6894119381904602,
1.196565866470337,
1.129068374633789,
0.7726691365242004,
0.8588463068008423,
1.0174081325531006,
1.0486724376678467,
0.6987650990486145,
0.8077132701873779,
0.5342979431152344,
0.6468549966812134,
0.6649395823478699,
0.5131139755249023,
0.4774746596813202,
0.7580304741859436,
0.4868057668209076,
0.5701887011528015,
0.43882477283477783,
0.5248870253562927,
0.6263912916183472,
0.5376538634300232,
0.41892051696777344,
0.384517639875412,
0.3277072012424469,
0.30011314153671265,
0.2936115562915802,
0.2713530361652374,
0.2827833592891693,
0.19715136289596558,
0.35358428955078125,
0.26410701870918274,
0.4471781849861145,
0.27905529737472534,
0.2700084447860718,
0.3739468455314636,
0.23739270865917206,
0.2052846997976303,
0.46939149498939514,
0.21675677597522736,
0.2870450019836426,
0.23788437247276306,
0.21602946519851685,
0.25910645723342896,
0.2546042203903198,
0.2621615529060364,
0.19863638281822205,
0.2598363757133484,
0.3864208161830902,
0.33127889037132263,
0.180702343583107,
1.3295228481292725,
1.1522201299667358,
0.36373284459114075,
0.4341007173061371,
0.4006420075893402,
0.27420279383659363,
0.21903130412101746,
0.2729356586933136,
0.27486148476600647,
0.2765534520149231,
0.3024621903896332,
0.281734824180603,
0.27237409353256226,
0.21959519386291504,
0.35201454162597656,
0.1732785999774933,
0.190339595079422,
0.19527390599250793,
0.19366604089736938,
0.30436262488365173,
0.2905467450618744,
0.29677364230155945,
0.5580629706382751,
0.834039032459259,
0.8506016135215759,
1.4975029230117798,
0.9749618172645569,
0.6817966103553772,
0.8444751501083374,
0.8212674856185913,
0.5308505296707153,
0.47023826837539673,
0.3394717276096344,
0.28104785084724426,
0.7049248814582825,
0.21996602416038513,
0.2701413929462433,
0.36939895153045654,
0.29544249176979065,
0.22934776544570923
]
}