{
  "sspg": {
    "spearman_r": 0.2571428571428572,
    "rmse": NaN,
    "n": 6
  },
  "di": {
    "spearman_r": 0.7999999999999999,
    "rmse": NaN,
    "n": 5
  }
}