{
"epoch": [
1,
2,
3,
4,
5,
6,
7,
8,
9,
10,
11,
12,
13,
14,
15,
16,
17,
18,
19,
20,
21,
22,
23,
24,
25,
26,
27,
28,
29,
30,
31,
32,
33,
34,
35,
36,
37,
38,
39,
40,
41,
42,
43,
44,
45,
46,
47,
48,
49,
50,
51,
52,
53,
54,
55,
56,
57,
58,
59,
60,
61,
62,
63,
64,
65,
66,
67,
68,
69,
70,
71,
72,
73,
74,
75,
76,
77,
78,
79,
80,
81,
82,
83,
84,
85,
86,
87,
88,
89,
90,
91,
92,
93,
94,
95,
96,
97,
98,
99,
100
],
"train_loss": [
927.2541522035505,
456.5942826979231,
376.7929222182472,
351.58102930654394,
313.67095494034265,
353.4428952660891,
343.8903110617458,
284.17182182085395,
299.29683269840655,
288.94042545734067,
258.4882297327023,
324.50639177076886,
284.7533392198015,
254.49482107634591,
226.43394292699227,
235.23341143013226,
362.5266639029626,
259.71335594252787,
261.3422812282449,
244.70408856986774,
251.25201446231048,
232.33226783676903,
216.59792320327003,
229.7575535538173,
232.72599227829735,
245.99664742875808,
199.05481863493966,
223.37643432617188,
199.23186409827505,
165.60921818195004,
204.15755349338644,
216.86912370436264,
238.1756606904587,
171.8581348079266,
213.31635427947091,
200.71076096638595,
218.0322996838258,
226.43526904417737,
267.76066317416655,
199.08946998520653,
212.17362568165996,
253.1102077370823,
202.11750468641225,
206.97637939453125,
190.21328523843596,
183.05928296381884,
226.46870709409808,
217.7935450525567,
195.03899058729115,
200.20353139745126,
185.89003783877533,
237.67942810058594,
196.2126277508122,
190.24678387028155,
207.41469098081683,
198.16676768690053,
205.38586622181506,
174.44016651115794,
194.11396646027518,
186.201285107301,
179.13636889316066,
198.43808436629797,
191.74163727713102,
185.40851222878635,
173.05205331934562,
183.5875484353245,
199.4828923291499,
203.38120400079407,
174.39025647569412,
185.4089400791886,
186.64542592870126,
170.0259806944592,
163.2893874668839,
160.51070985699644,
167.54620814559485,
167.39132992583927,
155.21922468430924,
147.65751708380066,
143.87984262598624,
168.92606467067606,
174.72528302787555,
165.04218254467048,
177.0625030215424,
189.43815869624072,
158.8734438301313,
164.02923665188328,
192.85845932157912,
184.40861938023332,
172.6421863820293,
160.88209103121616,
201.6734930359491,
233.0015556033295,
190.12441344308382,
187.5803138053063,
176.3058918867961,
143.85632824661707,
190.89653785630028,
177.59446036461557,
163.49740604362864,
164.7182410967232
],
"val_loss": [
2.015638589859009,
2.431057929992676,
2.374687910079956,
2.5058584213256836,
2.0244548320770264,
2.1168973445892334,
2.213305950164795,
1.4221653938293457,
1.8851807117462158,
1.4438809156417847,
1.5182712078094482,
1.4509789943695068,
1.4845249652862549,
1.400510311126709,
1.2593319416046143,
1.4028319120407104,
1.6462877988815308,
1.5834987163543701,
1.3844445943832397,
1.2951587438583374,
1.2982574701309204,
1.284673810005188,
1.1824201345443726,
1.2556498050689697,
1.5048896074295044,
1.8564354181289673,
1.3025895357131958,
1.2390013933181763,
2.5660130977630615,
1.338874101638794,
1.2624393701553345,
1.3053840398788452,
1.3328179121017456,
1.2953933477401733,
1.2954624891281128,
1.3229295015335083,
1.2836828231811523,
1.2837177515029907,
1.290834903717041,
1.2772976160049438,
1.3225606679916382,
1.3119640350341797,
1.182252049446106,
1.1696711778640747,
1.2776761054992676,
1.2016428709030151,
1.3992505073547363,
2.1520678997039795,
2.9089231491088867,
2.663133144378662,
2.484606981277466,
1.929932951927185,
1.6230287551879883,
1.322414755821228,
1.2917696237564087,
1.315315842628479,
1.3368334770202637,
1.3317375183105469,
1.3180147409439087,
1.3927494287490845,
1.385359525680542,
1.4029620885849,
1.4154404401779175,
1.4564409255981445,
1.695543885231018,
1.4443813562393188,
1.4163600206375122,
1.3354789018630981,
1.1571861505508423,
1.307904839515686,
1.1359243392944336,
1.2774721384048462,
1.2794445753097534,
1.384584903717041,
1.4723238945007324,
1.3670107126235962,
1.2978038787841797,
1.3030738830566406,
1.222525954246521,
1.6358752250671387,
1.6908292770385742,
1.3110262155532837,
1.191806435585022,
1.1749365329742432,
1.186048150062561,
1.3651341199874878,
1.4099050760269165,
1.4432822465896606,
1.3966020345687866,
1.2800946235656738,
1.3023674488067627,
1.3257832527160645,
1.3639507293701172,
1.3434956073760986,
1.3173301219940186,
1.3129072189331055,
1.2601104974746704,
1.2392255067825317,
1.219870924949646,
1.2371288537979126
]
}