{
  "n": 16,
  "pearson_r": 0.6711856034891522,
  "pearson_p": 0.004418763391988586,
  "spearman_r": 0.6647058823529411,
  "spearman_p": 0.004967385937481996,
  "r2": 0.3230196184447517,
  "rmse": 0.5965212319412089,
  "mae": 0.4440929383581161
}