{
  "n": 20,
  "pearson_r": 0.595231879098699,
  "pearson_p": 0.005627301304775917,
  "spearman_r": 0.6105263157894737,
  "spearman_p": 0.004248782651947039,
  "r2": 0.1149972879725284,
  "rmse": 75.09073031433793,
  "mae": 59.96451200341776
}