{
  "sspg": {
    "rmse": 69.10614372030412,
    "mae": 49.38307656182183,
    "r2": -0.047307130712769485,
    "pearson_r": 0.24032330618975672,
    "pearson_p": 0.15799698733352757,
    "spearman_r": 0.16718072791366118,
    "spearman_p": 0.3297759252233422,
    "n": 36
  },
  "di": {
    "rmse": 0.9717259462464064,
    "mae": 0.893912672996521,
    "r2": -1.6230160034635728,
    "pearson_r": -0.2650948364725868,
    "pearson_p": 0.40500796865853594,
    "spearman_r": -0.3149331173656363,
    "spearman_p": 0.3187370838766693,
    "n": 12
  }
}