{
"epoch": [
1,
2,
3,
4,
5,
6,
7,
8,
9,
10,
11,
12,
13,
14,
15,
16,
17,
18,
19,
20,
21,
22,
23,
24,
25,
26,
27,
28,
29,
30,
31,
32,
33,
34,
35,
36,
37,
38,
39,
40,
41,
42,
43,
44,
45,
46,
47,
48,
49,
50,
51,
52,
53,
54,
55,
56,
57,
58,
59,
60,
61,
62,
63,
64,
65,
66,
67,
68,
69,
70,
71,
72,
73,
74,
75,
76,
77,
78,
79,
80,
81,
82,
83,
84,
85,
86,
87,
88,
89,
90,
91,
92,
93,
94,
95,
96,
97,
98,
99,
100,
101,
102,
103,
104,
105,
106,
107,
108,
109,
110,
111,
112,
113,
114,
115,
116,
117,
118,
119,
120,
121,
122,
123,
124,
125,
126,
127,
128,
129,
130,
131,
132,
133,
134,
135,
136,
137,
138,
139,
140,
141,
142,
143,
144,
145,
146,
147,
148,
149,
150,
151,
152,
153,
154,
155,
156,
157,
158,
159,
160,
161,
162,
163,
164,
165,
166,
167,
168,
169,
170,
171,
172,
173,
174,
175,
176,
177,
178,
179,
180,
181,
182,
183,
184,
185,
186,
187,
188,
189,
190,
191,
192,
193,
194,
195,
196,
197,
198,
199,
200
],
"train_loss": [
16.919750164812942,
3.5426472172023744,
2.5962126067304236,
1.8945734942053247,
1.4980372913240447,
1.2608551744400986,
1.1925398355393897,
1.3896160857883963,
1.387897290582732,
1.3232582704288753,
1.2609604343654603,
1.2557071128229456,
1.275560459752721,
1.2716821000331968,
1.2634031828932875,
1.274491776631573,
1.2901782360602552,
1.3746539532668947,
1.3179122387893556,
1.2943266451828124,
1.2964782724230308,
1.2445998210606612,
1.2398109032413152,
1.3727692647243108,
1.2600835589911994,
1.2642754147371909,
1.3264495246992336,
1.4119637622607975,
1.4619387951422864,
1.523892290010227,
1.5804952758503712,
1.7215346097946167,
1.788240761268796,
1.724879784846869,
1.7548023002354178,
1.8706336622163067,
1.947472664314931,
2.0559589111898826,
2.1379210573481764,
2.1880174133721297,
2.2624182156690464,
2.358827930735791,
2.468408445673665,
2.5869140812731164,
2.814169046447033,
2.673379888684731,
2.7591583728790283,
2.973291796962107,
3.048799462205782,
3.2447962535647896,
3.4847955778827817,
3.7393520610538995,
3.683121142424936,
3.744771427995577,
3.969821745955099,
4.194450048011119,
4.432414171263927,
4.5962339311134155,
4.751960927107203,
4.554573284359429,
4.181611932168796,
4.354257684992993,
4.373186434347798,
4.524456508516327,
4.798338075322429,
4.979288551751084,
5.051098399274931,
5.272125552019735,
5.455633741664135,
5.79802284466,
6.382840535772129,
6.835633383022518,
7.156247420573798,
7.659632739119642,
7.39311036162489,
7.436326747804176,
8.073778595511369,
8.52381592097245,
8.842361803129902,
9.054397530443087,
9.402352505781518,
9.643102893679162,
9.93159441309651,
10.295728473212776,
10.771062422925093,
11.20201398443988,
11.529441983681025,
11.679737766896645,
12.433616901007225,
12.04315353003074,
11.768121982183983,
12.55101975869006,
12.523684298898292,
12.39361508437029,
12.695994692524588,
12.906541456387737,
13.509154845410444,
13.703041820075569,
14.084537911602832,
14.36786302431362,
14.831800475833923,
15.488948814512238,
15.025195414625754,
15.24434361495371,
15.935793703935278,
16.21557626198596,
15.822036104878103,
16.462671114703802,
16.688261332474355,
17.12289849228746,
17.649018475389855,
18.241800052913156,
18.442411617969903,
18.74266498295341,
18.736144538939467,
19.321328290804164,
19.758222384715644,
20.41229555925985,
20.660404010081855,
20.742992791603868,
21.047153893418198,
21.527467637550174,
21.84710537167046,
21.945791274543822,
21.21338051322877,
21.0912762589342,
20.98122721394216,
21.66385108467162,
20.939812968096394,
20.44926704947404,
21.008561006681187,
22.14305769552396,
21.727811167559285,
21.15125411326491,
21.022909509854053,
20.54250499394935,
20.350440137968288,
21.156666567945106,
21.452232075488475,
22.103856890220342,
23.133110271664115,
23.83394848080132,
24.440512484452857,
24.843365166130965,
24.803086348405973,
25.094579201044997,
25.28140350401871,
25.87758984903651,
25.974704772468627,
25.991949832345558,
25.95147700572577,
26.01628971850778,
26.108599414975625,
25.99621676647757,
26.302886857761173,
26.74660120986578,
26.67572065038005,
26.58042012612651,
26.742964346577804,
27.046130037683202,
27.168201356422244,
27.287701509130283,
27.760879246268686,
27.61252074354277,
27.59327526543084,
27.746989693228652,
28.107142591100978,
28.367031638077865,
28.48086654482864,
28.829917337012102,
28.784525983915554,
28.700970912542868,
28.735077955591397,
28.56663908169964,
28.744688634797345,
28.79013273284191,
28.973688230739803,
28.957400554747093,
28.824304535632997,
28.665879947932687,
28.78006292328121,
28.97045544001061,
29.178865507831723,
29.51618093956174,
29.70381130008247,
29.673843248622624,
29.583653217225564,
29.60048082306629,
29.64120531457616,
29.674011125339298,
29.793557715228225,
29.846743140633652,
29.774622804536595,
29.723431024025743,
29.695161624217597,
29.647901655182125,
29.603302016971618,
29.566659071314053,
29.579597488163024,
29.555564534945752
],