{
  "sspg": {
    "rmse": 69.19746561059567,
    "mae": 49.453846825493706,
    "r2": -0.050076935420019675,
    "pearson_r": -0.12599002588852362,
    "pearson_p": 0.4640544401728794,
    "spearman_r": -0.10317785640486782,
    "spearman_p": 0.5492923090201738,
    "n": 36
  },
  "di": {
    "rmse": 0.8860430421037218,
    "mae": 0.8057378033796946,
    "r2": -1.1808358671897046,
    "pearson_r": 0.43928344636373695,
    "pearson_p": 0.15306334861643572,
    "spearman_r": 0.40082396755626437,
    "spearman_p": 0.19660935427739382,
    "n": 12
  }
}