{
"epoch": [
1,
2,
3,
4,
5,
6,
7,
8,
9,
10,
11,
12,
13,
14,
15,
16,
17,
18,
19,
20,
21,
22,
23,
24,
25,
26,
27,
28,
29,
30,
31,
32,
33,
34,
35,
36,
37,
38,
39,
40,
41,
42,
43,
44,
45,
46,
47,
48,
49,
50,
51,
52,
53,
54,
55,
56,
57,
58,
59,
60,
61,
62,
63,
64,
65,
66,
67,
68,
69,
70,
71,
72,
73,
74,
75,
76,
77,
78,
79,
80,
81,
82,
83,
84,
85,
86,
87,
88,
89,
90,
91,
92,
93,
94,
95,
96,
97,
98,
99,
100
],
"train_loss": [
14.232202811503974,
1.9171144511755995,
1.2489682820838268,
1.043210841539338,
0.9965570357840831,
1.0061881396714158,
1.094903311391515,
1.0833164800809125,
1.0950871358706256,
1.08552875387387,
1.1332221021802407,
1.1499584866320993,
1.2065673137274313,
1.2023584701883512,
1.208951255467933,
1.2534913669420977,
1.237518252350214,
1.2687039375305176,
1.350852926885049,
1.3178360668693,
1.2983844636932134,
1.2845517124716692,
1.2345227040643767,
1.2581800081598478,
1.3058741486917331,
1.2355403299406758,
1.2528971302227712,
1.2560458539977788,
1.3197824194675356,
1.20506183415886,
1.248508733088576,
1.2694742585730365,
1.2130139409087775,
1.3231570532941443,
1.3396731680772436,
1.3517320634811882,
1.4519088380918728,
1.5077731909714347,
1.576609056765639,
1.73048259798936,
1.781200089792567,
1.8864663951978908,
2.0000493601551206,
2.078617338120468,
2.222024054039182,
2.3346632465602846,
2.4134550826756036,
2.5236638437105916,
2.685155637620941,
2.8994972799706646,
2.974933560438982,
3.0728927484647497,
3.3440400071031466,
3.4204721488351897,
3.6966357493963766,
4.099324545522374,
4.556560865537388,
4.9456579929261695,
5.388770095945343,
5.799090606959786,
6.283702163245734,
6.767220140442135,
7.382657336437796,
8.04850377060297,
8.722458013399379,
9.433128657303458,
10.275077842351958,
11.107444868313046,
11.882741620221475,
12.045177842688373,
11.999312986539104,
12.854657601183794,
13.725574861361286,
14.367534735071377,
15.213067017202302,
16.034304070660447,
17.148459261796607,
17.964678952074426,
18.81656983142763,
19.589871939711685,
20.27945407356803,
21.180294983030304,
21.594574500256638,
23.00974464416504,
22.836546965471403,
24.550836187648024,
27.18457750635823,
22.982134871595488,
26.613741747037633,
26.339702801441582,
25.377215933612014,
27.38077438534714,
25.228969258586254,
25.46368513332577,
27.998449385635496,
26.616367204921453,
23.517765991331085,
27.63183862581028,
28.030572801124393,
24.5074878602516
],
"val_loss": [
1.1761153936386108,
0.6686748266220093,
0.5444285869598389,
0.428780198097229,
0.4609426259994507,
0.44974708557128906,
0.4569735825061798,
0.4637790322303772,
0.3615483045578003,
0.49698904156684875,
0.3494037091732025,
0.35856160521507263,
0.33911970257759094,
0.34230855107307434,
0.3540422320365906,
0.3354955315589905,
0.33531251549720764,
0.433840274810791,
0.3423682451248169,
0.37458524107933044,
0.35650163888931274,
0.38404980301856995,
0.3452579081058502,
0.3370758891105652,
0.3295980393886566,
0.34731295704841614,
0.3359460234642029,
0.31276097893714905,
0.35053256154060364,
0.32411903142929077,
0.35731157660484314,
0.32487401366233826,
0.3274676203727722,
0.2985447347164154,
0.2930760085582733,
0.281351238489151,
0.27015453577041626,
0.2678455114364624,
0.28096118569374084,
0.30913999676704407,
0.2591101825237274,
0.26789921522140503,
0.2564048171043396,
0.22570127248764038,
0.2406340390443802,
0.22512279450893402,
0.2392265498638153,
0.23766224086284637,
0.24365387856960297,
0.2102200984954834,
0.26780837774276733,
0.2250332236289978,
0.2245166301727295,
0.19966377317905426,
0.2256917953491211,
0.21695418655872345,
0.21094156801700592,
0.2409752458333969,
0.19957152009010315,
0.1900811791419983,
0.24259991943836212,
0.18362419307231903,
0.1964661031961441,
0.19453562796115875,
0.18427923321723938,
0.17512302100658417,
0.17715761065483093,
0.1965135633945465,
0.180406853556633,
0.21051280200481415,
0.17299014329910278,
0.16986463963985443,
0.20628055930137634,
0.21066327393054962,
0.21614345908164978,
0.19554056227207184,
0.15979792177677155,
0.1841086447238922,
0.17445674538612366,
0.16927362978458405,
0.16900761425495148,
0.17921122908592224,
0.18502187728881836,
0.18764793872833252,
0.2552972733974457,
0.30738624930381775,
0.30987364053726196,
0.30903515219688416,
0.24817129969596863,
0.31187665462493896,
0.16983287036418915,
0.2729288935661316,
0.2498667985200882,
0.2398017942905426,
0.1575271040201187,
0.34051865339279175,
0.43144339323043823,
0.30209627747535706,
0.26086655259132385,
0.3027280569076538
]
}