{
"epoch": [
1,
2,
3,
4,
5,
6,
7,
8,
9,
10,
11,
12,
13,
14,
15,
16,
17,
18,
19,
20,
21,
22,
23,
24,
25,
26,
27,
28,
29,
30,
31,
32,
33,
34,
35,
36,
37,
38,
39,
40,
41,
42,
43,
44,
45,
46,
47,
48,
49,
50,
51,
52,
53,
54,
55,
56,
57,
58,
59,
60,
61,
62,
63,
64,
65,
66,
67,
68,
69,
70,
71,
72,
73,
74,
75,
76,
77,
78,
79,
80,
81,
82,
83,
84,
85,
86,
87,
88,
89,
90,
91,
92,
93,
94,
95,
96,
97,
98,
99,
100
],
"train_loss": [
6.606805259531194,
1.3670576578610902,
0.6467162092010696,
0.8044672538707782,
0.8210309798067267,
0.7734733254878552,
0.5725423476912759,
0.4966015734455802,
0.4711277608747606,
0.49288381384564683,
0.44824845527673696,
0.3872110801083701,
0.4644543869154794,
0.37175464475309694,
0.47378344195229666,
0.43201468672071186,
0.4180237813429399,
0.4449881501012034,
0.4490185612207883,
0.4246282337547897,
0.41398298430752445,
0.4094771274498531,
0.39694470167160034,
0.40381471909485855,
0.4205093542476753,
0.39847881492082177,
0.3842743422303881,
0.3983004747273086,
0.3790008859200911,
0.3747131863197723,
0.36208926121909896,
0.3574135795042112,
0.35254101745494,
0.3946606439429444,
0.43211281454408323,
0.38314478815375985,
0.40655255820844083,
0.3828908746892756,
0.3586908648540447,
0.35070125197435353,
0.3545949567448009,
0.33565509745052885,
0.3610862238066537,
0.42326442452220175,
0.43873418925644514,
0.48442205902817964,
0.4401985550081575,
0.3673977658346102,
0.4467406025180569,
0.6370233088344722,
0.4377510001907101,
0.746112001406682,
0.5013194912439817,
0.4908566815512521,
0.5136205136001885,
0.45392562429626265,
0.39076845715572306,
0.39340387536333754,
0.3789763257100985,
0.36881239073617117,
0.3527971831235019,
0.36192605789605675,
0.36058255681743867,
0.3518335819244385,
0.35759752059911754,
0.4015688536229072,
0.38868228684772144,
0.4030091549668993,
0.40904986393916143,
0.4076654601406741,
0.40070530888322115,
0.3875941332284506,
0.4190352771963392,
0.39988814081464497,
0.3861299938969798,
0.3979407235399469,
0.3926247393156027,
0.38638873456360456,
0.3707308645372267,
0.3657099236915638,
0.3563146958877514,
0.36198274423549703,
0.3540364151651209,
0.36152444566999165,
0.35402181473645294,
0.350564040533908,
0.3479202815464565,
0.36066925138622136,
0.3748450964302212,
0.38528915117313334,
0.4410932497544722,
0.5708878295762199,
0.5607029679533723,
0.5693134108147064,
0.6146720369140823,
0.5551240668668376,
0.4992132395892948,
0.4732329992504863,
0.45684242248535156,
0.43834450647428436
],
"val_loss": [
1.3499902486801147,
0.8045351505279541,
0.6368725895881653,
0.8813447952270508,
0.6381840109825134,
0.5044872164726257,
0.393490195274353,
0.3471178412437439,
0.4365074038505554,
0.385259747505188,
0.35768651962280273,
0.39190220832824707,
0.41927993297576904,
0.45046716928482056,
0.46524566411972046,
0.42832839488983154,
0.42710140347480774,
0.4501500427722931,
0.4405157268047333,
0.4209113121032715,
0.3929693102836609,
0.4205366373062134,
0.38704121112823486,
0.35679441690444946,
0.36564168334007263,
0.3675033152103424,
0.3952389061450958,
0.34154266119003296,
0.33061784505844116,
0.3640386462211609,
0.3399698734283447,
0.3200986683368683,
0.3760043680667877,
0.3491479158401489,
0.3097410798072815,
0.36444535851478577,
0.3736027479171753,
0.376468688249588,
0.3764873445034027,
0.38596099615097046,
0.3515210449695587,
0.3426978886127472,
0.35459837317466736,
0.363207072019577,
0.45687445998191833,
0.3383873403072357,
0.31961750984191895,
0.380058228969574,
0.5357072353363037,
0.39553770422935486,
0.6061688661575317,
0.46757569909095764,
0.4779064655303955,
0.5329093933105469,
0.5057996511459351,
0.44183894991874695,
0.4195409417152405,
0.3991682231426239,
0.3456866443157196,
0.3518025577068329,
0.34203967452049255,
0.34769904613494873,
0.35870161652565,
0.37878715991973877,
0.4206206500530243,
0.4073946177959442,
0.4124144911766052,
0.42238378524780273,
0.407875657081604,
0.3961905539035797,
0.3839687705039978,
0.3856177031993866,
0.4067250192165375,
0.3825342655181885,
0.392537385225296,
0.38313940167427063,
0.3852752447128296,
0.36657950282096863,
0.36238110065460205,
0.3496401309967041,
0.33400675654411316,
0.32957398891448975,
0.3349447250366211,
0.34631776809692383,
0.3261251747608185,
0.3308791518211365,
0.3757336735725403,
0.3807452619075775,
0.4056719243526459,
0.4752568006515503,
0.5797728896141052,
0.6902187466621399,
0.6704800128936768,
0.6878372430801392,
0.6595147848129272,
0.5830069780349731,
0.5765707492828369,
0.5653569102287292,
0.5404158234596252,
0.504400908946991
]
}