{
  "sspg": {
    "spearman_r": -0.09999999999999999,
    "rmse": NaN,
    "n": 5
  },
  "di": {
    "spearman_r": -0.7999999999999999,
    "rmse": NaN,
    "n": 5
  }
}