{
"epoch": [
1,
2,
3,
4,
5,
6,
7,
8,
9,
10,
11,
12,
13,
14,
15,
16,
17,
18,
19,
20,
21,
22,
23,
24,
25,
26,
27,
28,
29,
30,
31,
32,
33,
34,
35,
36,
37,
38,
39,
40,
41,
42,
43,
44,
45,
46,
47,
48,
49,
50,
51,
52,
53,
54,
55,
56,
57,
58,
59,
60,
61,
62,
63,
64,
65,
66,
67,
68,
69,
70,
71,
72,
73,
74,
75,
76,
77,
78,
79,
80,
81,
82,
83,
84,
85,
86,
87,
88,
89,
90,
91,
92,
93,
94,
95,
96,
97,
98,
99,
100
],
"train_loss": [
844.5158975431234,
300.20984551458076,
506.18388986115406,
332.58621230928026,
296.3633444002359,
285.8846637990215,
334.1373816764001,
280.82583089394143,
270.5732331228728,
289.40540396813117,
269.2534614789604,
233.09098997210512,
224.17975367177831,
263.8970533314318,
226.08241830958,
224.71518729936957,
213.983235274211,
215.76268303748404,
213.1095379838849,
240.4509549282565,
249.18637795023398,
253.16633590849318,
238.87954198251856,
213.97844189936572,
200.28579047174736,
251.67984099435336,
253.72634978341586,
179.14529494483872,
223.77502396083113,
201.4299138135249,
210.1660833075495,
235.86784498762376,
193.61354888311706,
215.51980621035736,
215.09628598052677,
211.47170476630183,
189.6812541697285,
208.23145943821066,
185.15859018458,
207.99195604985303,
214.01098511950804,
213.25846264149882,
229.10605062352548,
222.39608318970934,
231.52038241849087,
203.73877429017926,
209.59864701374923,
206.90196394212174,
173.9951533704701,
179.66233032528717,
185.66602771116956,
187.7751052403214,
236.05168166963182,
252.3093648476176,
219.1492787540549,
210.41777839282952,
199.71965646271659,
220.4142211309754,
198.8422584911384,
195.83037061030322,
184.90503654857673,
241.5339162090037,
227.55834386844447,
207.62003016707922,
180.29818891770768,
206.2448497809986,
185.5288211331509,
199.7676051678044,
178.23406559405942,
199.2478190507039,
171.39452520691523,
187.15243288550047,
174.51374288124615,
185.28308770208076,
189.54922636428682,
223.85500124185393,
209.9554481128655,
207.06780537520305,
205.73797728283571,
202.8957803839504,
182.35829933090966,
183.3557400845065,
194.93478453985534,
204.46053627694008,
199.21249842879797,
169.56633222221149,
190.87067349122302,
182.12801238333824,
238.15935459703502,
238.29290408899288,
177.1872325934986,
238.6223516180964,
209.42596133392635,
215.5386774233072,
183.5791373677773,
186.16524346984258,
173.5876084129409,
176.22194346815053,
189.47611652034345,
173.05715081243233
],
"val_loss": [
1.600197196006775,
2.105551242828369,
6.609373092651367,
3.1175179481506348,
8.827291488647461,
6.363523960113525,
3.6706838607788086,
3.089829206466675,
2.655080556869507,
3.3162388801574707,
2.884528875350952,
2.825507402420044,
2.9170916080474854,
3.03324556350708,
3.109128475189209,
3.2749595642089844,
3.2522027492523193,
3.6783876419067383,
3.637866973876953,
3.1054718494415283,
3.3228118419647217,
2.985973358154297,
3.6399331092834473,
3.435044050216675,
2.9825973510742188,
2.8576207160949707,
2.8724207878112793,
2.7324745655059814,
3.3951351642608643,
2.961700439453125,
2.874162435531616,
2.747525453567505,
2.648984670639038,
2.6107239723205566,
2.57330584526062,
2.5582997798919678,
2.6312882900238037,
2.5822854042053223,
2.542926788330078,
2.5458810329437256,
2.524837017059326,
2.166520357131958,
2.28849720954895,
2.4120893478393555,
2.434638261795044,
2.624099016189575,
2.7435498237609863,
2.6951091289520264,
2.7022790908813477,
2.6679673194885254,
2.6385185718536377,
2.6758480072021484,
2.6308419704437256,
2.720864772796631,
2.649146318435669,
2.5924746990203857,
2.6598124504089355,
2.597510814666748,
2.4924495220184326,
2.523685932159424,
2.535892963409424,
2.539182424545288,
2.4286909103393555,
2.421274423599243,
2.3851351737976074,
2.2467594146728516,
2.269333839416504,
2.3072543144226074,
2.2945902347564697,
2.17402982711792,
2.130009412765503,
2.217167615890503,
2.017160177230835,
1.8498759269714355,
1.8713767528533936,
1.9540698528289795,
2.0279271602630615,
2.113325834274292,
2.857001304626465,
3.1438441276550293,
2.969864845275879,
2.922022819519043,
2.8976798057556152,
2.9785778522491455,
2.8151042461395264,
2.946396827697754,
3.005513906478882,
3.141725778579712,
3.003591537475586,
3.028494358062744,
2.9105653762817383,
2.74910831451416,
2.7908666133880615,
2.9067347049713135,
2.94364070892334,
2.8555727005004883,
3.009169816970825,
3.0430350303649902,
2.8466131687164307,
3.0417428016662598
]
}