{
  "sspg": {
    "n": 16,
    "pearson_r": 0.4704995381104997,
    "pearson_p": 0.0658774170989352,
    "spearman_r": 0.7176470588235294,
    "spearman_p": 0.0017475350604702381,
    "rmse": 81.68650613651273,
    "mae": 66.2955552416548,
    "r2": 0.07505622742061568
  },
  "di": {
    "n": 16,
    "pearson_r": 0.32592986025989495,
    "pearson_p": 0.2179668631351909,
    "spearman_r": 0.27941176470588236,
    "spearman_p": 0.29461765356841446,
    "rmse": 2.1044812342479715,
    "mae": 1.9613469295973318,
    "r2": -7.4258628566204585
  }
}