{
  "tau_m_mean": 106.82187124203821,
  "tau_m_std": 14.018932651260474,
  "tau_m_cv": 0.1312365388000352,
  "Gb_mean": 122.77568942675157,
  "Gb_std": 40.39920852735331,
  "Gb_cv": 0.32904892420225534,
  "si_mean": 0.0006826195240127389,
  "si_std": 0.00016329230850381263,
  "si_cv": 0.2392107325565446,
  "mi_mean": 2.02290257955414,
  "mi_std": 0.4070014574882522,
  "mi_cv": 0.2011967652767491
}