{
  "tau_m_mean": 161.12018644067797,
  "tau_m_std": 23.67567502558654,
  "tau_m_cv": 0.14694418835490936,
  "tau_m_min": 22.47939,
  "tau_m_max": 179.14394,
  "Gb_mean": 186.188282220339,
  "Gb_std": 53.537696933271356,
  "Gb_cv": 0.2875460060748522,
  "Gb_min": 96.06367,
  "Gb_max": 299.8992,
  "si_mean": 0.008420317076101694,
  "si_std": 0.0017147249953670676,
  "si_cv": 0.20364113886190308,
  "si_min": 6.482459e-05,
  "si_max": 0.009368412,
  "mi_mean": 4.253616430169492,
  "mi_std": 0.9738707108084115,
  "mi_cv": 0.22895122879711413,
  "mi_min": 0.06635535,
  "mi_max": 4.775593
}