{
  "n": 16,
  "pearson_r": -0.6215623708780046,
  "pearson_p": 0.010160049200293474,
  "spearman_r": -0.5470588235294118,
  "spearman_p": 0.028301087242108842,
  "r2": -24.782616834307035,
  "rmse": 3.681301278578322,
  "mae": 3.3881316115957327
}