{
  "n": 16,
  "pearson_r": 0.6215623708780045,
  "pearson_p": 0.010160049200293507,
  "spearman_r": 0.5470588235294118,
  "spearman_p": 0.028301087242108842,
  "r2": -0.23562056793755426,
  "rmse": 0.8058986511575434,
  "mae": 0.6947975423624853
}