{
  "n": 20,
  "pearson_r": 0.688616729670626,
  "pearson_p": 0.0007872518581839877,
  "spearman_r": 0.613533834586466,
  "spearman_p": 0.004013734729903659,
  "r2": 0.17090602144786227,
  "rmse": 72.6801655580753,
  "mae": 46.3180715974172
}