{
  "n": 20,
  "pearson_r": 0.6886167296706259,
  "pearson_p": 0.0007872518581839921,
  "spearman_r": 0.613533834586466,
  "spearman_p": 0.004013734729903659,
  "r2": 0.19253830494655455,
  "rmse": 71.72573246537128,
  "mae": 48.72595975505878
}