{
  "n": 95,
  "accuracy": 0.3684210526315789,
  "f1_macro": 0.2692307692307692
}