{
  "sspg": {
    "rmse": 69.36734370345074,
    "mae": 49.580420600043404,
    "r2": -0.0552390907406517,
    "pearson_r": -0.2470213629870722,
    "pearson_p": 0.14637941173501223,
    "spearman_r": -0.31547286310988654,
    "spearman_p": 0.060900856071335815,
    "n": 36
  },
  "di": {
    "rmse": 0.9426251654023604,
    "mae": 0.8629209995269775,
    "r2": -1.468262824442089,
    "pearson_r": -0.11324367474798383,
    "pearson_p": 0.7260249311395555,
    "spearman_r": -0.007157570849219007,
    "spearman_p": 0.98238686862852,
    "n": 12
  }
}