{
"epoch": [
1,
2,
3,
4,
5,
6,
7,
8,
9,
10,
11,
12,
13,
14,
15,
16,
17,
18,
19,
20,
21,
22,
23,
24,
25,
26,
27,
28,
29,
30,
31,
32,
33,
34,
35,
36,
37,
38,
39,
40,
41,
42,
43,
44,
45,
46,
47,
48,
49,
50,
51,
52,
53,
54,
55,
56,
57,
58,
59,
60,
61,
62,
63,
64,
65,
66,
67,
68,
69,
70,
71,
72,
73,
74,
75,
76,
77,
78,
79,
80,
81,
82,
83,
84,
85,
86,
87,
88,
89,
90,
91,
92,
93,
94,
95,
96,
97,
98,
99,
100
],
"train_loss": [
16.919750164812942,
3.542622645070234,
2.596070006137758,
1.894237421628997,
1.4995049895264032,
1.2550036419095016,
1.202877896038566,
1.3914295228447502,
1.2731613249290648,
1.2721839814674196,
1.1893869056476383,
1.2580710114456537,
1.256383144010709,
1.2165365763536589,
1.2387103612028707,
1.2159325935709195,
1.1873309687366636,
1.2393608938051959,
1.2358762739211555,
1.2095953385660967,
1.2643242285946223,
1.2154736894322193,
1.2649628975259977,
1.2871055546707995,
1.2941782934459176,
1.3162310818048912,
1.410241887325377,
1.3879412346937525,
1.4714023982446025,
1.427771806716919,
1.4093131652967197,
1.5172536973878155,
1.565078758817958,
1.6199869893667267,
1.6729395474035909,
1.6696169207415243,
1.7058045244592381,
1.7993438844605694,
1.762865147252721,
1.8520649521369634,
1.7727615758190005,
1.9047724205677903,
1.9849816288535052,
3.730224183225256,
2.2528595868058092,
2.4178543222232127,
2.6931376363348773,
2.560311698538112,
2.4568618958390602,
2.6470905514213983,
2.6572380685430814,
2.704723724230068,
2.8360518301565816,
2.9126709652697946,
2.9376380030564437,
3.083158891032061,
3.162624986152949,
3.3088871400187334,
3.473221172497967,
3.778475932248934,
3.924613997692198,
4.140065591166339,
4.553368200467327,
4.845384211052121,
4.9215540247639336,
5.277217943837323,
5.81175707644365,
5.559475587108943,
5.838988394249142,
6.178398151097335,
5.953889854311004,
7.002289524228554,
7.499371168181652,
7.740122123027411,
7.880714138661783,
8.180557626438892,
8.821838514072688,
9.374292238490789,
9.79631218196839,
10.50233884496013,
11.285759310084066,
11.876959485331858,
12.282914296848567,
13.352497070793092,
14.221399329778716,
15.121272470068744,
16.730144816120777,
18.327071392630028,
18.585725078432578,
18.863074400293545,
19.5171615420364,
19.897388067771132,
20.318571661400984,
21.38005985049751,
22.731426163921206,
23.84286909028301,
25.04105706102266,
26.37753336448369,
27.375455931415708,
28.591274036197213
],
"val_loss": [
0.8459020853042603,
0.7255653142929077,
0.47599202394485474,
0.4240845739841461,
0.3925732672214508,
0.3701660633087158,
0.5663192868232727,
0.5053187608718872,
0.4561671316623688,
0.4029178321361542,
0.4253530502319336,
0.4210263192653656,
0.39419135451316833,
0.39707422256469727,
0.3420395255088806,
0.3383657932281494,
0.34888559579849243,
0.3366582691669464,
0.3797866404056549,
0.362892746925354,
0.3588818609714508,
0.32392618060112,
0.334438681602478,
0.3383306562900543,
0.3695146143436432,
0.36090385913848877,
0.3746098279953003,
0.39517641067504883,
0.37610405683517456,
0.32827869057655334,
0.3014361262321472,
0.3001978397369385,
0.32373929023742676,
0.32194140553474426,
0.3599620759487152,
0.3222886919975281,
0.33777815103530884,
0.3240585923194885,
0.32805660367012024,
0.3008180856704712,
0.3044198751449585,
0.31861749291419983,
0.2647457420825958,
0.37921851873397827,
0.34794020652770996,
0.32638537883758545,
0.3425513505935669,
0.36478883028030396,
0.29507121443748474,
0.34793969988822937,
0.3097269535064697,
0.35190847516059875,
0.29825079441070557,
0.2884073257446289,
0.30237826704978943,
0.30507659912109375,
0.276684045791626,
0.29344743490219116,
0.3000454604625702,
0.2979518473148346,
0.3279161751270294,
0.2901776134967804,
0.27641549706459045,
0.3905089795589447,
0.29849857091903687,
0.295333594083786,
0.29878345131874084,
0.3152974545955658,
0.3001338839530945,
0.29641932249069214,
0.3765184283256531,
0.3047363758087158,
0.30037370324134827,
0.2636730670928955,
0.2857864499092102,
0.24606215953826904,
0.25533348321914673,
0.2808275520801544,
0.22877059876918793,
0.1717039793729782,
0.25362032651901245,
0.1968224197626114,
0.19250370562076569,
0.23058709502220154,
0.19972063601016998,
0.18264177441596985,
0.234674870967865,
0.21364855766296387,
0.25299280881881714,
0.17692960798740387,
0.16229231655597687,
0.16135025024414062,
0.15016531944274902,
0.15766340494155884,
0.15360239148139954,
0.15261809527873993,
0.1443585455417633,
0.20769505202770233,
0.18636804819107056,
0.18830271065235138
]
}