{
"epoch": [
1,
2,
3,
4,
5,
6,
7,
8,
9,
10,
11,
12,
13,
14,
15,
16,
17,
18,
19,
20,
21,
22,
23,
24,
25,
26,
27,
28,
29,
30,
31,
32,
33,
34,
35,
36,
37,
38,
39,
40,
41,
42,
43,
44,
45,
46,
47,
48,
49,
50,
51,
52,
53,
54,
55,
56,
57,
58,
59,
60,
61,
62,
63,
64,
65,
66,
67,
68,
69,
70,
71,
72,
73,
74,
75,
76,
77,
78,
79,
80,
81,
82,
83,
84,
85,
86,
87,
88,
89,
90,
91,
92,
93,
94,
95,
96,
97,
98,
99,
100
],
"recon_loss": [
8.270346573420934,
1.5269635946719677,
1.34048381563905,
1.2888466104284508,
1.8164716757737196,
1.2522872732831287,
1.3406198582091888,
1.3021248284872475,
1.1533620845187793,
1.251634822263346,
1.1494242587646881,
1.556938499599308,
0.8584474193585383,
1.1519316759976475,
1.213341762493183,
0.9072874939286864,
0.8703468008474871,
0.7910044665460463,
0.7463129046675446,
0.8579619712643809,
0.6691596949255312,
0.8684417473805415,
0.6179448381646887,
0.5563347169331142,
0.5903162290523578,
0.6138445882054119,
0.6439754908735101,
0.5756740043689679,
0.5974839298756092,
0.5116912033650782,
0.678248907838549,
0.5575617807252067,
0.5242891946396271,
0.5083291383532734,
0.3999096588654952,
0.5187469113182712,
0.38252076545319,
0.41747557497643806,
0.42922322897167947,
0.4057810732296535,
0.46565547798361095,
0.3882358554121736,
0.5036800290857043,
0.3047182405149782,
0.3804523658442807,
0.3674394844414352,
0.3972383605969417,
0.45535058866847644,
0.49247888659502004,
0.34564692130336516,
0.37573498197190175,
0.333495489188603,
0.3214359124759575,
0.4035307683727958,
0.3720438646805751,
0.4312163374640725,
0.29061557836346813,
1.1784261728261973,
0.38453653996640985,
0.6136434531057036,
0.3925812689514903,
0.9893673766743053,
0.6060178790773664,
0.4155190474801249,
0.47164866057309235,
0.34408909353342926,
0.2762265731761982,
0.31586690885680063,
0.38044788852914585,
0.40410211411389435,
0.4391209146419129,
0.3566433260967205,
0.32340476187792694,
0.4329416357077561,
0.3986919003647643,
0.4026779410513965,
0.34301078938818597,
0.2644671406838801,
0.35021490032796737,
0.289002497281347,
0.3470421661804249,
0.37883811802059025,
0.4777958215057076,
0.8080051007208886,
0.7285688790408048,
0.7898700005048281,
1.133999338397732,
0.89198396267829,
0.7865889370441437,
0.884983997840386,
0.751192580182831,
0.5953802087090232,
0.5441462773007232,
0.4947994753911898,
0.5214988620250256,
0.6425707955639084,
0.48778752460108177,
0.398056573294974,
0.4296344905704647,
0.4738962402591458
],
"sspg_loss": [
1756.376613864651,
260.8222684488668,
39.48213334517045,
21.826419557843888,
10.028309382401504,
3.556744386623432,
1.3078860988864651,
1.6383246647847163,
2.575575809974175,
2.7343540067796583,
1.8305748081826545,
1.0720896209989275,
1.069829159742826,
1.0143988101513355,
1.1580125077978356,
1.0806267842069848,
1.1383252732165448,
1.1891309193202428,
1.0940092925901537,
1.1804667850593469,
1.06349849855745,
1.103370846091927,
0.9936748317309788,
1.0439406586931896,
1.0599296836109904,
1.089607452417349,
1.1939505431559179,
0.9051590438012953,
0.9965222748843107,
1.2096219031841724,
2.2487429179154432,
1.9220872660735986,
0.9666154709729281,
1.5695324284689767,
1.5368269480668104,
1.0862966048253047,
1.1327528272356306,
1.0247919435624953,
1.1772440563548694,
1.036322502346782,
1.2332589997873677,
1.0521178477770323,
1.4664354115337521,
0.9380893118969806,
1.1476246412698325,
0.915175529269429,
0.8937132323717142,
1.0777568414613798,
0.9791217910778987,
0.9924253503997604,
0.9943205977415109,
0.8137097761228487,
0.9558780518445101,
0.889607893956172,
0.9101087892210329,
0.981094937432896,
0.8450583730425153,
0.892885150847497,
0.91946104672048,
0.9368868001869747,
0.8652742806967203,
1.1734864193123657,
1.1350733304952647,
1.0904553192002433,
1.3184282996437766,
0.8229328401677021,
0.9233128049156882,
0.8954788616725377,
0.9138977605027038,
0.8993006379573376,
0.8688054487302705,
0.857667509998594,
1.0643206772866187,
0.8837964019992135,
1.0141684621959537,
0.8804635119128537,
0.9633353886666236,
0.9968338693891253,
1.1732241968055823,
1.100432519788866,
1.0481921852409066,
0.8535391154227319,
0.9932990430237411,
1.0570996782996438,
1.0362890169217989,
2.044057895610859,
1.3909243933566204,
1.2301025886040229,
1.2604389422899718,
3.011334902280337,
1.2539719312221973,
1.023820544218088,
0.9272125564612351,
0.8692448820386615,
1.1082129354600783,
1.046371254053983,
1.1477702283239983,
0.9134651979842743,
0.9437473687258634,
0.9532431518876707
],
"di_loss": [
4958.671684760552,
944.9560891684,
298.3840343921216,
243.22161330185926,
193.2253415987089,
150.2076554731889,
110.50116164962967,
78.12031654258827,
51.130578226857374,
29.60361332088322,
13.798607714764483,
4.851394978436557,
1.2918310924009844,
1.9796390905008687,
2.7725663804388665,
2.57475344236795,
1.6748990052706236,
1.076775058523401,
1.3630215254696934,
1.253757435780067,
1.1013252456466873,
1.1147232551079291,
0.9870563985465409,
1.03688759463174,
0.9967799798234717,
0.9427198341914585,
0.8518965755190168,
1.0533006322848333,
0.8514463212582972,
1.0474493658387816,
2.5387762676585806,
2.2406932711601257,
1.0886285800438422,
1.3415791121396152,
2.4056856787049927,
2.002647055433942,
1.1521295185212965,
1.1382147871054613,
1.0715599787699712,
1.160329784665789,
0.9844709882488498,
1.0042097150505362,
0.9274429353800687,
1.0660756536118396,
0.9229037777169958,
1.1380332476132875,
1.0404363290056007,
1.026241872217748,
0.9988725649846064,
0.9380259738340007,
0.90338741417055,
0.8325756501841854,
0.9443931695702789,
1.01366918969464,
1.051347698097105,
0.9028761023050779,
0.8645672581412576,
0.8488387875742727,
0.9450037185247843,
0.9337271196501595,
0.9233191462306233,
0.9362049462733331,
0.9625439628378137,
1.0541355153182885,
1.3347047877002072,
0.8907940681878622,
0.8723316571929238,
0.9194415947059532,
0.8681544754412267,
0.910919974376629,
0.8794586751368139,
0.8324616977146694,
1.1015159061976842,
0.9698870073665272,
1.0309060448175902,
0.8305468822454477,
0.8562380292198875,
0.8526398493097974,
0.8610665844632434,
0.9637619551126059,
0.8098339848704152,
0.8710699143347802,
1.118602206180622,
1.2941747361963445,
0.9116100665036734,
2.023807956026746,
1.205366983816221,
1.2638034774111462,
1.3026077755085834,
2.3020410537719727,
1.1093627934332018,
1.0796087949306934,
0.9922076599164442,
0.8318688683695608,
0.9715843587726741,
0.8944595014894163,
1.149823462808287,
0.9212188565885866,
0.9523742864658307,
0.9284741150868403
],