{
  "sspg": {
    "rmse": 65.74055493272778,
    "mae": 58.39518907335069,
    "r2": -0.005380522329226922,
    "pearson_r": 0.3773706272225836,
    "pearson_p": 0.3167140820832153,
    "spearman_r": 0.25,
    "spearman_p": 0.5164895523012263,
    "n": 9
  },
  "di": {
    "rmse": 1.8258948398250499,
    "mae": 1.5317138859203883,
    "r2": -2.063057199297841,
    "pearson_r": 0.30824954733107657,
    "pearson_p": 0.5012022855641185,
    "spearman_r": 0.6785714285714287,
    "spearman_p": 0.0937502539598313,
    "n": 7
  }
}