{
"epoch": [
1,
2,
3,
4,
5,
6,
7,
8,
9,
10,
11,
12,
13,
14,
15,
16,
17,
18,
19,
20,
21,
22,
23,
24,
25,
26,
27,
28,
29,
30,
31,
32,
33,
34,
35,
36,
37,
38,
39,
40,
41,
42,
43,
44,
45,
46,
47,
48,
49,
50,
51,
52,
53,
54,
55,
56,
57,
58,
59,
60,
61,
62,
63,
64,
65,
66,
67,
68,
69,
70,
71,
72,
73,
74,
75,
76,
77,
78,
79,
80,
81,
82,
83,
84,
85,
86,
87,
88,
89,
90,
91,
92,
93,
94,
95,
96,
97,
98,
99,
100
],
"train_loss": [
64.31468158193154,
10.245906404929586,
5.530392558267801,
1.9980464076051618,
2.053140661504009,
1.5431161339920345,
1.5121921477931561,
1.1057324592429814,
0.9902750867428166,
0.8482966706304267,
0.8519451821794605,
0.9358971278266152,
0.7817754025506501,
0.8556519463510797,
1.0902505038988473,
0.811208171419578,
0.839877704582592,
0.6641933900294917,
0.7753685641996931,
0.8766596093036161,
0.7006850375397371,
0.6124628888498439,
0.6536667352855796,
0.566889502034329,
0.5533891090072027,
0.5175629715518196,
0.4916068362717581,
0.4914009647794289,
0.4798682898578077,
0.5886687603917452,
0.5956896761856457,
0.5073906708471846,
0.9563107289890251,
1.3978606792959836,
1.0216412815717186,
0.5761540071799023,
0.5423844580603118,
0.5036501418245901,
0.5548209323741422,
0.4797722602834796,
0.51469619675438,
0.4952034026679426,
0.5367625845540868,
0.4976228941785227,
0.48200287352694143,
0.46266772634912245,
0.44574493582886043,
0.4877015777153544,
0.4828532827962743,
0.44959567206920964,
0.44713956353688006,
0.44559664980019675,
0.44230758966785844,
0.4900714678339439,
0.4575365389337634,
0.4656191208575032,
0.4462475738312938,
0.5322816389622075,
0.47071025218113816,
0.5269693437189159,
0.5129014052967034,
0.487141874462071,
0.5426175470399385,
0.574048398744942,
0.547539496775901,
0.6064995037447108,
0.5327460329131325,
0.5717095378601905,
0.5036658476484884,
0.5678072984855954,
0.4978105390425956,
0.5073472001765034,
0.5010297062373398,
0.5026573783690387,
0.5130435369982578,
0.5097779153597237,
0.4974803889151847,
0.5208008345400933,
0.4735306713840749,
0.6224327488700943,
0.6126842728935846,
0.588517035293107,
0.5872455487156859,
0.6547484870004182,
0.5920003387007383,
0.5727823264528029,
0.5242926850177274,
0.5613495624891602,
0.5182162228197155,
0.5305326156096883,
0.535764333340201,
0.5305581293483772,
0.5305420756340027,
0.565928720306642,
0.7434893964540841,
0.7093705588048047,
0.6314939059833489,
0.6714977262043716,
0.7213160295297604,
0.6138378104360978
],
"val_loss": [
3.3685221672058105,
1.2108458280563354,
0.9794235825538635,
0.9778892993927002,
0.8488802909851074,
0.7764357924461365,
0.7372717261314392,
0.7171291708946228,
0.7721968293190002,
0.6611238718032837,
0.6979530453681946,
0.655433177947998,
0.621945858001709,
0.6390327215194702,
0.48920518159866333,
0.5303605794906616,
0.6223372220993042,
0.6799158453941345,
0.6068258285522461,
0.4713352918624878,
0.4109986424446106,
0.42973974347114563,
0.3920454680919647,
0.4503333270549774,
0.40047040581703186,
0.36407938599586487,
0.3493146300315857,
0.3359155058860779,
0.3442423641681671,
0.5394798517227173,
0.3227165639400482,
0.4016807973384857,
1.0070186853408813,
0.8369932174682617,
0.3708703815937042,
0.3429606258869171,
0.35170644521713257,
0.36607757210731506,
0.3579769730567932,
0.3321511447429657,
0.3531186878681183,
0.3552902638912201,
0.3379969298839569,
0.33073312044143677,
0.3074158728122711,
0.3017917275428772,
0.31176474690437317,
0.3224823474884033,
0.32984036207199097,
0.30451661348342896,
0.31428560614585876,
0.3093258738517761,
0.31050804257392883,
0.3136220872402191,
0.31090474128723145,
0.31095555424690247,
0.3279574513435364,
0.3280385136604309,
0.38913586735725403,
0.348468542098999,
0.3488829433917999,
0.33288154006004333,
0.4236723482608795,
0.3232698440551758,
0.3521101176738739,
0.33670535683631897,
0.3337453007698059,
0.32959994673728943,
0.32181668281555176,
0.32776936888694763,
0.3488963842391968,
0.32987508177757263,
0.3399614989757538,
0.31295350193977356,
0.3236958682537079,
0.3543066680431366,
0.3233981132507324,
0.27546676993370056,
0.48428550362586975,
0.41227462887763977,
0.38241147994995117,
0.3545527756214142,
0.36435776948928833,
0.4187144935131073,
0.3709247410297394,
0.377125084400177,
0.33672603964805603,
0.3282115161418915,
0.33358654379844666,
0.3875943124294281,
0.2950091063976288,
0.31266018748283386,
0.35817524790763855,
0.38599544763565063,
0.5674008727073669,
0.43155139684677124,
0.4790463149547577,
0.43748268485069275,
0.4251909852027893,
0.40714946389198303
]
}