{
  "n": 16,
  "pearson_r": 0.5838413508088383,
  "pearson_p": 0.017571959925995726,
  "spearman_r": 0.5235294117647059,
  "spearman_p": 0.037412648130149356,
  "r2": 0.22918807817524867,
  "rmse": 0.6365200320731464,
  "mae": 0.49612493536979785
}