{
  "n": 20,
  "pearson_r": 0.5891229651880865,
  "pearson_p": 0.006271949119784808,
  "spearman_r": 0.3954887218045112,
  "spearman_p": 0.08435163245001225,
  "r2": 0.18889359009136908,
  "rmse": 71.88742775653375,
  "mae": 47.932599525451664
}