{
  "n": 20,
  "pearson_r": 0.5891229651880866,
  "pearson_p": 0.006271949119784808,
  "spearman_r": 0.3954887218045112,
  "spearman_p": 0.08435163245001225,
  "r2": 0.25117509346250066,
  "rmse": 69.0723398114062,
  "mae": 48.58422582561763
}