{
  "sspg": {
    "n": 20,
    "pearson_r": 0.5891229651880866,
    "pearson_p": 0.006271949119784808,
    "spearman_r": 0.3954887218045112,
    "spearman_p": 0.08435163245001225,
    "r2": 0.25117509346250066,
    "rmse": 69.0723398114062,
    "mae": 48.58422582561763
  },
  "di": {
    "n": 16,
    "pearson_r": 0.5838413508088385,
    "pearson_p": 0.017571959925995667,
    "spearman_r": 0.5235294117647059,
    "spearman_p": 0.037412648130149356,
    "r2": 0.004390645916763192,
    "rmse": 0.7234064032238595,
    "mae": 0.6335656334726673
  }
}