{
  "n": 16,
  "pearson_r": 0.5838413508088385,
  "pearson_p": 0.017571959925995667,
  "spearman_r": 0.5235294117647059,
  "spearman_p": 0.037412648130149356,
  "r2": 0.004390645916763192,
  "rmse": 0.7234064032238595,
  "mae": 0.6335656334726673
}