{
  "sspg": {
    "spearman_r": 0.3214285714285715,
    "rmse": NaN,
    "n": 7
  },
  "di": {
    "spearman_r": -0.07142857142857144,
    "rmse": NaN,
    "n": 7
  }
}