{
  "config": "Exp5_Finetune_16D",
  "seed": 7,
  "ckpt": "/Users/hertz1030/Documents/GitHub/interpretable-cgm-representations/New_paper1_results_glucovector_v17_multiseed/Exp5_Finetune_16D/seed_7/phase2_finetune_head/autoencoder_p1_full.pt",
  "sspg": {
    "target": "sspg",
    "train_metric": {
      "n": 63,
      "pearson_r": 0.3227912362701469,
      "spearman_r": 0.3128121629223421,
      "r2": 0.09671600711381612,
      "rmse": 70.72936437306765,
      "mae": 58.581999101214976
    },
    "d4_raw_metric": {
      "n": 20,
      "pearson_r": 0.6940973289585108,
      "spearman_r": 0.8075187969924811,
      "r2": 0.19763247898298897,
      "rmse": 71.49912018099022,
      "mae": 49.00345042539949
    },
    "d4_cal_metric": {
      "n": 20,
      "pearson_r": 0.6940973289585111,
      "spearman_r": 0.8075187969924811,
      "r2": 0.2433826506332465,
      "rmse": 69.43080093172192,
      "mae": 46.142804946614305
    },
    "calibration": {
      "a": 1.2958147014810153,
      "b": -33.349696877143515
    }
  },
  "di": {
    "target": "di",
    "train_metric": {
      "n": 63,
      "pearson_r": 0.34597185072620285,
      "spearman_r": 0.3564510903085299,
      "r2": 0.1176107987401267,
      "rmse": 1.0556414208977272,
      "mae": 0.7958743112879322
    },
    "d4_raw_metric": {
      "n": 16,
      "pearson_r": 0.6462790784235798,
      "spearman_r": 0.5970588235294118,
      "r2": -0.2153596012316945,
      "rmse": 0.7992640191345184,
      "mae": 0.7196784921302807
    },
    "d4_cal_metric": {
      "n": 16,
      "pearson_r": 0.6462790784235797,
      "spearman_r": 0.5970588235294118,
      "r2": -0.24313677783420196,
      "rmse": 0.8083460528627003,
      "mae": 0.7372947427346467
    },
    "calibration": {
      "a": 1.1466349226768178,
      "b": -0.27353324509648674
    }
  }
}