{
  "sspg": {
    "n": 20,
    "pearson_r": 0.4554340601934258,
    "pearson_p": 0.04359990147568041,
    "spearman_r": 0.4917293233082706,
    "spearman_p": 0.027658227513046127,
    "r2": 0.10897008173657541,
    "rmse": 75.345994705968,
    "mae": 59.45883504195983
  },
  "di": {
    "n": 16,
    "pearson_r": 0.5782158378341871,
    "pearson_p": 0.018965773379851697,
    "spearman_r": 0.5735294117647058,
    "spearman_p": 0.02019103804652309,
    "r2": 0.15052229329232558,
    "rmse": 0.6682113642751614,
    "mae": 0.5528398022013588
  }
}