{
  "sspg": {
    "n": 16,
    "pearson_r": 0.3901609402215348,
    "pearson_p": 0.135173869708492,
    "spearman_r": 0.55,
    "spearman_p": 0.027293972709730593,
    "rmse": 81.60620081365946,
    "mae": 58.74383137290471,
    "r2": 0.07687394250707058
  },
  "di": {
    "n": 16,
    "pearson_r": 0.6664135391130505,
    "pearson_p": 0.004817784197721983,
    "spearman_r": 0.7176470588235294,
    "spearman_p": 0.0017475350604702381,
    "rmse": 0.7064337867153623,
    "mae": 0.615120389009296,
    "r2": 0.05056071982105781
  }
}