{
"epoch": [
1,
2,
3,
4,
5,
6,
7,
8,
9,
10,
11,
12,
13,
14,
15,
16,
17,
18,
19,
20,
21,
22,
23,
24,
25,
26,
27,
28,
29,
30,
31,
32,
33,
34,
35,
36,
37,
38,
39,
40,
41,
42,
43,
44,
45,
46,
47,
48,
49,
50,
51,
52,
53,
54,
55,
56,
57,
58,
59,
60,
61,
62,
63,
64,
65,
66,
67,
68,
69,
70,
71,
72,
73,
74,
75,
76,
77,
78,
79,
80,
81,
82,
83,
84,
85,
86,
87,
88,
89,
90,
91,
92,
93,
94,
95,
96,
97,
98,
99,
100
],
"recon_loss": [
4.5091493346474385,
1.6346560267658976,
1.5926240682601929,
1.3000465089624578,
0.9491293190361617,
0.9069575706085602,
0.6081278517648772,
0.48449759282074967,
0.4677314495111441,
0.39991423952115046,
0.38691055735984403,
0.3247092335255115,
0.2984034779009881,
0.2592249408170774,
0.24001856999737875,
0.25230944543689876,
0.23403931012401333,
0.2154610503416557,
0.2544770283358438,
0.2947756866743038,
0.2696034463195058,
0.32868931432823084,
0.2650381595670403,
0.3279114915178968,
0.20223142942050834,
0.19544757496226917,
0.21295431836858972,
0.24803003746193725,
0.20797695954898734,
0.2623153979128057,
0.22952508674813554,
0.21257017456091842,
0.2095329049345735,
0.22089870332123399,
0.2305020099723494,
0.189968630284458,
0.19243222068656574,
0.2005390776442243,
0.19217652837177376,
0.21090695881224297,
0.18611478089512168,
0.20788959365386467,
0.22769145183749012,
0.18070490580874604,
0.16495854920381076,
0.16877449061963465,
0.17645044005536414,
0.19735784364211095,
0.21608540667341902,
0.21765039570919878,
0.20266895402561536,
0.18701524955111665,
0.19685429992613854,
0.19521980006973466,
0.20076682428260903,
0.22418015208337214,
0.23366943659720482,
0.20853675360029394,
0.21653693798300508,
0.1949698936629605,
0.2349428174557624,
0.20599287206476385,
0.19901887027474194,
0.21368297431376074,
0.212926083570951,
0.2319588494765294,
0.18550893509542787,
0.22542209787802261,
0.1999579044905576,
0.22599032946995326,
0.21958859671245923,
0.17411549757053327,
0.17426487880867797,
0.19097635769224786,
0.1654022674668919,
0.15562425282868472,
0.16808032138007029,
0.17035452808652604,
0.16529491485713363,
0.18217302858829498,
0.1565327046366481,
0.16538682405824784,
0.15004232235543138,
0.160144456214719,
0.17312541623394212,
0.13768374339326636,
0.1467372335783847,
0.1487080238082192,
0.16184016462270315,
0.16122692146084525,
0.15160115092218696,
0.14359233363882287,
0.1793940371120131,
0.16408904922472967,
0.1451033814386888,
0.1502736640440953,
0.14551977426200718,
0.15530141568803169,
0.15721938981638325,
0.16331234477557144
],
"sspg_loss": [
0.0,
0.0,
0.0,
0.0,
0.0,
0.0,
0.0,
0.0,
0.0,
0.0,
0.0,
0.0,
0.0,
0.0,
0.0,
0.0,
0.0,
0.0,
0.0,
0.0,
0.0,
0.0,
0.0,
0.0,
0.0,
0.0,
0.0,
0.0,
0.0,
0.0,
0.0,
0.0,
0.0,
0.0,
0.0,
0.0,
0.0,
0.0,
0.0,
0.0,
0.0,
0.0,
0.0,
0.0,
0.0,
0.0,
0.0,
0.0,
0.0,
0.0,
0.0,
0.0,
0.0,
0.0,
0.0,
0.0,
0.0,
0.0,
0.0,
0.0,
0.0,
0.0,
0.0,
0.0,
0.0,
0.0,
0.0,
0.0,
0.0,
0.0,
0.0,
0.0,
0.0,
0.0,
0.0,
0.0,
0.0,
0.0,
0.0,
0.0,
0.0,
0.0,
0.0,
0.0,
0.0,
0.0,
0.0,
0.0,
0.0,
0.0,
0.0,
0.0,
0.0,
0.0,
0.0,
0.0,
0.0,
0.0,
0.0,
0.0
],
"di_loss": [
0.0,
0.0,
0.0,
0.0,
0.0,
0.0,
0.0,
0.0,
0.0,
0.0,
0.0,
0.0,
0.0,
0.0,
0.0,
0.0,
0.0,
0.0,
0.0,
0.0,
0.0,
0.0,
0.0,
0.0,
0.0,
0.0,
0.0,
0.0,
0.0,
0.0,
0.0,
0.0,
0.0,
0.0,
0.0,
0.0,
0.0,
0.0,
0.0,
0.0,
0.0,
0.0,
0.0,
0.0,
0.0,
0.0,
0.0,
0.0,
0.0,
0.0,
0.0,
0.0,
0.0,
0.0,
0.0,
0.0,
0.0,
0.0,
0.0,
0.0,
0.0,
0.0,
0.0,
0.0,
0.0,
0.0,
0.0,
0.0,
0.0,
0.0,
0.0,
0.0,
0.0,
0.0,
0.0,
0.0,
0.0,
0.0,
0.0,
0.0,
0.0,
0.0,
0.0,
0.0,
0.0,
0.0,
0.0,
0.0,
0.0,
0.0,
0.0,
0.0,
0.0,
0.0,
0.0,
0.0,
0.0,
0.0,
0.0,
0.0
],
"si_cv": [
0.0894356518983841,
0.6156288385391235,
0.946865975856781,
0.5948665738105774,
0.3382950723171234,
0.08805738389492035,
0.21996411681175232,
0.2647467851638794,
0.2591063678264618,
0.2478061467409134,
0.25913938879966736,
0.28616568446159363,
0.22739264369010925,
0.15768419206142426,
0.12407660484313965,
0.11744887381792068,
0.12758363783359528,
0.1454540640115738,
0.15620644390583038,
0.16444407403469086,
0.15106521546840668,
0.13399429619312286,
0.13138245046138763,
0.13919508457183838,
0.13720807433128357,
0.134563609957695,
0.13350726664066315,
0.14442111551761627,
0.1571274995803833,
0.14276663959026337,
0.12482251226902008,
0.12969905138015747,
0.14141595363616943,
0.14419764280319214,
0.15952551364898682,
0.15629126131534576,
0.1742936670780182,
0.19734130799770355,
0.23637337982654572,
0.2637503445148468,
0.27796846628189087,
0.29269933700561523,
0.2902282178401947,
0.28406479954719543,
0.31333214044570923,
0.3455563187599182,
0.3534564971923828,
0.3176587224006653,
0.3328120708465576,
0.41322609782218933,
0.4263221323490143,
0.374306321144104,
0.31092408299446106,
0.376459538936615,
0.3876769244670868,
0.3710807263851166,
0.3969649374485016,
0.4922223389148712,
0.5114732980728149,
0.46313968300819397,
0.4798913896083832,
0.5268254280090332,
0.5106039047241211,
0.46973928809165955,
0.3844067454338074,
0.45190393924713135,
0.5018466114997864,
0.4581313729286194,
0.4249279797077179,
0.4154887795448303,
0.405193954706192,
0.43934646248817444,
0.390143483877182,
0.3409935235977173,
0.3363518714904785,
0.31799158453941345,
0.3156505823135376,
0.3268568217754364,
0.3226296603679657,
0.29683202505111694,
0.2844120264053345,
0.2817148268222809,
0.27590376138687134,
0.275328665971756,
0.2789997160434723,
0.28539958596229553,
0.28412193059921265,
0.27486392855644226,
0.26558950543403625,
0.26526519656181335,
0.2669698894023895,
0.26706039905548096,
0.2633436918258667,
0.26015257835388184,
0.2580752670764923,
0.25699272751808167,
0.2566124498844147,
0.25659388303756714,
0.25648221373558044,
0.25661277770996094
],
"mi_cv": [
0.006197576876729727,
0.02536230906844139,
0.15826769173145294,
0.09830915182828903,
0.03841371834278107,
0.138960599899292,
0.2421036809682846,
0.2803753614425659,
0.26419687271118164,
0.2440144568681717,
0.23450662195682526,
0.22382450103759766,
0.19754987955093384,
0.17754381895065308,
0.16277724504470825,
0.15946555137634277,
0.16880778968334198,
0.18664754927158356,
0.18593330681324005,
0.19495220482349396,
0.1785477101802826,
0.15379320085048676,
0.14586128294467926,
0.15172050893306732,
0.15852293372154236,
0.15921650826931,
0.16510026156902313,
0.17227177321910858,
0.17814131081104279,
0.15078189969062805,
0.11698143929243088,
0.09776332974433899,
0.09882467240095139,
0.09727662801742554,
0.10592945665121078,
0.11654505878686905,
0.13565492630004883,
0.14984849095344543,
0.170418843626976,
0.1863710582256317,
0.2002217024564743,
0.222783163189888,
0.23270946741104126,
0.23154598474502563,
0.2499905377626419,
0.27122342586517334,
0.27376788854599,
0.2522963583469391,
0.2603518068790436,
0.3230823874473572,
0.3286656141281128,
0.28208813071250916,
0.23009048402309418,
0.27207183837890625,
0.28822144865989685,
0.2942126393318176,
0.29007601737976074,
0.3536854386329651,
0.3755856156349182,
0.3379393517971039,
0.3363104462623596,
0.3647570312023163,
0.35646504163742065,
0.32609301805496216,
0.27363231778144836,
0.29304009675979614,
0.3227839767932892,
0.28643277287483215,
0.26860442757606506,
0.26053380966186523,
0.24445714056491852,
0.26827654242515564,
0.23224298655986786,
0.20208287239074707,
0.20625761151313782,
0.20752328634262085,
0.20429320633411407,
0.20336517691612244,
0.20191633701324463,
0.19165834784507751,
0.18908093869686127,
0.18880920112133026,
0.18750235438346863,
0.1854812502861023,
0.18574294447898865,
0.187155619263649,
0.18659545481204987,
0.1822541058063507,
0.1802002638578415,
0.18316540122032166,
0.18488168716430664,
0.18440397083759308,
0.1825699806213379,
0.18065619468688965,
0.17985756695270538,
0.1794610321521759,
0.17922724783420563,
0.17930486798286438,
0.17920753359794617,
0.17924611270427704
]
}