{
"epoch": [
1,
2,
3,
4,
5,
6,
7,
8,
9,
10,
11,
12,
13,
14,
15,
16,
17,
18,
19,
20,
21,
22,
23,
24,
25,
26,
27,
28,
29,
30,
31,
32,
33,
34,
35,
36,
37,
38,
39,
40,
41,
42,
43,
44,
45,
46,
47,
48,
49,
50,
51,
52,
53,
54,
55,
56,
57,
58,
59,
60,
61,
62,
63,
64,
65,
66,
67,
68,
69,
70,
71,
72,
73,
74,
75,
76,
77,
78,
79,
80,
81,
82,
83,
84,
85,
86,
87,
88,
89,
90,
91,
92,
93,
94,
95,
96,
97,
98,
99,
100
],
"train_loss": [
4.577670122121836,
2.0948126316070557,
2.0537878414253137,
2.0414749105255323,
1.6610379729952132,
1.3703798984552358,
1.477978043741994,
1.037276526550194,
0.90729431827347,
0.8382201852736535,
0.8875518023193657,
0.615903089572857,
0.7161956986823639,
0.8113169964257773,
0.7359986150419557,
0.6725455654131902,
0.7058705184366796,
0.6182223635834533,
0.5799193026183488,
0.6071649704660688,
0.6007181916918073,
0.606032936603992,
0.5774127430730052,
0.5236230306811147,
0.5977879886503343,
0.6454344097670023,
0.5744078848269079,
0.5740140711332297,
0.5595628286336923,
0.5791507595545285,
0.613448184418988,
0.5806460132846585,
0.5970852568552092,
0.607728790927243,
0.5510941256176342,
0.5352721647782759,
0.5571311309740141,
0.5395459873335702,
0.4955311560785616,
0.584487596889595,
0.5335917209650015,
0.5852808565288395,
0.57241341587785,
0.6160620988963487,
0.4575402786979428,
0.5012886810612369,
0.532414836542947,
0.5011027602406292,
0.5648112188686024,
0.5311623076339821,
0.5227925967086445,
0.5217635515448334,
0.5558347307242356,
0.5080283543506225,
0.5063227275749306,
0.5334856262454739,
0.4857207900517947,
0.483385752547871,
0.5185599342569128,
0.5112490429506673,
0.5357949594398598,
0.48687553715396237,
0.4932647951237567,
0.5528080223442672,
0.5455771467902444,
0.5401853849361469,
0.5026657751628331,
0.45007631840643947,
0.48054747767262646,
0.5115369264181558,
0.5439141137259347,
0.5055734778379465,
0.46715204591874954,
0.5373045639558272,
0.48046134663866713,
0.5345320600967902,
0.5748586840443797,
0.5217086548929091,
0.5862223714977116,
0.5447705008766868,
0.5318489136633935,
0.5213894859536902,
0.48674452924109124,
0.5093742554838007,
0.5377198028100001,
0.49952658120687904,
0.4869422432664153,
0.533434010171271,
0.5224365793265305,
0.4899787213895228,
0.529697476656406,
0.5138363033146053,
0.5256039976299584,
0.5380220533191383,
0.4656416286121715,
0.4987185597419739,
0.4818741849490574,
0.4853049067707805,
0.5275751120084292,
0.49702705965413674
],
"val_loss": [
0.12077275663614273,
0.12077275663614273,
0.12077275663614273,
0.12077275663614273,
0.12077275663614273,
0.12077275663614273,
0.12077275663614273,
0.12077275663614273,
0.12077275663614273,
0.12077275663614273,
0.12077275663614273,
0.12077275663614273,
0.12077275663614273,
0.12077275663614273,
0.12077275663614273,
0.12077275663614273,
0.12077275663614273,
0.12077275663614273,
0.12077275663614273,
0.12077275663614273,
0.12077275663614273,
0.12077275663614273,
0.12077275663614273,
0.12077275663614273,
0.12077275663614273,
0.12077275663614273,
0.12077275663614273,
0.12077275663614273,
0.12077275663614273,
0.12077275663614273,
0.12077275663614273,
0.12077275663614273,
0.12077275663614273,
0.12077275663614273,
0.12077275663614273,
0.12077275663614273,
0.12077275663614273,
0.12077275663614273,
0.12077275663614273,
0.12077275663614273,
0.12077275663614273,
0.12077275663614273,
0.12077275663614273,
0.12077275663614273,
0.12077275663614273,
0.12077275663614273,
0.12077275663614273,
0.12077275663614273,
0.12077275663614273,
0.12077275663614273,
0.12077275663614273,
0.12077275663614273,
0.12077275663614273,
0.12077275663614273,
0.12077275663614273,
0.12077275663614273,
0.12077275663614273,
0.12077275663614273,
0.12077275663614273,
0.12077275663614273,
0.12077275663614273,
0.12077275663614273,
0.12077275663614273,
0.12077275663614273,
0.12077275663614273,
0.12077275663614273,
0.12077275663614273,
0.12077275663614273,
0.12077275663614273,
0.12077275663614273,
0.12077275663614273,
0.12077275663614273,
0.12077275663614273,
0.12077275663614273,
0.12077275663614273,
0.12077275663614273,
0.12077275663614273,
0.12077275663614273,
0.12077275663614273,
0.12077275663614273,
0.12077275663614273,
0.12077275663614273,
0.12077275663614273,
0.12077275663614273,
0.12077275663614273,
0.12077275663614273,
0.12077275663614273,
0.12077275663614273,
0.12077275663614273,
0.12077275663614273,
0.12077275663614273,
0.12077275663614273,
0.12077275663614273,
0.12077275663614273,
0.12077275663614273,
0.12077275663614273,
0.12077275663614273,
0.12077275663614273,
0.12077275663614273,
0.12077275663614273
]
}