{
  "sspg": {
    "spearman_r": 0.261904761904762,
    "rmse": NaN,
    "n": 8
  },
  "di": {
    "spearman_r": -0.5714285714285715,
    "rmse": NaN,
    "n": 8
  }
}