{
"epoch": [
1,
2,
3,
4,
5,
6,
7,
8,
9,
10,
11,
12,
13,
14,
15,
16,
17,
18,
19,
20,
21,
22,
23,
24,
25,
26,
27,
28,
29,
30,
31,
32,
33,
34,
35,
36,
37,
38,
39,
40,
41,
42,
43,
44,
45,
46,
47,
48,
49,
50,
51,
52,
53,
54,
55,
56,
57,
58,
59,
60,
61,
62,
63,
64,
65,
66,
67,
68,
69,
70,
71,
72,
73,
74,
75,
76,
77,
78,
79,
80,
81,
82,
83,
84,
85,
86,
87,
88,
89,
90,
91,
92,
93,
94,
95,
96,
97,
98,
99,
100
],
"train_loss": [
164.4892501268,
75.87452055871266,
61.759840201627725,
55.73375583662758,
53.09844571637932,
52.527288373545964,
44.32671823536778,
44.94790846483294,
43.747479062238746,
47.325209501484665,
56.440476399946036,
46.19368465184286,
44.132837950083605,
46.84001550991157,
50.93488921274558,
44.11439324129112,
39.77945096906261,
43.582399628699044,
40.99106037660719,
44.53960276529798,
42.91680439459881,
43.5711116509244,
38.900674855137225,
45.07678881430538,
35.87185622493279,
41.90575511693075,
39.99141093461716,
53.50201641237604,
47.433437938619804,
42.29816124975901,
40.029365729581826,
37.40523519199273,
42.555494357738986,
39.19459086062724,
41.41579295788304,
40.3628096492528,
45.82459081670895,
40.213266837201,
39.7078592222995,
37.10979696745362,
36.860740239329886,
35.92867980056143,
38.70447213711334,
39.02386904642591,
39.33956256035949,
39.24810738933042,
36.96668903590128,
39.44075144524944,
38.55408866994935,
36.4762369768206,
38.44849854641735,
38.63165025605487,
42.19234286375151,
38.94541249855858,
39.42127800691612,
41.84541982390344,
39.45963449583722,
38.316915307977546,
42.50243401615382,
32.44156659397252,
39.82399378139594,
40.04502922142564,
40.43345083257809,
34.19868767657403,
41.357129881742694,
36.23068942531008,
33.21275276099624,
37.28273531079732,
37.10107426097912,
38.56543291098957,
37.35347179821056,
36.86913557158185,
37.7181067097231,
37.73053388138099,
36.068129662658016,
30.159822555485686,
35.75067500434678,
32.143498895792945,
33.30876792400965,
34.56329670867357,
36.465406094090085,
39.855171837050094,
36.455914796498426,
37.56000142959651,
35.06267331535086,
39.32334400191078,
33.71224571594013,
35.55773003778774,
30.102805401566282,
31.056686387290814,
27.314906246987658,
29.261696875315312,
31.646059317782356,
32.15827948404854,
30.586467250246844,
34.989028620983845,
29.80639140984229,
33.177255978883416,
32.68669259328244,
33.653761325287206
],
"val_loss": [
2.807297945022583,
3.5092828273773193,
1.8792644739151,
2.3993098735809326,
2.200493335723877,
2.156269073486328,
1.9794278144836426,
1.8043057918548584,
1.8097695112228394,
1.6725305318832397,
1.6110384464263916,
1.561939001083374,
1.3802664279937744,
1.484806776046753,
1.333407998085022,
1.3413244485855103,
1.2444056272506714,
1.3438186645507812,
1.2447665929794312,
1.2076137065887451,
1.346368670463562,
1.3030232191085815,
1.3384126424789429,
1.2214593887329102,
1.2732750177383423,
1.2220544815063477,
1.2928751707077026,
0.9762296080589294,
1.248436450958252,
1.1679762601852417,
1.2989366054534912,
0.9427239298820496,
1.0999271869659424,
1.0843449831008911,
1.1096653938293457,
1.2164726257324219,
1.0425606966018677,
1.0011160373687744,
1.4616271257400513,
1.053444504737854,
1.0309962034225464,
0.9507561922073364,
1.2188398838043213,
1.1110109090805054,
0.9792473912239075,
1.1016322374343872,
1.215938925743103,
0.9994044899940491,
1.0018415451049805,
0.9677910208702087,
1.1174479722976685,
1.0045479536056519,
0.9763487577438354,
0.9015810489654541,
0.8639217615127563,
0.986042857170105,
1.0386645793914795,
1.0641708374023438,
0.9772527813911438,
1.0032871961593628,
0.9899808764457703,
1.011342167854309,
1.010151743888855,
0.9461871981620789,
1.0226653814315796,
1.0046101808547974,
1.0868698358535767,
0.9717801809310913,
0.9538578391075134,
0.8742247223854065,
0.7903590202331543,
0.8784328699111938,
1.141526222229004,
1.1816807985305786,
0.9677693843841553,
1.0452845096588135,
0.8493417501449585,
0.8550682663917542,
0.9041194915771484,
0.8467451930046082,
0.9218693375587463,
0.9460222125053406,
1.1007013320922852,
1.0130741596221924,
1.1222937107086182,
1.2477777004241943,
1.0971330404281616,
1.1224905252456665,
1.1148806810379028,
1.08083975315094,
1.0254631042480469,
1.089673399925232,
0.8700356483459473,
0.9286535382270813,
0.9925376772880554,
0.8981866836547852,
0.9744799733161926,
0.9947279095649719,
0.9758469462394714,
0.9457550048828125
]
}