{
  "sspg_spearman_r": 0.261904761904762,
  "di_spearman_r": -0.5714285714285715,
  "lambda_sspg": 0.01,
  "lambda_di": 0.01,
  "seed": 45
}