{
  "sspg": {
    "spearman_r": -0.4285714285714286,
    "rmse": NaN,
    "n": 6
  },
  "di": {
    "spearman_r": 0.39999999999999997,
    "rmse": NaN,
    "n": 5
  }
}