{
"epoch": [
1,
2,
3,
4,
5,
6,
7,
8,
9,
10,
11,
12,
13,
14,
15,
16,
17,
18,
19,
20,
21,
22,
23,
24,
25,
26,
27,
28,
29,
30,
31,
32,
33,
34,
35,
36,
37,
38,
39,
40,
41,
42,
43,
44,
45,
46,
47,
48,
49,
50,
51,
52,
53,
54,
55,
56,
57,
58,
59,
60,
61,
62,
63,
64,
65,
66,
67,
68,
69,
70,
71,
72,
73,
74,
75,
76,
77,
78,
79,
80,
81,
82,
83,
84,
85,
86,
87,
88,
89,
90,
91,
92,
93,
94,
95,
96,
97,
98,
99,
100
],
"train_loss": [
1849.0808872940518,
867.4289617255182,
768.6136740505106,
707.8560549292234,
620.2747080585744,
677.9209020633509,
667.7306192228109,
515.4345793771272,
513.4221860677889,
567.3998648766244,
496.90511843237545,
496.61259052541,
649.1966712876122,
472.15147868241417,
454.87320222004803,
455.5989295279626,
500.76639851485146,
448.8108556766321,
480.4351468227878,
465.03088741491337,
508.5111923973159,
526.789211764194,
498.82671881194165,
477.062025617845,
503.62813832500194,
473.8635629332892,
497.7912120252553,
722.9278552366956,
564.9983877049814,
413.26403929455444,
559.7072509161317,
571.6431011539875,
602.5931320945815,
510.94470396136296,
513.9508787853883,
524.1410075272664,
510.84960574914913,
594.2710190574721,
646.455513227104,
571.1531353941058,
526.2397932298113,
778.6415193765471,
579.4157249526222,
678.1526060198794,
435.8486896174969,
500.2173354649308,
645.3295741317296,
453.9936189934759,
550.0291896102452,
552.6420798726601,
516.9910719465502,
550.064336795618,
482.9265076287902,
442.320270802715,
492.411392740684,
477.4161697236618,
519.2198489349668,
485.56786444635674,
546.6293171797648,
398.0006590739335,
426.42701215083054,
463.92023309386605,
436.05253132735146,
527.1788698706297,
543.3013462784266,
442.3982531859143,
552.4008476332863,
587.5713032637492,
640.6856931176516,
676.8875853283571,
438.3567903726408,
472.3758871248453,
378.6980753983602,
378.22923293916307,
457.2655724251624,
434.6422640356687,
487.105089244276,
447.9816320438196,
390.10396946066675,
487.829888372138,
381.34131282390933,
509.45602688931,
475.10867883663366,
451.5677780302444,
457.56070036935336,
510.1431380168046,
471.4252815624275,
487.85550198696626,
395.84418631072094,
492.6742248535156,
417.21851734123607,
484.35354342319,
455.79265194128055,
449.94684442199105,
379.1098891154374,
404.9435401765427,
478.8302171159499,
399.28120732071375,
441.5821038425559,
366.82638277865874
],
"val_loss": [
2.1585581302642822,
2.1942458152770996,
2.2687573432922363,
3.357945203781128,
3.1241085529327393,
2.7806637287139893,
2.1413755416870117,
2.129514217376709,
1.8414771556854248,
5.699765682220459,
1.9850938320159912,
1.3922446966171265,
1.3916932344436646,
2.0122172832489014,
1.4889994859695435,
1.2784360647201538,
1.447174072265625,
1.5496224164962769,
1.8719078302383423,
2.083599090576172,
2.4697329998016357,
3.693354845046997,
3.81728458404541,
2.6998865604400635,
3.0448694229125977,
2.8274645805358887,
3.5071310997009277,
3.6519744396209717,
3.618072986602783,
3.7074317932128906,
3.724550247192383,
3.201876401901245,
2.7652721405029297,
3.8558950424194336,
2.879141092300415,
3.1228229999542236,
5.57228946685791,
10.879438400268555,
17.138851165771484,
8.1347074508667,
8.368523597717285,
8.049059867858887,
7.585587024688721,
7.508062362670898,
7.494965076446533,
7.2721147537231445,
7.3367767333984375,
9.858078956604004,
10.828886032104492,
9.211771011352539,
8.356205940246582,
8.021720886230469,
6.221359729766846,
5.127479076385498,
4.842077732086182,
5.048646926879883,
4.757992267608643,
4.35170316696167,
4.32161808013916,
4.334000110626221,
4.329143524169922,
4.269824981689453,
4.242286682128906,
4.246445655822754,
4.178584098815918,
4.1168904304504395,
4.094246864318848,
4.156717300415039,
4.20856237411499,
4.1809000968933105,
4.1368408203125,
4.080037593841553,
4.059828758239746,
3.9747607707977295,
3.8974320888519287,
3.6365325450897217,
3.692328929901123,
3.7230422496795654,
3.764902114868164,
3.5739705562591553,
3.5468013286590576,
3.4659640789031982,
3.4543824195861816,
3.4463303089141846,
3.5113086700439453,
3.622502088546753,
5.503776550292969,
6.521631240844727,
6.061279773712158,
8.660326957702637,
6.717902183532715,
7.138034820556641,
9.048771858215332,
7.757709980010986,
8.125067710876465,
3.8725461959838867,
6.280839443206787,
4.640431880950928,
3.90268611907959,
5.168731689453125
]
}