{
  "sspg": {
    "rmse": 69.06822507524352,
    "mae": 49.352760526869034,
    "r2": -0.04615812803149355,
    "pearson_r": -0.06852402866436386,
    "pearson_p": 0.6912926003496688,
    "spearman_r": -0.13106665044457874,
    "spearman_p": 0.4460944550780337,
    "n": 36
  },
  "di": {
    "rmse": 0.9358876214170909,
    "mae": 0.8678936858971914,
    "r2": -1.4331044237637953,
    "pearson_r": 0.5758088275236259,
    "pearson_p": 0.05008551578410557,
    "spearman_r": 0.7837540079894814,
    "spearman_p": 0.00255681908293324,
    "n": 12
  }
}