{
"epoch": [
1,
2,
3,
4,
5,
6,
7,
8,
9,
10,
11,
12,
13,
14,
15,
16,
17,
18,
19,
20,
21,
22,
23,
24,
25,
26,
27,
28,
29,
30,
31,
32,
33,
34,
35,
36,
37,
38,
39,
40,
41,
42,
43,
44,
45,
46,
47,
48,
49,
50,
51,
52,
53,
54,
55,
56,
57,
58,
59,
60,
61,
62,
63,
64,
65,
66,
67,
68,
69,
70,
71,
72,
73,
74,
75,
76,
77,
78,
79,
80,
81,
82,
83,
84,
85,
86,
87,
88,
89,
90,
91,
92,
93,
94,
95,
96,
97,
98,
99,
100,
101,
102,
103,
104,
105,
106,
107,
108,
109,
110,
111,
112,
113,
114,
115,
116,
117,
118,
119,
120,
121,
122,
123,
124,
125,
126,
127,
128,
129,
130,
131,
132,
133,
134,
135,
136,
137,
138,
139,
140,
141,
142,
143,
144,
145,
146,
147,
148,
149,
150,
151,
152,
153,
154,
155,
156,
157,
158,
159,
160,
161,
162,
163,
164,
165,
166,
167,
168,
169,
170,
171,
172,
173,
174,
175,
176,
177,
178,
179,
180,
181,
182,
183,
184,
185,
186,
187,
188,
189,
190,
191,
192,
193,
194,
195,
196,
197,
198,
199,
200
],
"train_loss": [
16.609057625447672,
3.3189521530481776,
2.361925157036368,
1.6638788548041517,
1.2388937689187958,
1.6809151261810242,
0.7398368148353156,
0.6568015614363152,
0.5888924082433145,
0.5768190645796107,
0.5291762187724977,
0.5516896064825884,
0.5605387971626492,
0.5681365470247944,
0.6006004904198834,
0.5670297967167351,
0.5604758276714115,
0.5308989098691564,
0.5036435427628164,
0.5015571333291963,
0.532879384953206,
0.5405957576796765,
0.5035976744073583,
0.5089144218625046,
0.4963383127854565,
0.5101979801973958,
0.4892925746797577,
0.5382297972994526,
0.5217413249916918,
0.5380141380734331,
0.5337238898427468,
0.5714999324693455,
0.5991212185912245,
0.6145488183329425,
0.6184649697438939,
0.6165680711663614,
0.6296864518030422,
0.635303046759658,
0.5975000156661657,
0.6171490106526323,
0.5814599483970582,
0.6299366796110558,
0.596342815188911,
0.6233088993650722,
0.642094479771111,
0.5902828625806673,
0.5924534229781684,
0.6050103076799648,
0.6450861171474607,
0.6629209809415922,
0.6513689732927037,
0.6563054107305571,
0.6719441352866766,
0.6185753284476874,
0.6264358810552462,
0.6408127152074979,
0.6330762073749633,
0.5880711045790845,
0.6184197945857611,
0.64305266385942,
0.6416449161965078,
0.6591049015052676,
0.6644642629961329,
0.6663542694932832,
0.6801559056822709,
0.6473124529433063,
0.649552164115305,
0.6576073751674862,
0.7216736514737286,
0.6608391108475332,
0.6580672062288119,
0.6965475758229653,
0.700470342410831,
0.723964257503119,
0.7445259511940122,
0.7968793483231011,
0.7329469576595337,
0.725479590611195,
0.7029824280363368,
0.748387358320041,
0.7193253106019628,
0.7308433604991342,
0.741291254054843,
0.7291990495103551,
0.7263878771639246,
0.7410554336750601,
0.7642572071608595,
0.7508840969228369,
0.7686067247015285,
0.7815860580271623,
0.7876522996294217,
0.817987529780921,
0.8318225431629992,
0.8412810855024443,
0.87563289901403,
0.9126482845291378,
0.8913042427986626,
0.9211013387507341,
0.9383179343591525,
0.9607059228138661,
0.9705376141653286,
1.043275816234078,
1.005938660910749,
1.0398830297425037,
1.0568758070938231,
1.0757221640564325,
1.090344223450488,
1.1208340164244643,
1.160793428345928,
1.1795632538833016,
1.2005048671106653,
1.219480075235442,
1.2362429279042042,
1.2815288896635761,
1.2697310100390216,
1.3417449138295932,
1.4048745322415208,
1.4220187344889001,
1.4313415420336986,
1.458765251430001,
1.4671844403574785,
1.5013202147221003,
1.5404568647775125,
1.5679121702674805,
1.6573198686434527,
1.658040075790225,
1.677033553911945,
1.6947337079235887,
1.7196716990057879,
1.7684858399113332,
1.7902844693717055,
1.8150429228159386,
1.8289304033039122,
1.8676324087803757,
1.8952232571098748,
1.8946440107240452,
1.9504389434348879,
1.9732418642269345,
2.0150918125167605,
2.0601525175289845,
2.1116233303790954,
2.078919102826456,
2.090114345700722,
2.128861590633242,
2.1538536999169295,
2.17422143868574,
2.210833478161669,
2.213254909815751,
2.2307087905763643,
2.258910468244177,
2.2707767373933567,
2.270963445423156,
2.308385957883099,
2.3204239541151392,
2.33029437628318,
2.3897548622972384,
2.3660781120690775,
2.3744906196444053,
2.4271920553342565,
2.4154983693220484,
2.4364961939533862,
2.472287788165836,
2.4760475158691406,
2.4966818760699176,
2.5068407847186713,
2.523432172189547,
2.5334256239763393,
2.545913694411751,
2.534498584552074,
2.5604696255030595,
2.538879490274144,
2.5668672407705952,
2.580661638515202,
2.6006416767600955,
2.5946531108045203,
2.5900511516360787,
2.6053098975204105,
2.615233749855222,
2.5888615349146327,
2.619773294043353,
2.606989068309153,
2.6067595331687627,
2.601639672527163,
2.605615251646267,
2.6216754087312952,
2.6171949303994966,
2.6249185603434646,
2.6293965474827083,
2.6311104016041194,
2.622650782893023,
2.62344810155433,
2.6435804554796594,
2.6231115277357926,
2.616144814829188,
2.6382361397029848,
2.6386852977782724,
2.631203107007845,
2.6165962463288794,
2.6439095162969877,
2.625331020730687
],