{
  "sspg": {
    "n": 20,
    "pearson_r": 0.15980875068771663,
    "pearson_p": 0.5009382913459595,
    "spearman_r": 0.10390897839923656,
    "spearman_p": 0.6628678670589249,
    "r2": -0.007745227122011089,
    "rmse": 80.12894087383452,
    "mae": 63.51176289525582,
    "true_std": 79.82042345164551,
    "pred_std": 0.05845114338249845,
    "compression_ratio": 0.0007322830530698402
  },
  "di": {
    "n": 16,
    "pearson_r": 0.28713746207828567,
    "pearson_p": 0.28090171242658574,
    "spearman_r": 0.18151504736054436,
    "spearman_p": 0.5010827183970763,
    "r2": -0.10165585977446567,
    "rmse": 0.7609582658047429,
    "mae": 0.628409509063464,
    "true_std": 0.7249997627411936,
    "pred_std": 0.0013941057872651629,
    "compression_ratio": 0.0019229051634363403
  }
}