{
  "n": 20,
  "pearson_r": 0.15980875068771663,
  "pearson_p": 0.5009382913459595,
  "spearman_r": 0.10390897839923656,
  "spearman_p": 0.6628678670589249,
  "r2": -0.007745227122011089,
  "rmse": 80.12894087383452,
  "mae": 63.51176289525582
}