{
"epoch": [
1,
2,
3,
4,
5,
6,
7,
8,
9,
10,
11,
12,
13,
14,
15,
16,
17,
18,
19,
20,
21,
22,
23,
24,
25,
26,
27,
28,
29,
30,
31,
32,
33,
34,
35,
36,
37,
38,
39,
40,
41,
42,
43,
44,
45,
46,
47,
48,
49,
50,
51,
52,
53,
54,
55,
56,
57,
58,
59,
60,
61,
62,
63,
64,
65,
66,
67,
68,
69,
70,
71,
72,
73,
74,
75,
76,
77,
78,
79,
80,
81,
82,
83,
84,
85,
86,
87,
88,
89,
90,
91,
92,
93,
94,
95,
96,
97,
98,
99,
100
],
"recon_loss": [
7.866957800728934,
1.4140948273918845,
1.7658062600470208,
1.9079767140475186,
1.4761343048764515,
1.1212734278146324,
0.8237618246635834,
0.6944902438622016,
0.6971823077697259,
0.6475500526366296,
0.5268168913853633,
0.49655482830939357,
1.0392921745003043,
0.5580159824389916,
0.5098306877272469,
0.5107202719558369,
0.5292073681757048,
0.47326882628651407,
0.45593343888010296,
0.4493573834369709,
0.4042991167539126,
0.43909667683886244,
0.4073064938768164,
0.40435050408561507,
0.47022102250681297,
0.4983032794741841,
0.5261849373966069,
0.49764688332359514,
0.5197515503152624,
0.48526613278822467,
0.47435186474354235,
0.4776574272614021,
0.45250982239648896,
0.44886391813104803,
0.4322521984577179,
0.43793841770717074,
0.41528601692868516,
0.43169781062510104,
0.4182187473619139,
0.40907222226068574,
0.4367373020617993,
0.49588274723523623,
0.43728555719573775,
0.5271466521473674,
0.4692595237261289,
0.4206597855338803,
0.42862031831369773,
0.41437693269221815,
0.39979564872655,
0.38316835404990557,
0.38366367406659313,
0.38020407185926064,
0.38326522204783053,
0.3771657072878503,
0.38365363610255254,
0.3935955228743615,
0.40868206457658246,
0.45439501087386885,
0.4614712886221997,
0.4319514129068944,
0.4090559614169133,
0.40840013770314004,
0.39895601551254073,
0.40328863688877653,
0.4006139078697601,
0.3937268214566367,
0.39432013499272334,
0.3919113564800906,
0.38856701959263196,
0.3866296960161878,
0.3843212425708771,
0.38108283242621976,
0.3810306597839702,
0.38161051582980465,
0.3788066111601792,
0.37525828511683973,
0.3717390260139069,
0.37387592838956163,
0.3865846372269965,
0.38107931033357395,
0.37818447568199853,
0.38027747497930153,
0.37599349757293604,
0.3755921318933561,
0.3790560887231455,
0.3761005122940262,
0.37968784222355134,
0.3779143284667622,
0.38329759124037505,
0.3727295719957971,
0.37625427447356186,
0.3737854226069017,
0.37468430303133926,
0.3748695242714572,
0.374242891351898,
0.3777837973910493,
0.36957909844138404,
0.376171866020599,
0.3791653270071203,
0.37252471121874725
],
"sspg_loss": [
0.0,
0.0,
0.0,
0.0,
0.0,
0.0,
0.0,
0.0,
0.0,
0.0,
0.0,
0.0,
0.0,
0.0,
0.0,
0.0,
0.0,
0.0,
0.0,
0.0,
0.0,
0.0,
0.0,
0.0,
0.0,
0.0,
0.0,
0.0,
0.0,
0.0,
0.0,
0.0,
0.0,
0.0,
0.0,
0.0,
0.0,
0.0,
0.0,
0.0,
0.0,
0.0,
0.0,
0.0,
0.0,
0.0,
0.0,
0.0,
0.0,
0.0,
0.0,
0.0,
0.0,
0.0,
0.0,
0.0,
0.0,
0.0,
0.0,
0.0,
0.0,
0.0,
0.0,
0.0,
0.0,
0.0,
0.0,
0.0,
0.0,
0.0,
0.0,
0.0,
0.0,
0.0,
0.0,
0.0,
0.0,
0.0,
0.0,
0.0,
0.0,
0.0,
0.0,
0.0,
0.0,
0.0,
0.0,
0.0,
0.0,
0.0,
0.0,
0.0,
0.0,
0.0,
0.0,
0.0,
0.0,
0.0,
0.0,
0.0
],
"di_loss": [
0.0,
0.0,
0.0,
0.0,
0.0,
0.0,
0.0,
0.0,
0.0,
0.0,
0.0,
0.0,
0.0,
0.0,
0.0,
0.0,
0.0,
0.0,
0.0,
0.0,
0.0,
0.0,
0.0,
0.0,
0.0,
0.0,
0.0,
0.0,
0.0,
0.0,
0.0,
0.0,
0.0,
0.0,
0.0,
0.0,
0.0,
0.0,
0.0,
0.0,
0.0,
0.0,
0.0,
0.0,
0.0,
0.0,
0.0,
0.0,
0.0,
0.0,
0.0,
0.0,
0.0,
0.0,
0.0,
0.0,
0.0,
0.0,
0.0,
0.0,
0.0,
0.0,
0.0,
0.0,
0.0,
0.0,
0.0,
0.0,
0.0,
0.0,
0.0,
0.0,
0.0,
0.0,
0.0,
0.0,
0.0,
0.0,
0.0,
0.0,
0.0,
0.0,
0.0,
0.0,
0.0,
0.0,
0.0,
0.0,
0.0,
0.0,
0.0,
0.0,
0.0,
0.0,
0.0,
0.0,
0.0,
0.0,
0.0,
0.0
],
"si_cv": [
0.012768960557878017,
0.016956014558672905,
0.008257799781858921,
0.004031960852444172,
0.003457579528912902,
0.004753943532705307,
0.018290258944034576,
0.13098007440567017,
0.137130007147789,
0.10727037489414215,
0.11582758277654648,
0.18562769889831543,
0.21290819346904755,
0.12286355346441269,
0.06107822433114052,
0.046215832233428955,
0.05073779076337814,
0.09663719683885574,
0.1198243722319603,
0.08419681340456009,
0.06112418323755264,
0.05491068214178085,
0.05934138596057892,
0.06238865107297897,
0.054153330624103546,
0.05248665809631348,
0.09112215787172318,
0.12508711218833923,
0.1851268857717514,
0.20963671803474426,
0.12620745599269867,
0.12779682874679565,
0.1347038596868515,
0.12031206488609314,
0.11480122804641724,
0.12395274639129639,
0.11786716431379318,
0.11158456653356552,
0.12542209029197693,
0.1320703625679016,
0.12599140405654907,
0.12898845970630646,
0.12861597537994385,
0.12205658853054047,
0.12561340630054474,
0.14472435414791107,
0.139471173286438,
0.10487189143896103,
0.07937907427549362,
0.07271045446395874,
0.0797416940331459,
0.07948073744773865,
0.07021290063858032,
0.0651269182562828,
0.06757275760173798,
0.07205310463905334,
0.0732705146074295,
0.07354789227247238,
0.08491308987140656,
0.09508902579545975,
0.11126675456762314,
0.13455329835414886,
0.16121532022953033,
0.1542433351278305,
0.15397222340106964,
0.16233253479003906,
0.1725076287984848,
0.17881880700588226,
0.17559263110160828,
0.17033813893795013,
0.16680701076984406,
0.16235703229904175,
0.15590229630470276,
0.1541825383901596,
0.16061456501483917,
0.17085778713226318,
0.18154674768447876,
0.19045397639274597,
0.19062408804893494,
0.1908160150051117,
0.1872689574956894,
0.18037879467010498,
0.17950432002544403,
0.1787981241941452,
0.18012823164463043,
0.18225553631782532,
0.18597127497196198,
0.18820856511592865,
0.18990589678287506,
0.19015619158744812,
0.19088813662528992,
0.1916220635175705,
0.19231480360031128,
0.19276851415634155,
0.1931363195180893,
0.19363854825496674,
0.19418971240520477,
0.19466876983642578,
0.19497579336166382,
0.19511954486370087
],
"mi_cv": [
0.00826212391257286,
0.01841837167739868,
0.014615349471569061,
0.010059472173452377,
0.008903119713068008,
0.02948409877717495,
0.0944773256778717,
0.26685020327568054,
0.31212350726127625,
0.2326764315366745,
0.226319819688797,
0.30031895637512207,
0.3520091474056244,
0.24169670045375824,
0.1373777538537979,
0.12344810366630554,
0.14284273982048035,
0.22489748895168304,
0.25843432545661926,
0.1809743344783783,
0.12930826842784882,
0.11661345511674881,
0.1270226240158081,
0.14088918268680573,
0.128464937210083,
0.126864492893219,
0.1846252679824829,
0.22019536793231964,
0.2746469974517822,
0.28720054030418396,
0.1943751573562622,
0.203615203499794,
0.21299509704113007,
0.19508562982082367,
0.18597882986068726,
0.18927477300167084,
0.18011921644210815,
0.17528697848320007,
0.19623737037181854,
0.2079811692237854,
0.20198629796504974,
0.20936426520347595,
0.20986361801624298,
0.19641193747520447,
0.20034997165203094,
0.2224317491054535,
0.2259795069694519,
0.1976775825023651,
0.1716511994600296,
0.164960578083992,
0.17962020635604858,
0.17692075669765472,
0.15826337039470673,
0.1475590467453003,
0.14661481976509094,
0.14634832739830017,
0.13940516114234924,
0.1424558162689209,
0.16940471529960632,
0.18734130263328552,
0.20476557314395905,
0.22427959740161896,
0.24785785377025604,
0.2407466024160385,
0.24230171740055084,
0.2524122893810272,
0.26462939381599426,
0.2748924195766449,
0.27684760093688965,
0.2740734815597534,
0.2689496576786041,
0.2642366290092468,
0.2555159330368042,
0.2520887553691864,
0.25781717896461487,
0.26592889428138733,
0.27551865577697754,
0.2842063903808594,
0.28460705280303955,
0.28567054867744446,
0.28133320808410645,
0.27223142981529236,
0.26898738741874695,
0.2662850022315979,
0.2657632529735565,
0.26646870374679565,
0.26932570338249207,
0.27080851793289185,
0.27222147583961487,
0.2721381187438965,
0.2730976343154907,
0.2745051383972168,
0.2758145034313202,
0.2768537104129791,
0.2776334285736084,
0.2783649265766144,
0.27906399965286255,
0.27963659167289734,
0.2799743115901947,
0.28015121817588806
]
}