{
"epoch": [
1,
2,
3,
4,
5,
6,
7,
8,
9,
10,
11,
12,
13,
14,
15,
16,
17,
18,
19,
20,
21,
22,
23,
24,
25,
26,
27,
28,
29,
30,
31,
32,
33,
34,
35,
36,
37,
38,
39,
40,
41,
42,
43,
44,
45,
46,
47,
48,
49,
50,
51,
52,
53,
54,
55,
56,
57,
58,
59,
60,
61,
62,
63,
64,
65,
66,
67,
68,
69,
70,
71,
72,
73,
74,
75,
76,
77,
78,
79,
80,
81,
82,
83,
84,
85,
86,
87,
88,
89,
90,
91,
92,
93,
94,
95,
96,
97,
98,
99,
100
],
"train_loss": [
7.919689032938574,
1.4704917514479006,
1.8324371916907174,
1.9793205168340113,
1.5542867013386317,
1.2063795003024014,
0.9063840222049069,
0.7693147597374854,
0.7705095696758915,
0.7250537640088565,
0.6021237141126162,
0.5708206590119894,
1.1144156951408881,
0.6411492925185662,
0.5869760490083075,
0.5837300110172916,
0.6017218286340887,
0.544158859686418,
0.5267396236394907,
0.5177037781709201,
0.4704662840087692,
0.5045651251619513,
0.47100318407083486,
0.4702235882158403,
0.5437480528633316,
0.5781825115154315,
0.6070432817781126,
0.577662771398371,
0.5984949763719137,
0.5620414545009662,
0.5475585278752563,
0.5474658020131,
0.5214350889255475,
0.5172537751012034,
0.5001396869684195,
0.5035107766653036,
0.4800657568039832,
0.49662541569053353,
0.4834761240265586,
0.474737155747104,
0.5046529986641624,
0.5655146481154801,
0.5055512174383386,
0.595346301407009,
0.5397052412683313,
0.4928200345534783,
0.5012213618724377,
0.4855589371222954,
0.4685522832653739,
0.44939287645476206,
0.44853114230292185,
0.44462847477429873,
0.4476700494815777,
0.44223216756597744,
0.4497905048457059,
0.46061288536369027,
0.47573368580310377,
0.5222608919267531,
0.5302730787110019,
0.4998737008540661,
0.475717806196832,
0.47379235091147487,
0.46313925455142924,
0.46647423118739934,
0.46290309862657025,
0.4555614892538492,
0.4556807283457224,
0.4529934587416711,
0.4496756730141578,
0.44806534825981437,
0.4460587602157097,
0.4426814476390938,
0.4424627171708392,
0.4426295068356898,
0.43949587546385727,
0.4361008850785045,
0.4328998207271873,
0.43567198360121095,
0.4492112103994791,
0.44405231576461296,
0.4411949155392585,
0.4433115356928342,
0.43904893351839736,
0.43868580963704495,
0.4420476834495346,
0.4389259888754263,
0.4423079204249692,
0.4403684557258309,
0.44563255991254536,
0.43503649513442794,
0.4385207790833015,
0.4361220776260673,
0.43714222969946925,
0.43744875200383077,
0.43691586132173416,
0.44052144265794135,
0.4323563738302751,
0.4389702058457709,
0.44197394747238655,
0.43533780319350107
],
"val_loss": [
4.9501566886901855,
5.173285484313965,
5.593445777893066,
4.68954610824585,
4.014066696166992,
3.039236545562744,
1.9389344453811646,
1.2149837017059326,
1.1650488376617432,
1.1900376081466675,
1.6164400577545166,
1.6501606702804565,
1.4802356958389282,
1.5828982591629028,
2.2381105422973633,
2.861004590988159,
3.335254192352295,
2.8331167697906494,
2.4260964393615723,
1.4922287464141846,
1.2962340116500854,
1.1518630981445312,
1.0086116790771484,
1.0583155155181885,
1.0376145839691162,
1.0770882368087769,
1.1557810306549072,
1.0409982204437256,
1.0080692768096924,
1.020296573638916,
1.0967506170272827,
1.1144119501113892,
1.2393454313278198,
1.9127178192138672,
3.3221230506896973,
8.70737361907959,
8.188154220581055,
4.905421257019043,
5.973297119140625,
6.8876953125,
6.825866222381592,
7.307789325714111,
8.368612289428711,
9.433389663696289,
9.786298751831055,
7.482956886291504,
6.1271281242370605,
6.27194881439209,
6.499941349029541,
6.584130764007568,
6.249207496643066,
4.824760437011719,
2.7920587062835693,
2.1051411628723145,
1.959700584411621,
2.0424065589904785,
2.086818218231201,
1.895328402519226,
1.8572263717651367,
1.7212927341461182,
1.7543786764144897,
1.8369321823120117,
1.9457591772079468,
1.901880145072937,
1.8882709741592407,
1.8987470865249634,
1.8880635499954224,
1.923766851425171,
2.0798635482788086,
2.278674840927124,
2.3880813121795654,
2.395374298095703,
2.3068430423736572,
2.2529664039611816,
2.2764971256256104,
2.3858091831207275,
2.5227556228637695,
2.707556962966919,
2.876818895339966,
3.05220890045166,
3.118727922439575,
3.16298770904541,
3.258631467819214,
3.2494757175445557,
3.2258641719818115,
3.237556219100952,
3.1939096450805664,
3.1096174716949463,
3.080359935760498,
3.0268568992614746,
2.986565351486206,
2.994006395339966,
3.014559268951416,
3.037296772003174,
3.063204050064087,
3.077730655670166,
3.0907299518585205,
3.101733446121216,
3.1057944297790527,
3.108891725540161
]
}