{
  "sspg": {
    "rmse": 110.67789861373531,
    "mae": 96.21935272216797,
    "r2": -0.638281405641336,
    "pearson_r": -0.4174940880774241,
    "pearson_p": 0.3513586133010946,
    "spearman_r": -0.6123724356957945,
    "spearman_p": 0.14381080871160384,
    "n": 7
  },
  "di": {
    "rmse": 0.9304138314707971,
    "mae": 0.8617746404239109,
    "r2": -0.8629458158695873,
    "pearson_r": NaN,
    "pearson_p": NaN,
    "spearman_r": NaN,
    "spearman_p": NaN,
    "n": 7
  }
}