{
"epoch": [
1,
2,
3,
4,
5,
6,
7,
8,
9,
10,
11,
12,
13,
14,
15,
16,
17,
18,
19,
20,
21,
22,
23,
24,
25,
26,
27,
28,
29,
30,
31,
32,
33,
34,
35,
36,
37,
38,
39,
40,
41,
42,
43,
44,
45,
46,
47,
48,
49,
50,
51,
52,
53,
54,
55,
56,
57,
58,
59,
60,
61,
62,
63,
64,
65,
66,
67,
68,
69,
70,
71,
72,
73,
74,
75,
76,
77,
78,
79,
80,
81,
82,
83,
84,
85,
86,
87,
88,
89,
90,
91,
92,
93,
94,
95,
96,
97,
98,
99,
100
],
"train_loss": [
2563170.36933998,
177.96294175185167,
38.05573628784774,
14.724889680936739,
26.380700842126622,
62.85299007613938,
51.2271052273837,
11.494145634886506,
5.173470391855611,
1.8280107185438081,
1.5151605884750168,
1.9273738659821547,
1.5998893372424237,
3.6642514513684556,
1.0688032407265204,
0.8563997219135235,
0.8310155094443977,
0.8826190070672468,
0.8071353373589454,
0.7641611385655094,
0.7784679756536113,
0.7848378056055539,
0.805678438056599,
0.7017808409480305,
0.7034659563721001,
0.7429461347592341,
0.7192069857151477,
0.7227089056720981,
0.7306151630042436,
0.6860249197328245,
0.6898641501154218,
0.6566656208657599,
0.6678710192828984,
0.7084560494918328,
0.6712052558923697,
0.7089107059813166,
0.7281384739008817,
0.6599875502772146,
0.6854354584371889,
0.7338261372083194,
0.6284282261675055,
0.6782810804131744,
0.6899887454974187,
0.6850745600539369,
0.6712274977139064,
0.6732061520799414,
0.6777909862530695,
0.8867476164520561,
0.6814429535494222,
0.7702088309572889,
0.648057565286562,
0.6433475009806744,
0.6642766447810383,
0.647225393877401,
0.6610903314181736,
0.6915107083010983,
0.9250323354423821,
0.9380032335008893,
0.9592792089883383,
0.9935116566620864,
0.8373672257770192,
1.4162165514834515,
0.7809423239200146,
0.7662098732861605,
0.7732958050517292,
0.9223419853619167,
0.7658404932393656,
1.037312670961603,
0.7616185840074118,
0.7282957906846876,
0.731416367865228,
0.7304214595200179,
0.7161680723165537,
0.8166349267030691,
0.7618652048049035,
0.7045772811035057,
0.7225771979852156,
0.6936704400297883,
0.7023305126598903,
0.7219601018088204,
0.6687206982018111,
0.6501855532844345,
0.7614810884772957,
0.7628150233974704,
0.9252943125638095,
0.7272652263765211,
0.7320724207085448,
0.757211768781984,
0.7010930567592769,
0.6997752491529886,
0.6779183002261372,
0.6783683547725925,
0.6831442427325558,
0.731701156535706,
0.7202832226629381,
0.8643800856231095,
0.7371039916942645,
0.6798166408167257,
0.7035369346668194,
0.709066498589206
],
"val_loss": [
2.803227186203003,
3.2760400772094727,
3.1856017112731934,
2.629383087158203,
2.6483418941497803,
1.8621116876602173,
1.5877180099487305,
1.7069813013076782,
1.78016197681427,
1.6179479360580444,
2.3167428970336914,
1.4646036624908447,
2.097614288330078,
0.9578630328178406,
0.5728394389152527,
0.6398065686225891,
0.5927419066429138,
0.4983713626861572,
0.6241481900215149,
0.5332970023155212,
0.7088387608528137,
0.5439656376838684,
0.4902225136756897,
0.4860897958278656,
0.5297163128852844,
0.5030521154403687,
0.4969169795513153,
0.5477657318115234,
0.46463802456855774,
0.45577672123908997,
0.44059914350509644,
0.4457852244377136,
0.41371452808380127,
0.6215351223945618,
0.5115096569061279,
0.5584198832511902,
0.5524299144744873,
0.41083061695098877,
0.5174943804740906,
0.41652438044548035,
0.46273109316825867,
0.5014094710350037,
0.4073002338409424,
0.48777374625205994,
0.4374696910381317,
0.538532018661499,
0.8038783073425293,
0.4989061951637268,
0.45941802859306335,
0.37950247526168823,
0.37601491808891296,
0.38435572385787964,
0.42007553577423096,
0.3594014346599579,
0.37747421860694885,
0.8244333863258362,
0.4104169011116028,
1.017422080039978,
0.7608397006988525,
0.8511452078819275,
1.012516736984253,
0.518424391746521,
0.6372880339622498,
0.4946247637271881,
0.699019730091095,
0.6496493816375732,
0.7340473532676697,
0.39572960138320923,
0.4940142333507538,
0.4143052101135254,
0.45919543504714966,
0.4267858564853668,
0.6763176321983337,
0.3787377178668976,
0.38674622774124146,
0.35403379797935486,
0.454743355512619,
0.3879082202911377,
0.43455803394317627,
0.38548022508621216,
0.391489714384079,
0.4987786114215851,
0.5973012447357178,
0.49365922808647156,
0.36203616857528687,
0.5915421843528748,
0.42873698472976685,
0.3935636878013611,
0.3488844037055969,
0.419967919588089,
0.3598303496837616,
0.3332012891769409,
0.33081039786338806,
0.5198119878768921,
0.6948223114013672,
0.4208952486515045,
0.3846195340156555,
0.35929521918296814,
0.3628903329372406,
0.35686755180358887
]
}