{
  "sspg": {
    "rmse": 201.2723079023132,
    "mae": 180.97824732462564,
    "r2": -4.218267356927886,
    "pearson_r": 0.04180106322016249,
    "pearson_p": 0.9373349252723784,
    "spearman_r": 0.08571428571428573,
    "spearman_p": 0.8717434402332361,
    "n": 6
  },
  "di": {
    "rmse": 97.74833842462846,
    "mae": 97.4437014579773,
    "r2": -23601.73877803645,
    "pearson_r": 0.075212606631242,
    "pearson_p": 0.904326699900017,
    "spearman_r": -0.3,
    "spearman_p": 0.6238376647810728,
    "n": 5
  }
}