{
"epoch": [
1,
2,
3,
4,
5,
6,
7,
8,
9,
10,
11,
12,
13,
14,
15,
16,
17,
18,
19,
20,
21,
22,
23,
24,
25,
26,
27,
28,
29,
30,
31,
32,
33,
34,
35,
36,
37,
38,
39,
40,
41,
42,
43,
44,
45,
46,
47,
48,
49,
50,
51,
52,
53,
54,
55,
56,
57,
58,
59,
60,
61,
62,
63,
64,
65,
66,
67,
68,
69,
70,
71,
72,
73,
74,
75,
76,
77,
78,
79,
80,
81,
82,
83,
84,
85,
86,
87,
88,
89,
90,
91,
92,
93,
94,
95,
96,
97,
98,
99,
100
],
"train_loss": [
40.91110338550983,
3.9305389187123514,
2.953385813401477,
2.3849429918987917,
1.8061184765088676,
1.4857797504651664,
1.2047017517656382,
0.9711761810992023,
0.8847508147211358,
0.6466986165188326,
0.5114239926385408,
0.45405405140159155,
0.3788315220044391,
0.41013062619926904,
0.3376754351181559,
0.34005375619571987,
0.30245854417876444,
0.3202337861651241,
0.3238276157638814,
0.2995497206650158,
0.2976866755450126,
0.34536129118192316,
0.3096624252819779,
0.2874025785096801,
0.2795397412068773,
0.3172222836182849,
0.29805561398515606,
0.2993779436196431,
0.2823242719220643,
0.2990355674583133,
0.26578275815095054,
0.2784556677140812,
0.3073575620604034,
0.3383139758416922,
0.32472757478751757,
0.3177014462428518,
0.2838576804883409,
0.2682636238560818,
0.2951434262023114,
0.2810556056475875,
0.2755968986761452,
0.27563501407604407,
0.28681821457230217,
0.3113992199449256,
0.3172992432471549,
0.2942513304181618,
0.4136426912085845,
0.4734798492771564,
0.42386292526037384,
0.378539770546526,
0.38984282093473,
0.37636184677629186,
0.43211310836348205,
0.3838732159963929,
2.720372529608188,
0.43268309371306163,
0.377303813648696,
0.3918681805676753,
0.3901394257451048,
0.36314567053081964,
0.36923398977459065,
0.38231724013786506,
0.40390100868621676,
0.37760329482578997,
0.37997310232407977,
0.387895269264089,
0.3764905619739306,
0.38892038741914353,
0.4163211078041851,
0.41568932468348213,
0.38974277925963446,
0.37916304333375234,
0.3678362074464855,
0.3776800372813008,
0.3564519179929601,
0.36396249273035786,
0.38674937439436957,
0.3763971033662853,
0.39742885780806586,
0.3886832816175895,
0.40038021425209425,
0.36644328348707444,
0.36429489662151526,
0.36573029449670624,
0.37496370844321675,
0.41203683821281584,
0.3995795863689763,
0.40641943903842775,
0.36375851235767404,
0.37070370458140234,
0.3744876768329356,
0.37957566297880496,
0.36599692112148396,
0.389924283960078,
0.3732797400196,
0.3641999393406481,
0.37036659605432265,
0.37883254088977775,
0.41892200354302284,
0.37400211851195536
],
"val_loss": [
2.5123274326324463,
1.530341386795044,
0.9679501056671143,
0.8823772072792053,
0.4083770513534546,
0.6338762640953064,
0.6752099990844727,
0.4789845049381256,
0.5536743998527527,
0.38179799914360046,
0.3137117028236389,
0.3700927793979645,
0.4493210017681122,
0.24453850090503693,
0.3184801936149597,
0.3075208365917206,
0.22516398131847382,
0.21105101704597473,
0.20812906324863434,
0.19325491786003113,
0.192387193441391,
0.253938227891922,
0.21713398396968842,
0.2300143986940384,
0.21436719596385956,
0.29542621970176697,
0.1835452914237976,
0.17332103848457336,
0.19150063395500183,
0.2435009479522705,
0.34103086590766907,
0.29991137981414795,
0.28050386905670166,
0.3700407147407532,
0.32377099990844727,
0.2724822759628296,
0.18218252062797546,
0.2822643220424652,
0.2698078751564026,
0.2608698308467865,
0.276886910200119,
0.29905638098716736,
0.339739590883255,
0.3319956362247467,
0.30477601289749146,
0.3688806891441345,
0.5761479735374451,
0.5677279233932495,
0.48026007413864136,
0.45406290888786316,
0.4942643344402313,
0.49048784375190735,
0.5196202397346497,
0.5336357355117798,
0.5355727672576904,
0.49420180916786194,
0.5170628428459167,
0.4945484399795532,
0.5081456303596497,
0.4711502194404602,
0.5045042634010315,
0.4848077595233917,
0.48531585931777954,
0.47731685638427734,
0.4893334209918976,
0.476796418428421,
0.5017447471618652,
0.489382266998291,
0.5241605043411255,
0.48258426785469055,
0.48102444410324097,
0.4989372789859772,
0.4844110906124115,
0.5233402848243713,
0.477277010679245,
0.5052130222320557,
0.4844730496406555,
0.5025667548179626,
0.46655988693237305,
0.5026080012321472,
0.5002789497375488,
0.47882843017578125,
0.48541805148124695,
0.4689643681049347,
0.5043219923973083,
0.47508499026298523,
0.4760149121284485,
0.479821115732193,
0.47510647773742676,
0.4676804542541504,
0.4610171914100647,
0.4745837152004242,
0.44703295826911926,
0.4748273491859436,
0.458649218082428,
0.4683569669723511,
0.46665284037590027,
0.45623236894607544,
0.46182480454444885,
0.4907326400279999
]
}