subject_id,true,pred
D3H_024,110.0,127.492065
D3H_028,61.0,127.492065
D3H_033,69.0,127.492065
D3H_036,158.0,127.492065
D3H_038,185.0,127.492065
D3H_040,57.0,127.492065
D3H_041,130.0,127.492065
D3H_042,111.0,127.492065
D3H_044,49.0,127.492065
D3H_046,73.0,127.492065
D3H_049,45.0,127.492065
D3H_050,59.0,127.492065
D3H_053,301.0,127.492065
D3H_054,64.0,127.492065
D3H_055,335.0,127.492065
D3H_056,148.0,127.492065
