{
  "sspg": {
    "rmse": 75.69882833368158,
    "mae": 62.42166084713406,
    "r2": -0.2566636632306367,
    "pearson_r": 0.47131260929654795,
    "pearson_p": 0.00371347707838975,
    "spearman_r": 0.20237737334488703,
    "spearman_p": 0.23652883446332226,
    "n": 36
  },
  "di": {
    "rmse": 0.7690378518791239,
    "mae": 0.703497995932897,
    "r2": -0.6428910911539425,
    "pearson_r": 0.3384247625919964,
    "pearson_p": 0.28192920207942446,
    "spearman_r": 0.3900876112824359,
    "spearman_p": 0.20999182531387886,
    "n": 12
  }
}