{
"epoch": [
1,
2,
3,
4,
5,
6,
7,
8,
9,
10,
11,
12,
13,
14,
15,
16,
17,
18,
19,
20,
21,
22,
23,
24,
25,
26,
27,
28,
29,
30,
31,
32,
33,
34,
35,
36,
37,
38,
39,
40,
41,
42,
43,
44,
45,
46,
47,
48,
49,
50,
51,
52,
53,
54,
55,
56,
57,
58,
59,
60,
61,
62,
63,
64,
65,
66,
67,
68,
69,
70,
71,
72,
73,
74,
75,
76,
77,
78,
79,
80,
81,
82,
83,
84,
85,
86,
87,
88,
89,
90,
91,
92,
93,
94,
95,
96,
97,
98,
99,
100
],
"train_loss": [
165.10615088995985,
30.985340644055466,
16.236224257101224,
9.523621867022177,
5.713120055010938,
3.577598387800802,
2.445814795381441,
1.8618207897726946,
1.4962860533571618,
1.2860054031131773,
1.2141324065801666,
1.076709148452038,
1.0338664364627028,
1.0046465190376823,
0.9500761665697173,
0.9041755147806303,
0.9152961209064393,
0.8765111819026977,
0.8747094081142756,
0.8935481216025165,
0.8867243429807228,
0.9175366473010206,
0.9876730254315954,
0.9063921012277678,
0.9058634469828267,
0.918268737830515,
0.9942463542532733,
1.0120548488586907,
1.1394320932898934,
1.1327495650043637,
1.2550834454889372,
1.335243561136441,
1.4906438626642302,
1.3593243848620438,
1.399248460146386,
1.3422597449595535,
1.3562429223473615,
1.3361697872792642,
1.369540327177273,
1.3396242716180997,
1.3205417854579415,
1.3657781176679715,
1.3207881065804188,
1.3093670728638416,
1.3398260413192389,
1.3075947442392664,
1.2870502988184531,
1.3086140268430935,
1.2930098227628573,
1.2946984082695068,
1.2999587706693514,
1.3116677333050826,
1.2976826213476227,
1.294001276098837,
1.299031573956407,
1.3025897938435471,
1.2991136678560513,
1.2835159602127677,
1.2763117739534753,
1.2727323329354834,
1.251441796933572,
1.2309363751899538,
1.236351182141642,
1.273290842536866,
1.222245900649724,
1.2413963642646009,
1.2385792206591508,
1.2441792713375541,
1.2431601670783337,
1.2468290150634886,
1.4301778350289411,
1.3890090204599335,
1.2408107838292761,
1.2726392783517912,
1.3184427426555965,
1.2625801159640935,
1.2520234312598162,
1.2713973587892187,
1.2605259446647223,
1.2711152748798762,
1.2641048722379788,
1.2785585302067555,
1.257260618247385,
1.3067142034140158,
1.3016933709617675,
1.4235253052448664,
1.3895329978522353,
1.4283487796783447,
1.4188130577718179,
1.4443206946680864,
1.4674570588614997,
1.465776646231103,
1.506091557149812,
1.5796377762096134,
1.5603351198782132,
1.6338238218637902,
1.6576712244138943,
1.7638033788035234,
1.7076359696275607,
1.815881864292415
],
"val_loss": [
1.483210802078247,
1.0153536796569824,
0.9475307464599609,
0.7923304438591003,
0.9226248264312744,
0.771155059337616,
0.7265378832817078,
0.6768084764480591,
0.48394984006881714,
0.451098769903183,
0.37393057346343994,
0.3466155230998993,
0.4356953501701355,
0.34606313705444336,
0.2666952610015869,
0.29908066987991333,
0.2550516426563263,
0.28065815567970276,
0.2914661467075348,
0.26645833253860474,
0.20597359538078308,
0.26198118925094604,
0.3367686867713928,
0.2730257511138916,
0.23772461712360382,
0.2675498127937317,
0.3743390142917633,
0.70524001121521,
0.5995185375213623,
0.584105908870697,
0.5681717991828918,
0.5529919266700745,
0.6212815642356873,
0.62336266040802,
0.5375534892082214,
0.5362846851348877,
0.5676716566085815,
0.5492987632751465,
0.533767819404602,
0.5113613605499268,
0.5055402517318726,
0.4997369050979614,
0.5541312098503113,
0.5324636101722717,
0.5074958205223083,
0.484591543674469,
0.49185824394226074,
0.4771246016025543,
0.48801419138908386,
0.4926895499229431,
0.5265553593635559,
0.5338189601898193,
0.48820731043815613,
0.4900871217250824,
0.499957412481308,
0.5188580751419067,
0.481852650642395,
0.5011573433876038,
0.46899503469467163,
0.482841819524765,
0.46574801206588745,
0.4581078588962555,
0.44971686601638794,
0.45770952105522156,
0.44932717084884644,
0.4525032937526703,
0.4274512529373169,
0.4396897256374359,
0.43857482075691223,
0.44239339232444763,
0.8848304748535156,
0.5063143968582153,
0.45099151134490967,
0.4890907108783722,
0.46783626079559326,
0.4471386969089508,
0.4725431501865387,
0.4029063582420349,
0.43104612827301025,
0.4196256101131439,
0.4103238582611084,
0.43209055066108704,
0.4161105751991272,
0.414572149515152,
0.40523892641067505,
0.3563283681869507,
0.36251819133758545,
0.3102119565010071,
0.3484059274196625,
0.2973301410675049,
0.32009947299957275,
0.2907443940639496,
0.3178805410861969,
0.34164440631866455,
0.29183030128479004,
0.31150326132774353,
0.2894495725631714,
0.30486178398132324,
0.37688013911247253,
0.3653895854949951
]
}