{
  "n": 16,
  "pearson_r": -0.07346752381051921,
  "pearson_p": 0.7868549390785913,
  "spearman_r": -0.30806161848616215,
  "spearman_p": 0.24572516622164928,
  "r2": -0.09033241167470751,
  "rmse": 0.7570373826864021,
  "mae": 0.62509847631706
}