{
  "sspg": {
    "rmse": 83.09833663906036,
    "mae": 66.48323669433594,
    "r2": -1.7785826300412841,
    "pearson_r": -0.12385380867446875,
    "pearson_p": 0.8427085346748762,
    "spearman_r": -0.3,
    "spearman_p": 0.6238376647810728,
    "n": 5
  },
  "di": {
    "rmse": 1.7576877018702075,
    "mae": 1.7163381695747375,
    "r2": -204.02076932511008,
    "pearson_r": -0.8217077408234734,
    "pearson_p": 0.08791496932272261,
    "spearman_r": -0.7,
    "spearman_p": 0.18812040437418728,
    "n": 5
  }
}