{
"epoch": [
1,
2,
3,
4,
5,
6,
7,
8,
9,
10,
11,
12,
13,
14,
15,
16,
17,
18,
19,
20,
21,
22,
23,
24,
25,
26,
27,
28,
29,
30,
31,
32,
33,
34,
35,
36,
37,
38,
39,
40,
41,
42,
43,
44,
45,
46,
47,
48,
49,
50,
51,
52,
53,
54,
55,
56,
57,
58,
59,
60,
61,
62,
63,
64,
65,
66,
67,
68,
69,
70,
71,
72,
73,
74,
75,
76,
77,
78,
79,
80,
81,
82,
83,
84,
85,
86,
87,
88,
89,
90,
91,
92,
93,
94,
95,
96,
97,
98,
99,
100
],
"train_loss": [
61.91244882640272,
5.006870996834028,
4.367182698580298,
2.2000091311955217,
1.7184738097804608,
1.6630854830883517,
1.4642785952822996,
1.5599807276584134,
1.476859690529285,
1.4039594271395466,
1.1689887530732863,
1.1150730818805128,
0.7938394735355189,
0.7834744004919978,
0.8160890210973154,
0.8196358834162797,
0.7858703877076064,
0.7315221647224804,
0.7555760829755576,
4.579682350453764,
0.8799481198634251,
0.616180673684224,
0.5846691282078771,
0.6322960552602711,
0.6012261397767775,
0.5584395365549786,
0.5797357500189602,
0.5834220394049541,
0.5622956133124852,
0.6581419842077953,
0.680123510927257,
0.6821020263256413,
0.8715568946139647,
0.7801630904178808,
0.9513141636801238,
0.9522281413031096,
0.7516402318926141,
0.6367886414622316,
0.684907593349419,
0.6164926142975835,
0.6712352344305208,
0.6539715050470711,
0.6206318544279231,
0.5904092363791891,
0.6321235015840814,
0.5945364567312864,
0.6021257391070375,
0.5878099970298238,
0.6192164291249643,
0.5990153202916136,
0.5950106175819246,
0.6279165791993094,
0.6068794922073288,
0.7706051421637582,
0.6571651461100815,
0.6900622791582995,
0.822479502989514,
0.7199547219984602,
0.697522515707677,
0.6394040165561261,
0.5885992032466548,
0.5852252622642139,
0.595959730077498,
0.5752691313771918,
0.5712514620016117,
0.5748064706821253,
0.619376000201348,
0.6032856153969718,
0.6037745363641494,
0.5936506862687593,
0.6144317465253396,
0.5939154453796915,
0.6114189412334178,
0.5920014944997164,
0.5963054768519827,
0.5693349920877135,
0.5822278237578893,
0.5785536535895697,
0.6958103935317238,
0.70821412689615,
0.6855029711628905,
0.596883342112645,
0.6554799658237117,
0.6748397772264952,
0.7343122422105015,
0.6443861941299817,
0.6044387256745065,
0.6051517114190772,
0.6247725014639373,
0.5979416724478844,
0.6038165304920461,
0.6026439114962474,
0.5853067539115944,
0.5684079905547718,
0.5542230069047154,
0.5806759294897023,
0.5825092627270387,
0.578551708471657,
0.5777229699167875,
0.6135665733035248
],
"val_loss": [
1.822648525238037,
1.3782812356948853,
1.2835819721221924,
1.2811086177825928,
1.1561789512634277,
1.0747100114822388,
1.1441770792007446,
1.1545134782791138,
1.069876790046692,
0.9786158204078674,
0.9289980530738831,
0.7629684805870056,
0.7698996067047119,
0.8060041069984436,
0.7356548309326172,
0.7117047905921936,
0.5439683198928833,
0.552219808101654,
0.5610102415084839,
0.5542659759521484,
0.5182511210441589,
0.4869564175605774,
0.47806379199028015,
0.5155101418495178,
0.4726238250732422,
0.47568222880363464,
0.4569874405860901,
0.46402838826179504,
0.4791553318500519,
0.5385429859161377,
0.5888707637786865,
0.6607972383499146,
0.7360512614250183,
0.5191615223884583,
1.093624472618103,
0.5584276914596558,
0.6279858350753784,
0.6306861639022827,
0.5502479672431946,
0.5519985556602478,
0.5620934367179871,
0.5195421576499939,
0.48940739035606384,
0.5515515804290771,
0.5445176362991333,
0.48482346534729004,
0.48414090275764465,
0.49374035000801086,
0.5466907024383545,
0.5026521682739258,
0.49736636877059937,
0.5646159052848816,
0.4984806776046753,
0.4977109432220459,
0.4880317449569702,
0.49355167150497437,
0.6821638345718384,
0.5385037064552307,
0.6681942939758301,
0.4776187539100647,
0.4774501621723175,
0.5108151435852051,
0.4947984516620636,
0.48657989501953125,
0.4901091158390045,
0.4749651551246643,
0.4729282259941101,
0.4428192377090454,
0.4346848726272583,
0.48811376094818115,
0.46080252528190613,
0.46409177780151367,
0.44709861278533936,
0.437573105096817,
0.4612298905849457,
0.4361894428730011,
0.4305160939693451,
0.3974885940551758,
0.41550353169441223,
0.4517739713191986,
0.4860912263393402,
0.5223546624183655,
0.6134337782859802,
0.6696714758872986,
0.6151431202888489,
0.5417488813400269,
0.5077553391456604,
0.49296194314956665,
0.5432433485984802,
0.5570051074028015,
0.5349587202072144,
0.4881417155265808,
0.49485453963279724,
0.4546035826206207,
0.4503471851348877,
0.4512321949005127,
0.4410596489906311,
0.43168702721595764,
0.4238513112068176,
0.41724061965942383
]
}