{
  "sspg": {
    "spearman_r": 0.8285714285714287,
    "rmse": NaN,
    "n": 6
  },
  "di": {
    "spearman_r": 0.3142857142857143,
    "rmse": NaN,
    "n": 6
  }
}