{
"epoch": [
1,
2,
3,
4,
5,
6,
7,
8,
9,
10,
11,
12,
13,
14,
15,
16,
17,
18,
19,
20,
21,
22,
23,
24,
25,
26,
27,
28,
29,
30,
31,
32,
33,
34,
35,
36,
37,
38,
39,
40,
41,
42,
43,
44,
45,
46,
47,
48,
49,
50,
51,
52,
53,
54,
55,
56,
57,
58,
59,
60,
61,
62,
63,
64,
65,
66,
67,
68,
69,
70,
71,
72,
73,
74,
75,
76,
77,
78,
79,
80,
81,
82,
83,
84,
85,
86,
87,
88,
89,
90,
91,
92,
93,
94,
95,
96,
97,
98,
99,
100,
101,
102,
103,
104,
105,
106,
107,
108,
109,
110,
111,
112,
113,
114,
115,
116,
117,
118,
119,
120,
121,
122,
123,
124,
125,
126,
127,
128,
129,
130,
131,
132,
133,
134,
135,
136,
137,
138,
139,
140,
141,
142,
143,
144,
145,
146,
147,
148,
149,
150,
151,
152,
153,
154,
155,
156,
157,
158,
159,
160,
161,
162,
163,
164,
165,
166,
167,
168,
169,
170,
171,
172,
173,
174,
175,
176,
177,
178,
179,
180,
181,
182,
183,
184,
185,
186,
187,
188,
189,
190,
191,
192,
193,
194,
195,
196,
197,
198,
199,
200
],
"recon_loss": [
0.32121847782816204,
0.33582880589869113,
0.30475169613763886,
0.3204311035670243,
0.3151583330971854,
0.324089213238134,
0.3184260671788996,
0.3214763565496965,
0.31218675746546165,
0.32956216939083943,
0.31938263464283634,
0.32530092322207116,
0.3224017277553484,
0.3117717999916572,
0.33746733022974684,
0.325467488401896,
0.3013363788267235,
0.3242125189923621,
0.3162200746985225,
0.3248118928500584,
0.3321947826967611,
0.31977152011611243,
0.32543536169188364,
0.3192889133057037,
0.3134072357183927,
0.32326185277530123,
0.3204875360061596,
0.32165709215325194,
0.3300441681564628,
0.3280055681606392,
0.32571713529623947,
0.31474314881609633,
0.32851898341209856,
0.3110251794387768,
0.3098215418202536,
0.32356997008447524,
0.3334207840554126,
0.31521360034292395,
0.3436743241625947,
0.3167460425333543,
0.3364438224922527,
0.30898345445657704,
0.32516272346694747,
0.3280490954200943,
0.3283138724116536,
0.327899581813193,
0.32508659846596905,
0.31899541945426496,
0.3226642751848543,
0.31772769155440395,
0.30809522565309105,
0.33887713567003025,
0.31620285108491974,
0.32148571951048716,
0.3201762813252288,
0.32169172535469004,
0.3148122638851017,
0.3263381053875019,
0.32500299075981237,
0.3335412082734046,
0.3146735147222296,
0.32282164247779105,
0.31549448897312216,
0.3195670508332067,
0.32907999432706214,
0.3299533693821399,
0.3217084589716676,
0.33279595127353423,
0.3321202571515913,
0.32534283709216427,
0.32566058906641876,
0.3236593712459911,
0.324763661855227,
0.3189677530294889,
0.32101626229750646,
0.3239374640700105,
0.34680367367608206,
0.31921975604899516,
0.31430609930645337,
0.31798402829603717,
0.3282437262597022,
0.3199168238546941,
0.3255176969936916,
0.33109458893924565,
0.31545303742606917,
0.32671172587902514
],
"sspg_loss": [
99.74616905311485,
75.957707491788,
66.69997445639078,
40.944166604574626,
21.658119201660156,
24.115709899307845,
22.508828943425957,
10.992884041427018,
15.579900023225067,
16.58372450494147,
16.05694124296114,
16.03561919076102,
12.259929737487397,
10.444458069739404,
11.178950656544078,
5.340982783924449,
7.841597680921678,
9.271682615404005,
5.977115011834479,
4.706576876826101,
3.8158680959181352,
6.183757515696736,
5.199942248208182,
4.7163969882122885,
4.218329733068293,
3.2949288603547333,
4.409602047561051,
3.4232712968603356,
2.53226131278199,
2.881697078803917,
3.221895521337336,
2.684742816082843,
2.072770341650232,
1.7251746592583594,
2.0139339279818844,
1.79218036478216,
1.5069131433189689,
1.2996674087140467,
1.3765930835302773,
1.3672518110894538,
1.363159127049632,
1.1693666081923944,
1.2018875224249703,
1.2325239197000282,
1.407396904833905,
0.9748307466506958,
1.1619242197507387,
1.0702487478008518,
0.6759557770444201,
0.9980063484860705,
1.168829177881216,
0.9193077118365796,
1.0799479453594654,
1.1010739524643143,
1.0724614409657267,
0.8463746235742198,
1.068414330482483,
0.9268173931481002,
1.0055121105986755,
0.8950366230754109,
0.8106983389173236,
1.0101133259859951,
0.8286076629316652,
0.8323006753797655,
0.9653725283486503,
1.1407430357747264,
0.8565959125370174,
0.9804689110099495,
1.0681945906056987,
0.9008203172064447,
0.7985671743170007,
0.7962624144244503,
1.076860918627157,
0.9006925155590106,
0.9385102073867599,
0.8395478044237409,
1.091022302578022,
0.8384188878071772,
0.874301476912065,
0.8805041104168086,
1.0116662924939936,
0.9419074213349974,
0.8326797655650547,
0.8516017957167192,
0.9058377049960099,
0.9049868784941636
],
"di_loss": [
41.67642434850916,
37.040826946109924,
30.388927806507457,
24.94135366167341,
16.868259318463213,
13.099446011828137,
17.194056832945193,
11.780102321079799,
13.639130381794718,
12.170666186840503,
13.637588377122755,
8.123626486047522,
11.132291372720298,
9.788101642162768,
10.17294723956616,
7.172638391519522,
8.44890544940899,
5.9447663418658365,
4.929497743581797,
5.06410957311655,
6.34562153940077,
3.4963392654022614,
4.494207815690474,
3.065131911983738,
2.826048974866991,
3.005807740347726,
3.1390817289228563,
2.0505646250464697,
2.6607166203585537,
1.4836094100753983,
1.9893030284287094,
1.6961831040196604,
1.6732786847399426,
1.6761788609740023,
1.9157112960691576,
1.4879603076290775,
1.2698173615839574,
1.222875876860185,
1.3489312707603751,
1.0476927045103792,
0.8202708820243935,
1.0612888692261337,
0.8971625194921122,
0.996580154864819,
0.960595188202796,
0.9960445157893292,
0.7784446787524533,
0.8604619278536214,
1.0074558134202833,
1.0330837492818956,
0.9479177594184875,
0.8195372773455335,
0.8253378124980183,
0.8291724703528665,
0.8257921825755726,
0.817574677529273,
0.8115840128489903,
0.8055993047627535,
0.7442561960839605,
0.7470598816871643,
0.8456722877242349,
0.8680957702847271,
0.7199228042131894,
0.8255783830370221,
0.7777483896775679,
0.785423452203924,
0.8106923490375667,
0.7351161055750661,
0.7555851502852007,
0.8253545482437332,
0.653529496936055,
0.7256272411965704,
0.747161838915441,
0.7057102934106604,
0.728503976549421,
0.8844451068283675,
0.843305768904748,
0.7801713455807079,
0.7088195457086934,
0.6916117606224952,
0.768907229621689,
0.7408178162265133,
0.733757351900076,
0.7689836272945652,
0.7854543227653998,
0.8655654749312958
],
"si_cv": [
0.39969536662101746,
0.39969536662101746,
0.39969536662101746,
0.39969536662101746,
0.39969536662101746,
0.39969536662101746,
0.39969536662101746,
0.39969536662101746,
0.39969536662101746,
0.39969536662101746,
0.39969536662101746,
0.39969536662101746,
0.39969536662101746,
0.39969536662101746,
0.39969536662101746,
0.39969536662101746,
0.39969536662101746,
0.39969536662101746,
0.39969536662101746,
0.39969536662101746,
0.39969536662101746,
0.39969536662101746,
0.39969536662101746,
0.39969536662101746,
0.39969536662101746,
0.39969536662101746,
0.39969536662101746,
0.39969536662101746,
0.39969536662101746,
0.39969536662101746,
0.39969536662101746,
0.39969536662101746,
0.39969536662101746,
0.39969536662101746,
0.39969536662101746,
0.39969536662101746,
0.39969536662101746,
0.39969536662101746,
0.39969536662101746,
0.39969536662101746,
0.39969536662101746,
0.39969536662101746,
0.39969536662101746,
0.39969536662101746,
0.39969536662101746,
0.39969536662101746,
0.39969536662101746,
0.39969536662101746,
0.39969536662101746,
0.39969536662101746,
0.39969536662101746,
0.39969536662101746,
0.39969536662101746,
0.39969536662101746,
0.39969536662101746,
0.39969536662101746,
0.39969536662101746,
0.39969536662101746,
0.39969536662101746,
0.39969536662101746,
0.39969536662101746,
0.39969536662101746,
0.39969536662101746,
0.39969536662101746,
0.39969536662101746,
0.39969536662101746,
0.39969536662101746,
0.39969536662101746,
0.39969536662101746,
0.39969536662101746,
0.39969536662101746,
0.39969536662101746,
0.39969536662101746,
0.39969536662101746,
0.39969536662101746,
0.39969536662101746,
0.39969536662101746,
0.39969536662101746,
0.39969536662101746,
0.39969536662101746,
0.39969536662101746,
0.39969536662101746,
0.39969536662101746,
0.39969536662101746,
0.39969536662101746,
0.39969536662101746
],