{
"epoch": [
1,
2,
3,
4,
5,
6,
7,
8,
9,
10,
11,
12,
13,
14,
15,
16,
17,
18,
19,
20,
21,
22,
23,
24,
25,
26,
27,
28,
29,
30,
31,
32,
33,
34,
35,
36,
37,
38,
39,
40,
41,
42,
43,
44,
45,
46,
47,
48,
49,
50,
51,
52,
53,
54,
55,
56,
57,
58,
59,
60,
61,
62,
63,
64,
65,
66,
67,
68,
69,
70,
71,
72,
73,
74,
75,
76,
77,
78,
79,
80,
81,
82,
83,
84,
85,
86,
87,
88,
89,
90,
91,
92,
93,
94,
95,
96,
97,
98,
99,
100,
101,
102,
103,
104,
105,
106,
107,
108,
109,
110,
111,
112,
113,
114,
115,
116,
117,
118,
119,
120,
121,
122,
123,
124,
125,
126,
127,
128,
129,
130,
131,
132,
133,
134,
135,
136,
137,
138,
139,
140,
141,
142,
143,
144,
145,
146,
147,
148,
149,
150,
151,
152,
153,
154,
155,
156,
157,
158,
159,
160,
161,
162,
163,
164,
165,
166,
167,
168,
169,
170,
171,
172,
173,
174,
175,
176,
177,
178,
179,
180,
181,
182,
183,
184,
185,
186,
187,
188,
189,
190,
191,
192,
193,
194,
195,
196,
197,
198,
199,
200
],
"train_loss": [
14.558464694332766,
11.730669145460253,
10.108628396864061,
7.003969941820417,
4.262782932875992,
4.140591373691311,
4.383701336848271,
2.6937616397808126,
3.329076407791732,
3.2999877000783946,
3.3838223141509216,
2.8362121179506374,
2.7566104244876217,
2.430014232536415,
2.567643809628177,
1.6718161601524848,
2.025373276177939,
1.9408439908708846,
1.5018679259659409,
1.3968670910054988,
1.4433303219931466,
1.3827678150944895,
1.3898369244166784,
1.192428386056578,
1.1128317287990026,
1.0483220862103748,
1.1703424809815048,
0.9640272778350037,
0.9443285480722204,
0.85952281177818,
0.9418235707592655,
0.8478223139589484,
0.7981104603061429,
0.746147093834815,
0.7977726242759011,
0.746570581739599,
0.7060803887131927,
0.6624545137603561,
0.7112133324920357,
0.6532270714834139,
0.6497733995511934,
0.6270355953798665,
0.6300542834517243,
0.6459460614563582,
0.6600996441655345,
0.6199736688044164,
0.6141100885806146,
0.6070530642936756,
0.5859919709044618,
0.6158232596013453,
0.6147565067588509,
0.6077482081078863,
0.6017179860697164,
0.6094968961430834,
0.6049882096129579,
0.5830732053750521,
0.597798681104338,
0.5945663266367727,
0.5949663814012106,
0.5927374068792765,
0.5752971311668297,
0.6056291143615524,
0.5653341157095773,
0.5803415512109732,
0.5983786660355407,
0.617556576604967,
0.583423849824187,
0.5993410267613151,
0.609484798722453,
0.5929469141093168,
0.565856802773166,
0.5708348967812278,
0.6021525000596976,
0.5745946261789892,
0.5827042344328645,
0.5913233176454321,
0.6352230333662653,
0.5760653181509539,
0.5676047616190725,
0.5701821864425362,
0.6012876304713163,
0.5831758875351447,
0.5771479459552021,
0.5881397104882574,
0.5795687862804958,
0.5987535126797565
],
"val_loss": [
0.18838778138160706,
0.18838778138160706,
0.18838778138160706,
0.18838778138160706,
0.18838778138160706,
0.18838778138160706,
0.18838778138160706,
0.18838778138160706,
0.18838778138160706,
0.18838778138160706,
0.18838778138160706,
0.18838778138160706,
0.18838778138160706,
0.18838778138160706,
0.18838778138160706,
0.18838778138160706,
0.18838778138160706,
0.18838778138160706,
0.18838778138160706,
0.18838778138160706,
0.18838778138160706,
0.18838778138160706,
0.18838778138160706,
0.18838778138160706,
0.18838778138160706,
0.18838778138160706,
0.18838778138160706,
0.18838778138160706,
0.18838778138160706,
0.18838778138160706,
0.18838778138160706,
0.18838778138160706,
0.18838778138160706,
0.18838778138160706,
0.18838778138160706,
0.18838778138160706,
0.18838778138160706,
0.18838778138160706,
0.18838778138160706,
0.18838778138160706,
0.18838778138160706,
0.18838778138160706,
0.18838778138160706,
0.18838778138160706,
0.18838778138160706,
0.18838778138160706,
0.18838778138160706,
0.18838778138160706,
0.18838778138160706,
0.18838778138160706,
0.18838778138160706,
0.18838778138160706,
0.18838778138160706,
0.18838778138160706,
0.18838778138160706,
0.18838778138160706,
0.18838778138160706,
0.18838778138160706,
0.18838778138160706,
0.18838778138160706,
0.18838778138160706,
0.18838778138160706,
0.18838778138160706,
0.18838778138160706,
0.18838778138160706,
0.18838778138160706,
0.18838778138160706,
0.18838778138160706,
0.18838778138160706,
0.18838778138160706,
0.18838778138160706,
0.18838778138160706,
0.18838778138160706,
0.18838778138160706,
0.18838778138160706,
0.18838778138160706,
0.18838778138160706,
0.18838778138160706,
0.18838778138160706,
0.18838778138160706,
0.18838778138160706,
0.18838778138160706,
0.18838778138160706,
0.18838778138160706,
0.18838778138160706,
0.18838778138160706
]
}