{
"epoch": [
1,
2,
3,
4,
5,
6,
7,
8,
9,
10,
11,
12,
13,
14,
15,
16,
17,
18,
19,
20,
21,
22,
23,
24,
25,
26,
27,
28,
29,
30,
31,
32,
33,
34,
35,
36,
37,
38,
39,
40,
41,
42,
43,
44,
45,
46,
47,
48,
49,
50,
51,
52,
53,
54,
55,
56,
57,
58,
59,
60,
61,
62,
63,
64,
65,
66,
67,
68,
69,
70,
71,
72,
73,
74,
75,
76,
77,
78,
79,
80,
81,
82,
83,
84,
85,
86,
87,
88,
89,
90,
91,
92,
93,
94,
95,
96,
97,
98,
99,
100
],
"recon_loss": [
0.2637144636798215,
0.2716389275216437,
0.2722561638076584,
0.2785645104073859,
0.2979905752392558,
0.29133125713893343,
0.3014129814389464,
0.3055472014012275,
0.30110990730198944,
0.3005479990274875,
0.2985745664540823,
0.2931425352762272,
0.29343904225857226,
0.2902983353509531,
0.27173827956249186,
0.2759376561099833,
0.25878878808640815,
0.276663575079534,
0.2770802289634556,
0.2795489616208262,
0.28621778782311974,
0.2702458175745877,
0.27013733015431984,
0.2801782097909358,
0.2747375136846072,
0.2668641654701976,
0.2797168179765924,
0.2821463238109242,
0.2807249287506203,
0.27871262562739385,
0.2674985369304558,
0.27105231776640015,
0.2709511487514942,
0.2714117308715721,
0.2727780667218295,
0.27289029723638064,
0.2762425673472417,
0.277343467458502,
0.2785280163024927,
0.26566074691809616,
0.2670172948341865,
0.27150398067065645,
0.26477868913056013,
0.27063986001076634,
0.272799705917185,
0.2679649281811404,
0.2699415242517149,
0.2791623833117547,
0.2609353700241485,
0.26699059195332714,
0.2672762777898219,
0.27030736324074983,
0.26224089384853067,
0.2695715380953504,
0.2668806223513244,
0.27848910666131355,
0.26666588945822284,
0.27216347277938546,
0.2606616337578018,
0.25756058948380606,
0.2666275861201348,
0.27244448390873993,
0.2591617157706967,
0.2769937964228841,
0.26483473723584955,
0.2569113989155014,
0.25624189322645013,
0.26658891199471113,
0.2702535932714289,
0.26942723544387076,
0.26819399966822044,
0.2680919441309842,
0.2644081022832301,
0.26446658914739435,
0.26514986505756133,
0.27763281704543474,
0.2637013105990051,
0.26040646859577726,
0.2571882777786874,
0.2589568251913244,
0.262562907361365,
0.2655758846115756,
0.2744776786534817,
0.2708084412983486,
0.26215895913638076,
0.27382114065157903,
0.26058017433463754,
0.26100040101385735,
0.26410194708929435,
0.269341523384119,
0.26190380345691333,
0.2709917041001382,
0.26560641109169303,
0.2723512262492985,
0.26173324689462585,
0.2760780265966019,
0.2601806161465583,
0.2701955282842958,
0.27127418463880365,
0.2790062268833061
],
"sspg_loss": [
15.976779801504952,
17.496975081307546,
11.282771674069492,
7.231199425536317,
7.736333351630669,
4.619626961745225,
3.644571982420884,
2.756290203565127,
1.963004019353297,
2.682890390420889,
2.9595606419947242,
2.2103417786684902,
1.6940310713532682,
1.6567217560557577,
1.5412999964379646,
1.7836609289243623,
1.620451161613712,
1.6557473486120051,
1.3466128048958717,
1.192927417817054,
1.0100636869281918,
0.935934870274036,
1.2812977781543484,
0.9950916751638635,
1.1876074795599108,
1.1669536178762263,
1.1177572155153597,
0.9608919852739805,
1.0515619206738163,
1.2370957848313566,
1.1927298137119837,
1.0842815312472256,
0.9493589741843087,
0.9444783964714447,
0.965800158389203,
1.2424550753135186,
1.0034157455741586,
0.9367103762440867,
1.0152145469343508,
0.9473276262159471,
0.9435240843079307,
0.8133660338141702,
0.9093253751853844,
0.8552423560774172,
0.9053042020116534,
0.8307929217041313,
1.2254826310393099,
0.857291503386064,
0.9376497686683357,
0.9077161167349134,
1.0839597017734082,
0.8551660265241351,
0.8585505733242282,
0.9150799102597422,
1.0096197747564934,
0.9825021880013602,
0.9053567090591828,
0.7908895836248027,
1.0366737261995094,
0.812166018145425,
1.0672732475516085,
0.8928300134547345,
0.8461584270774544,
0.9644147560193941,
0.765895447173676,
0.9364263376632294,
0.9514649502642742,
1.0114690065383911,
0.9309692274440419,
0.9046521945433184,
0.931322316844742,
0.8925159519368951,
0.9723989235890376,
0.7103201568900764,
0.944250032499239,
0.8476899308817727,
0.8561730106155594,
0.975294216112657,
0.8840755456453794,
0.8751700884336001,
0.947305145201745,
0.8931823860515248,
0.8364502129616675,
0.9722322519723471,
0.8141861867595028,
0.9047104290553502,
0.9026031153542655,
0.8166481659009859,
0.8964919428546707,
1.051637092194,
0.7434753930413878,
0.9452443575704252,
0.8479375123203575,
1.139229898328905,
0.8525107986741252,
1.0468987907682146,
0.7822821597000221,
0.9078719708826635,
0.9320118976877881,
0.7931720157722374
],
"di_loss": [
14.726364265788686,
14.98385578006893,
8.367384774344307,
6.082239819811536,
5.479498535007625,
3.2719655067889724,
6.901152245410077,
3.031429727356155,
2.9615065246433407,
3.2407466962740017,
2.1226508865108737,
2.7996462382279432,
2.5581817626953125,
2.020196087174601,
2.6936629561634806,
2.2285186749000054,
1.9026566112970378,
1.7715340403767375,
1.5432058216689468,
1.4170953762995733,
1.3311631524717653,
1.0603925562524177,
1.488749627943163,
1.027347801567672,
1.311859044935796,
1.289826789459625,
1.1018205525039078,
1.3641502377274748,
1.132783536787157,
1.068241724720249,
1.2003640230599937,
1.2322499984270567,
1.2603100306027895,
0.9207853667147747,
1.006107438694347,
1.011024691841819,
1.0639515108876414,
0.965616267996949,
1.0390833918150368,
0.9326371883417105,
0.9694113429490622,
1.024646669239193,
0.990694213997234,
0.9492742597282707,
0.9221000965539511,
0.8943120953324554,
1.0117199784749513,
0.8724407592377106,
0.9118775330580674,
1.0414935768424691,
0.7454541271383112,
0.8731102037739444,
1.0267151872833054,
0.9733755929129464,
1.0664405327338677,
0.8575238523545203,
0.835820577361367,
0.8573363647832499,
0.8702959557632347,
0.9579706954491602,
0.9040562982683058,
0.9767685865426993,
0.8035248099983513,
0.9015391995380451,
0.9203862934917598,
0.9757457352303839,
1.0555217250601037,
1.1654971156801497,
0.7934833114797418,
1.0134565876675892,
0.9660998474467885,
0.836106284872278,
0.7850436808226945,
1.011432317944316,
0.9647274814642869,
1.0228680945062019,
0.9027704480406525,
1.1722091064824687,
0.7858328958610435,
0.8719924487076797,
0.9334428852254694,
0.9211719779225139,
1.0121017144871998,
0.8259315374609711,
0.9276883137690557,
0.9409052164523632,
1.0074879654816218,
0.8264043253737611,
0.8874842013631549,
0.7973890660645125,
0.8228988206231749,
0.8057735105613609,
0.7899484231874541,
0.9222034270113165,
0.8483022126284513,
0.9319037949884093,
0.886481652012119,
1.0119582910042304,
0.9740623452446677,
0.9088452141006271
],