{
"epoch": [
1,
2,
3,
4,
5,
6,
7,
8,
9,
10,
11,
12,
13,
14,
15,
16,
17,
18,
19,
20,
21,
22,
23,
24,
25,
26,
27,
28,
29,
30,
31,
32,
33,
34,
35,
36,
37,
38,
39,
40,
41,
42,
43,
44,
45,
46,
47,
48,
49,
50,
51,
52,
53,
54,
55,
56,
57,
58,
59,
60,
61,
62,
63,
64,
65,
66,
67,
68,
69,
70,
71,
72,
73,
74,
75,
76,
77,
78,
79,
80,
81,
82,
83,
84,
85,
86,
87,
88,
89,
90,
91,
92,
93,
94,
95,
96,
97,
98,
99,
100
],
"train_loss": [
3.3917249487592027,
3.577330576909053,
2.2948396236865554,
1.6673033949616667,
1.6768126921220259,
1.137622858796801,
1.4131947399733902,
0.9415855438678296,
0.8508336156993718,
0.9501937875499973,
0.8640414700879679,
0.851408229245768,
0.7759710519344776,
0.7152763334187594,
0.7523864863754867,
0.7341702719787498,
0.6680663820210989,
0.6764298692926184,
0.6232393267866853,
0.5977866169694183,
0.5775582689743537,
0.5270687635842856,
0.6042917154052041,
0.5395696147695764,
0.581837616183541,
0.5697296989428533,
0.5588948680208875,
0.5719039533045385,
0.5564295947551727,
0.5665116248192725,
0.5640792807975372,
0.560013454455834,
0.5493431025511258,
0.51559671217745,
0.5278251047258253,
0.5562236223902021,
0.5410647214233101,
0.5257554805123961,
0.5422126209581053,
0.5119277920041766,
0.5165766075059965,
0.5135734955985825,
0.5130777064855997,
0.5093872222033414,
0.5137892601551948,
0.4986559675111399,
0.5518099433415896,
0.5102710894175938,
0.5040303267441787,
0.5200648865142425,
0.5083568576094392,
0.5012546050084101,
0.508879243940502,
0.5165345544938917,
0.5325919126535391,
0.52056882675592,
0.4988483229240814,
0.4950435753766592,
0.5094570401427033,
0.49271788883518863,
0.5219575089293641,
0.5176367573923879,
0.48239533235500387,
0.5218993053807841,
0.491823955789789,
0.5065430232456752,
0.515378187229107,
0.5427316117596317,
0.5011454441330649,
0.51969111855928,
0.516390111539271,
0.49940849202019827,
0.4986157301184419,
0.4950939989709235,
0.5145009036188002,
0.5231353609592884,
0.49803865459058194,
0.5335997451435436,
0.4826310873031616,
0.49213264514873556,
0.5091114872461789,
0.5054908650262016,
0.5178160740957631,
0.5091118278441491,
0.49483735685224656,
0.516876027181551,
0.5100793219231939,
0.48379396153734877,
0.5009921502757382,
0.5127385169654698,
0.47703599155723275,
0.5045900824782136,
0.4878935078521828,
0.5369937357964454,
0.4903132292357358,
0.5324563035717258,
0.4855558090395742,
0.5206802224184012,
0.5203854666127787,
0.5077128309708137
],
"val_loss": [
0.2949715256690979,
0.30074575543403625,
0.3077410161495209,
0.3132690489292145,
0.31675708293914795,
0.3198387324810028,
0.32336947321891785,
0.32308608293533325,
0.32089361548423767,
0.3130542039871216,
0.30795493721961975,
0.30436331033706665,
0.29793187975883484,
0.290079802274704,
0.2841150164604187,
0.28299257159233093,
0.28487810492515564,
0.28771188855171204,
0.2932621240615845,
0.2910156846046448,
0.29044944047927856,
0.2894611656665802,
0.2902764678001404,
0.290144681930542,
0.28961852192878723,
0.28960561752319336,
0.2901216149330139,
0.291506826877594,
0.29181814193725586,
0.2918036878108978,
0.2895875573158264,
0.2890995144844055,
0.29099228978157043,
0.29555970430374146,
0.2950856387615204,
0.2938224673271179,
0.29149025678634644,
0.2868737578392029,
0.28901809453964233,
0.28575000166893005,
0.28086620569229126,
0.2825770080089569,
0.27798810601234436,
0.28078514337539673,
0.2815141975879669,
0.2840438187122345,
0.2844184637069702,
0.2829365134239197,
0.28375741839408875,
0.28142574429512024,
0.2829461395740509,
0.282409131526947,
0.28174638748168945,
0.2810543179512024,
0.2805253267288208,
0.2803366482257843,
0.2798515856266022,
0.27636370062828064,
0.2803986966609955,
0.27780118584632874,
0.2752646505832672,
0.2749122679233551,
0.2759357988834381,
0.2763158082962036,
0.27779170870780945,
0.27636364102363586,
0.2751013934612274,
0.27614760398864746,
0.2749015688896179,
0.2738856077194214,
0.2765873372554779,
0.27560368180274963,
0.27362173795700073,
0.2751844823360443,
0.275199830532074,
0.2758808135986328,
0.27587300539016724,
0.2752646803855896,
0.2747842073440552,
0.2753024995326996,
0.2771925628185272,
0.27551934123039246,
0.27449747920036316,
0.2743798792362213,
0.27558234333992004,
0.2759929299354553,
0.27647605538368225,
0.28035470843315125,
0.27715030312538147,
0.2754814028739929,
0.2752136290073395,
0.2745465636253357,
0.27435508370399475,
0.27461516857147217,
0.2749517261981964,
0.27516549825668335,
0.2751568555831909,
0.27502164244651794,
0.27501922845840454,
0.2752741873264313
]
}