meta_feature,sspg_importance,di_importance
p10,0.18163663960126492,0.4084542508712968
p26,0.3198885987789023,0.3392796280773507
absdiff,0.4984747616198329,0.2522661210513525
