{
"epoch": [
1,
2,
3,
4,
5,
6,
7,
8,
9,
10,
11,
12,
13,
14,
15,
16,
17,
18,
19,
20,
21,
22,
23,
24,
25,
26,
27,
28,
29,
30,
31,
32,
33,
34,
35,
36,
37,
38,
39,
40,
41,
42,
43,
44,
45,
46,
47,
48,
49,
50,
51,
52,
53,
54,
55,
56,
57,
58,
59,
60,
61,
62,
63,
64,
65,
66,
67,
68,
69,
70,
71,
72,
73,
74,
75,
76,
77,
78,
79,
80,
81,
82,
83,
84,
85,
86,
87,
88,
89,
90,
91,
92,
93,
94,
95,
96,
97,
98,
99,
100
],
"recon_loss": [
0.16358538997637762,
0.16165965002078514,
0.20839038278375352,
0.20190320696149552,
0.2049251181351674,
0.17935657056121082,
0.17991601762833534,
0.18317172608592294,
0.1836367342379186,
0.18540586473105788,
0.1921450375736534,
0.21483056518164548,
0.1852103972976858,
0.19885078343478116,
0.19358751739000346,
0.19084937077064018,
0.20697634309143215,
0.19909483484633558,
0.17838766977384493,
0.1904543839491807,
0.17006890262876237,
0.16657933399274752,
0.17585848407311874,
0.18367403068325736,
0.18223187133863375,
0.1824758645001944,
0.17529090503593545,
0.18951604389525079,
0.17763768813826822,
0.167630024738126,
0.18547765794512514,
0.1624071868983182,
0.1471696983684193,
0.161116811749223,
0.17418802945644823,
0.17004916246061202,
0.15555356055885167,
0.15575699721063888,
0.16077934882857584,
0.1698298883902562,
0.14553659883412448,
0.15829293371795058,
0.16862801859131107,
0.14647318035751195,
0.14342942292040045,
0.1519267088794089,
0.16298211878770358,
0.15832634850755914,
0.15032893728900265,
0.16417225846996555,
0.14951146364986123,
0.1525944107538694,
0.14592174256776835,
0.16424580440892803,
0.14859474111687054,
0.16017247494552042,
0.16311459688397198,
0.14794409197646302,
0.1506915959444913,
0.14434491368857297,
0.17426487764754853,
0.14723857076137098,
0.1618454922716339,
0.16320448301055215,
0.15086388046091254,
0.1564369083611996,
0.13948676691620382,
0.14337052559697783,
0.1434687917882746,
0.1782781615272745,
0.1611450809937019,
0.15377406505021182,
0.12542358756839456,
0.15712154743733345,
0.14741274772526383,
0.1483304016775899,
0.16762182503551631,
0.15921218770665008,
0.15993237785704725,
0.15276838084319969,
0.14976900796611586,
0.15932599213216211,
0.14356298144761617,
0.16004334428867736,
0.1603430538595497,
0.1371156121422718,
0.14314321612382863,
0.14462512586410944,
0.16133375465869904,
0.16038867831230164,
0.152537193487991,
0.1449357331186146,
0.17327104489524642,
0.16641064936464484,
0.14383255835477407,
0.15198235852377756,
0.1458865711828331,
0.1580040505180111,
0.16305686127055774,
0.1596456996419213
],
"sspg_loss": [
8.859647676542208,
5.5156129103202325,
6.250522904581838,
6.395288801812506,
4.527013270885913,
4.734767195466277,
5.177024996125853,
3.5321683790776635,
2.436475298621438,
1.9022108177085975,
2.13630042912124,
1.1429710357220142,
1.4817220111946008,
1.9264586622064763,
1.5380979884754529,
1.7220194153971486,
1.5098660332815987,
1.0805853527861755,
1.406322751726423,
1.3122328937827767,
1.304457669134264,
1.5031877833527405,
1.170089924490297,
1.00109136259401,
1.2544178699518178,
1.607756252412672,
1.2663904382036877,
1.1211242176495588,
0.9907209068149715,
0.9367149836057193,
1.0973125309139102,
1.0581463792107322,
0.9143280007622459,
0.9166133504409295,
1.1696416023489717,
0.9198475812936758,
0.9253992198349593,
0.9788790910274952,
1.1140463243831287,
1.2297752275095357,
0.9976986491834963,
1.328256321417821,
1.066221791428405,
1.2656861768140422,
0.9149982503482273,
0.8201378909024325,
0.9724314088945265,
1.0443343698204337,
0.9847212952452821,
0.9325458268066505,
0.9603255305971418,
0.842340033549767,
0.9230410185727206,
0.9589568748102559,
0.8827249523881194,
0.8835868169735004,
0.956897918280069,
0.7872360681558584,
0.9533809632449955,
0.9228139558395783,
0.7333558155344678,
0.82290015282569,
0.847237347008346,
0.9358600679930155,
0.8572991854184634,
0.8001808415759694,
0.9062474555783457,
0.8038329830417386,
0.706646397516325,
0.9354414521873772,
0.9213543836172525,
0.8805059442272434,
0.80595090598255,
1.0580861042072247,
0.808965616411977,
0.9328977767523233,
0.962772229275146,
0.7889016940222158,
1.2619338809669791,
0.8859675425987739,
0.8485613047302544,
0.8348777456717058,
0.9536266861023841,
0.8070100019504498,
0.8944516909586919,
0.78017712955351,
0.7475971896927078,
0.7953336471086973,
1.0123269039315064,
0.6932758054175934,
0.9758289874374092,
0.8201111601544665,
0.8210558682293086,
0.8821412711948543,
0.8682645334825887,
0.8371928473571678,
0.8813326203977907,
0.8032711465637405,
0.8365276744226356,
0.8155185835702079
],
"di_loss": [
29.735114246219783,
8.733117989131383,
7.341218700656643,
6.126347179536696,
5.497283142882508,
2.915616855992899,
3.172054166917677,
2.4297647600050096,
2.345678640650464,
1.9422130894351315,
2.558876319365068,
1.5373345458662355,
1.747406058497243,
2.1830111231122697,
1.9611074212309603,
1.186337861147794,
1.5288479560381407,
1.400839139888813,
1.2357158738297302,
1.2875328652270428,
1.2997809447251356,
1.325070656739272,
1.1194465237778504,
1.1834866110380593,
1.1721115360012302,
1.3369188293234093,
1.1996630941118513,
0.9936438969203404,
0.9607897207334444,
1.3329363178897213,
1.1725846227113303,
1.0137674762057018,
1.3696273952335507,
1.01322901016706,
1.0314134792848066,
0.8497235302801256,
0.9855565657089282,
0.9724704661926666,
0.7096436805539317,
1.040425147329058,
1.046260249305081,
1.2208948336638414,
1.1472681404708267,
0.9860474180865597,
0.979045378697383,
0.9044955426996405,
0.8225245893775642,
0.8432879509863915,
1.0344360207582448,
0.9975284732781448,
0.8728141614368984,
0.9125601827324211,
0.9777951333429906,
0.9337362198086528,
0.8942651663507734,
0.8659325280746857,
0.8673436239168242,
0.8050848152730372,
0.7972099254657696,
0.8429797671057961,
0.9977089460794027,
0.9163530492163324,
0.7103819196874445,
0.7728229567602083,
1.036726885801786,
1.020894329269211,
0.8412811976748628,
0.7987413870823847,
0.9304602277743352,
0.863677805894381,
0.9852145786409254,
0.9030756184032985,
0.8371786266178279,
0.8211784858208198,
0.8342797597507378,
0.8079408414952167,
0.9160508242520419,
0.9682459219709619,
1.0381978456076089,
0.9486071475140461,
0.9686715989917903,
0.8290798215122966,
0.8081967010126485,
0.8349649139813015,
0.9775352052279881,
0.7353865488783106,
0.8731542748290223,
1.0045575027341966,
0.8885734027082269,
0.8237102496159541,
0.8980949954553084,
0.957567337271455,
0.7943922528972873,
0.8969436256916492,
0.9212092552092168,
0.7784290286627683,
0.7936879156471847,
0.8156690605275043,
0.8450335070684358,
0.8130942598565832
],