{
  "sspg": {
    "rmse": 69.39389085333782,
    "mae": 49.599096086290146,
    "r2": -0.05604693343051692,
    "pearson_r": -0.17944905703125863,
    "pearson_p": 0.2949950243844088,
    "spearman_r": -0.015258505574144989,
    "spearman_p": 0.9296183250459925,
    "n": 36
  },
  "di": {
    "rmse": 0.8763247198928229,
    "mae": 0.7902605831623077,
    "r2": -1.1332584155955292,
    "pearson_r": 0.13448343107493047,
    "pearson_p": 0.676896677173296,
    "spearman_r": 0.46882089062384497,
    "spearman_p": 0.12419068801206361,
    "n": 12
  }
}