{
"epoch": [
1,
2,
3,
4,
5,
6,
7,
8,
9,
10,
11,
12,
13,
14,
15,
16,
17,
18,
19,
20,
21,
22,
23,
24,
25,
26,
27,
28,
29,
30,
31,
32,
33,
34,
35,
36,
37,
38,
39,
40,
41,
42,
43,
44,
45,
46,
47,
48,
49,
50,
51,
52,
53,
54,
55,
56,
57,
58,
59,
60,
61,
62,
63,
64,
65,
66,
67,
68,
69,
70,
71,
72,
73,
74,
75,
76,
77,
78,
79,
80,
81,
82,
83,
84,
85,
86,
87,
88,
89,
90,
91,
92,
93,
94,
95,
96,
97,
98,
99,
100
],
"train_loss": [
19.96824710200152,
5.568684806973915,
4.127081638246071,
2.9403979177550066,
2.1672213227730097,
1.6924580645373488,
1.3154670469404206,
1.353204804142629,
1.482055568319606,
1.5336743893585807,
1.3869001893546637,
1.408164090058935,
1.4446476144114817,
1.3824045855229294,
1.4247939201790516,
1.399350754858002,
1.3818085240566824,
1.4455928520893488,
1.4287512480743287,
1.3495558021575447,
1.5240909790429544,
1.4024699916989785,
1.4820077372348215,
1.4795006335250975,
1.4697167910928801,
1.559381775030001,
1.6061895916781088,
1.6412302875143336,
1.6401593225208793,
1.60344956709644,
1.471979489476662,
1.5757154479740172,
1.60920855848808,
2.157026203598563,
1.9934020211377481,
2.0563370674613894,
2.25828594673337,
2.405747565697497,
2.309759832742646,
2.6291219962863472,
2.657396324037567,
2.9015442104790155,
2.758756108171358,
2.830963957028126,
3.228665081534799,
3.3368694819803313,
3.638761456557146,
3.832803455863412,
4.323729590168149,
4.742017505675789,
4.621296454602339,
5.401749445697454,
5.187778600557583,
6.0584545248136745,
6.126127498356376,
6.068148410226416,
7.041764120417317,
6.3733563648434135,
6.62627583225881,
8.149911797891452,
8.20998297713873,
9.961030900009035,
9.134685846764272,
9.575629774979719,
12.152735792745755,
10.741498316366842,
9.414144433389499,
10.515418368061697,
12.440672821885958,
12.404246570557122,
12.164114734319252,
15.877443373672605,
17.27180793341689,
14.162913622818595,
14.565993744557298,
17.29625659852516,
19.377940125352755,
21.563882242037554,
21.780425334539938,
22.724116438017116,
24.120764920092004,
22.83400406424455,
26.104610788540576,
27.31352191834938,
26.233729535200464,
24.83919906616211,
27.159889296283872,
29.38337081248366,
30.636878531748856,
30.99009459788405,
32.684172562726836,
34.74807303721511,
35.577515940027915,
37.61748510646069,
38.26815444465697,
39.81822727233406,
41.593766340120574,
44.11345828799751,
44.93664959284264,
43.0606403501015
],
"val_loss": [
0.9432117938995361,
0.7661805152893066,
0.5917677283287048,
0.5682079792022705,
0.46192851662635803,
0.4391513168811798,
0.4467458128929138,
0.503227710723877,
0.5329712629318237,
0.4590740203857422,
0.38972577452659607,
0.3581402897834778,
0.3779488503932953,
0.35664722323417664,
0.3392159342765808,
0.3339269757270813,
0.3422934412956238,
0.3848322331905365,
0.3595637083053589,
0.4748941659927368,
0.3583652973175049,
0.3669988811016083,
0.41851431131362915,
0.3761918842792511,
0.35244208574295044,
0.3254564106464386,
0.3144049048423767,
0.3094078302383423,
0.33895143866539,
0.38066020607948303,
0.32223597168922424,
0.31356897950172424,
0.28266119956970215,
0.41754284501075745,
0.29505011439323425,
0.3029592037200928,
0.3999160826206207,
0.2977243661880493,
0.4678156077861786,
0.4015938639640808,
0.3283954858779907,
0.3490554988384247,
0.3162200450897217,
0.3240763545036316,
0.3728315830230713,
0.305894136428833,
0.4556080102920532,
0.31744810938835144,
0.36293545365333557,
0.3187922239303589,
0.33513957262039185,
0.3597911298274994,
0.3113067150115967,
0.2796342670917511,
0.37453606724739075,
0.303652822971344,
0.28562459349632263,
0.4105755090713501,
0.3270348608493805,
0.3995998501777649,
0.40266311168670654,
0.35465139150619507,
0.317965567111969,
0.29019394516944885,
0.3464507460594177,
0.3934258222579956,
0.3347901403903961,
0.26610541343688965,
0.2772303819656372,
0.3616778254508972,
0.27786728739738464,
0.2933650314807892,
0.36152181029319763,
0.36163341999053955,
0.3048310875892639,
0.27108341455459595,
0.3154005706310272,
0.3149622976779938,
0.2701702415943146,
0.2497309446334839,
0.29937058687210083,
0.29883086681365967,
0.3357086777687073,
0.2892615795135498,
0.41936594247817993,
0.2916322946548462,
0.30154356360435486,
0.24327467381954193,
0.3117183744907379,
0.2508566379547119,
0.21482200920581818,
0.24605561792850494,
0.18001416325569153,
0.1956084966659546,
0.20101536810398102,
0.21637430787086487,
0.1951366811990738,
0.1785276085138321,
0.25988489389419556,
0.21702760457992554
]
}