{
  "n": 20,
  "pearson_r": 0.7481473471470559,
  "pearson_p": 0.00014860313279221687,
  "spearman_r": 0.7293233082706766,
  "spearman_p": 0.00026350691768615617,
  "r2": 0.22012024301008803,
  "rmse": 70.49005529654397,
  "mae": 51.59510615106897
}