{
  "n": 16,
  "pearson_r": 0.6676145249914772,
  "pearson_p": 0.004714748346398901,
  "spearman_r": 0.6617647058823529,
  "spearman_p": 0.0052337533013275045,
  "r2": 0.0984692816304864,
  "rmse": 0.688379817901192,
  "mae": 0.5983067645675115
}