{
  "n": 20,
  "pearson_r": 0.6391914066903734,
  "pearson_p": 0.0024118943221172343,
  "spearman_r": 0.732330827067669,
  "spearman_p": 0.00024121635708852904,
  "r2": 0.10561980250815417,
  "rmse": 75.48751255856692,
  "mae": 66.98620582447121
}