{
  "sspg": {
    "spearman_r": 0.4285714285714286,
    "rmse": NaN,
    "n": 6
  },
  "di": {
    "spearman_r": -0.08571428571428573,
    "rmse": NaN,
    "n": 6
  }
}