{
"epoch": [
1,
2,
3,
4,
5,
6,
7,
8,
9,
10,
11,
12,
13,
14,
15,
16,
17,
18,
19,
20,
21,
22,
23,
24,
25,
26,
27,
28,
29,
30,
31,
32,
33,
34,
35,
36,
37,
38,
39,
40,
41,
42,
43,
44,
45,
46,
47,
48,
49,
50,
51,
52,
53,
54,
55,
56,
57,
58,
59,
60,
61,
62,
63,
64,
65,
66,
67,
68,
69,
70,
71,
72,
73,
74,
75,
76,
77,
78,
79,
80,
81,
82,
83,
84,
85,
86,
87,
88,
89,
90,
91,
92,
93,
94,
95,
96,
97,
98,
99,
100
],
"recon_loss": [
5.510553948290936,
2.8471787316458568,
2.424399971961975,
2.137505983377432,
1.6107704902624156,
1.434151647926925,
1.4600466822648976,
1.4006845331811286,
1.404278280673089,
1.1435399667009132,
0.936055428021914,
0.9062275127931074,
0.923035312008548,
0.8811858958238131,
0.8729774092699026,
0.8571365839475161,
0.7880986000036264,
0.7687396376163929,
0.7411032342291498,
0.6885798542530506,
0.6418515242539443,
0.6201201441226067,
0.5813871420823135,
0.5679065647063317,
0.5455409702542541,
0.5231127607357966,
0.5334197066046975,
0.52313847433437,
0.5310996724413587,
0.48781348358501087,
0.5028492908973199,
0.49877025051550433,
0.4708301873950215,
0.4534606260138673,
0.4736581080919736,
0.4691185277777833,
0.4712457440116189,
0.45158926194364374,
0.46046574742763074,
0.45312404826089936,
0.4572809950097815,
0.43190481910457856,
0.42941413993959304,
0.4155168111448164,
0.4096000833170755,
0.4118972560027977,
0.39991084747500233,
0.3806967684974918,
0.3832834924196268,
0.39408852759893837,
0.3766024809379082,
0.37990107009937235,
0.3750048326207446,
0.3674836921227443,
0.36018925711706085,
0.3871647266598491,
0.36714984457214156,
0.36974423504495,
0.375090233691327,
0.3623577793697258,
0.3433812775395133,
0.3697002266908621,
0.3630015261761554,
0.35729411244392395,
0.37459761717102746,
0.3765420882732837,
0.3664007235270042,
0.3700344345786355,
0.361552981780721,
0.3667429894595951,
0.3806486164594626,
0.3692374322321508,
0.36248077935986706,
0.3563252269447624,
0.3261559818472181,
0.3416165473399224,
0.3464118799605927,
0.34584053034906265,
0.3525950420986522,
0.34040687417055104,
0.3381073741943805,
0.3326812171703809,
0.3196263328775183,
0.3415752002945194,
0.31762517446821387,
0.35934427690196347,
0.3250690710234952,
0.33402283160717455,
0.31999517377320824,
0.34060985546607475,
0.33015550460134235,
0.3248636931567997,
0.3356330247668477,
0.32022500850937585,
0.33161267405980593,
0.33375180580399255,
0.31034314206668306,
0.3344170249901809,
0.31803971722528535,
0.3233499376030711
],
"sspg_loss": [
0.0,
0.0,
0.0,
0.0,
0.0,
0.0,
0.0,
0.0,
0.0,
0.0,
0.0,
0.0,
0.0,
0.0,
0.0,
0.0,
0.0,
0.0,
0.0,
0.0,
0.0,
0.0,
0.0,
0.0,
0.0,
0.0,
0.0,
0.0,
0.0,
0.0,
0.0,
0.0,
0.0,
0.0,
0.0,
0.0,
0.0,
0.0,
0.0,
0.0,
0.0,
0.0,
0.0,
0.0,
0.0,
0.0,
0.0,
0.0,
0.0,
0.0,
0.0,
0.0,
0.0,
0.0,
0.0,
0.0,
0.0,
0.0,
0.0,
0.0,
0.0,
0.0,
0.0,
0.0,
0.0,
0.0,
0.0,
0.0,
0.0,
0.0,
0.0,
0.0,
0.0,
0.0,
0.0,
0.0,
0.0,
0.0,
0.0,
0.0,
0.0,
0.0,
0.0,
0.0,
0.0,
0.0,
0.0,
0.0,
0.0,
0.0,
0.0,
0.0,
0.0,
0.0,
0.0,
0.0,
0.0,
0.0,
0.0,
0.0
],
"di_loss": [
0.0,
0.0,
0.0,
0.0,
0.0,
0.0,
0.0,
0.0,
0.0,
0.0,
0.0,
0.0,
0.0,
0.0,
0.0,
0.0,
0.0,
0.0,
0.0,
0.0,
0.0,
0.0,
0.0,
0.0,
0.0,
0.0,
0.0,
0.0,
0.0,
0.0,
0.0,
0.0,
0.0,
0.0,
0.0,
0.0,
0.0,
0.0,
0.0,
0.0,
0.0,
0.0,
0.0,
0.0,
0.0,
0.0,
0.0,
0.0,
0.0,
0.0,
0.0,
0.0,
0.0,
0.0,
0.0,
0.0,
0.0,
0.0,
0.0,
0.0,
0.0,
0.0,
0.0,
0.0,
0.0,
0.0,
0.0,
0.0,
0.0,
0.0,
0.0,
0.0,
0.0,
0.0,
0.0,
0.0,
0.0,
0.0,
0.0,
0.0,
0.0,
0.0,
0.0,
0.0,
0.0,
0.0,
0.0,
0.0,
0.0,
0.0,
0.0,
0.0,
0.0,
0.0,
0.0,
0.0,
0.0,
0.0,
0.0,
0.0
],
"si_cv": [
0.011543764732778072,
0.002509946934878826,
0.009412089362740517,
0.01635860651731491,
0.023381361737847328,
0.013621441088616848,
0.03641428425908089,
0.04523105174303055,
0.028180627152323723,
0.02093810774385929,
0.03195158764719963,
0.042578745633363724,
0.05567966774106026,
0.07623787969350815,
0.09007909148931503,
0.1104750707745552,
0.13410279154777527,
0.1533251404762268,
0.17622552812099457,
0.20000797510147095,
0.21874350309371948,
0.2381158024072647,
0.2586124837398529,
0.2833387553691864,
0.3087397813796997,
0.32638415694236755,
0.3432787358760834,
0.3541978597640991,
0.3613552451133728,
0.36440330743789673,
0.36426615715026855,
0.3589906692504883,
0.3460312485694885,
0.3336242139339447,
0.3199373185634613,
0.3161828815937042,
0.31834378838539124,
0.31435880064964294,
0.31343019008636475,
0.32288259267807007,
0.33160534501075745,
0.33943501114845276,
0.351765513420105,
0.36631232500076294,
0.373945415019989,
0.3725399672985077,
0.38573288917541504,
0.4130971133708954,
0.38983216881752014,
0.3691871762275696,
0.3371950089931488,
0.3437471389770508,
0.349139004945755,
0.35728228092193604,
0.39175617694854736,
0.37330567836761475,
0.386710524559021,
0.3832662105560303,
0.38892439007759094,
0.41708239912986755,
0.3893495202064514,
0.34412291646003723,
0.3557925224304199,
0.38657280802726746,
0.36101067066192627,
0.3641318082809448,
0.35936662554740906,
0.34329745173454285,
0.33871540427207947,
0.37129396200180054,
0.3817533552646637,
0.41574352979660034,
0.4760822355747223,
0.4314257800579071,
0.4310896694660187,
0.38435670733451843,
0.36874184012413025,
0.3712292015552521,
0.37533900141716003,
0.38082486391067505,
0.37818220257759094,
0.38015154004096985,
0.3932996690273285,
0.40253573656082153,
0.40367379784584045,
0.4155767261981964,
0.4053211510181427,
0.40240952372550964,
0.4093201160430908,
0.4174959361553192,
0.4176568388938904,
0.41153407096862793,
0.4056292772293091,
0.40279772877693176,
0.40353667736053467,
0.4018881916999817,
0.40022382140159607,
0.39989447593688965,
0.39961057901382446,
0.39969536662101746
],
"mi_cv": [
0.012725571170449257,
0.022483935579657555,
0.0309982318431139,
0.037858493626117706,
0.045762576162815094,
0.037374358624219894,
0.010444020852446556,
0.0113361906260252,
0.010813986882567406,
0.020712953060865402,
0.03645719215273857,
0.0452541783452034,
0.055770087987184525,
0.07344284653663635,
0.08541923761367798,
0.10320230573415756,
0.12400095164775848,
0.14088691771030426,
0.16144049167633057,
0.1829371303319931,
0.20035532116889954,
0.21791592240333557,
0.2365666627883911,
0.2585069537162781,
0.28020113706588745,
0.29617682099342346,
0.31146401166915894,
0.32122424244880676,
0.3274141252040863,
0.3289507329463959,
0.32847511768341064,
0.3244972229003906,
0.31357020139694214,
0.301888644695282,
0.2887731194496155,
0.28496596217155457,
0.2861345708370209,
0.28255563974380493,
0.28222936391830444,
0.2907992899417877,
0.2989991307258606,
0.30539679527282715,
0.31688329577445984,
0.3309629559516907,
0.3388203978538513,
0.3367858827114105,
0.3510725796222687,
0.3772714138031006,
0.35610252618789673,
0.3392094373703003,
0.30907154083251953,
0.3149794638156891,
0.3195723593235016,
0.3271665573120117,
0.3596456050872803,
0.34180888533592224,
0.3551935851573944,
0.3519681990146637,
0.3566362261772156,
0.38279440999031067,
0.35825076699256897,
0.3157210052013397,
0.3267472982406616,
0.3553021550178528,
0.33125588297843933,
0.33368486166000366,
0.3291992247104645,
0.31401434540748596,
0.30937114357948303,
0.33852797746658325,
0.3457353711128235,
0.37222450971603394,
0.41975703835487366,
0.3835046887397766,
0.38306134939193726,
0.34545689821243286,
0.3325054943561554,
0.3353565037250519,
0.33932048082351685,
0.3447234630584717,
0.3426285684108734,
0.3443416357040405,
0.3563380539417267,
0.36457616090774536,
0.36541804671287537,
0.3766663670539856,
0.3668525516986847,
0.3637937009334564,
0.37010297179222107,
0.37768933176994324,
0.37778526544570923,
0.37197980284690857,
0.3664921820163727,
0.36377429962158203,
0.36450546979904175,
0.3630444407463074,
0.36145302653312683,
0.3611285090446472,
0.3608357012271881,
0.36088863015174866
]
}