{
"epoch": [
1,
2,
3,
4,
5,
6,
7,
8,
9,
10,
11,
12,
13,
14,
15,
16,
17,
18,
19,
20,
21,
22,
23,
24,
25,
26,
27,
28,
29,
30,
31,
32,
33,
34,
35,
36,
37,
38,
39,
40,
41,
42,
43,
44,
45,
46,
47,
48,
49,
50,
51,
52,
53,
54,
55,
56,
57,
58,
59,
60,
61,
62,
63,
64,
65,
66,
67,
68,
69,
70,
71,
72,
73,
74,
75,
76,
77,
78,
79,
80,
81,
82,
83,
84,
85,
86,
87,
88,
89,
90,
91,
92,
93,
94,
95,
96,
97,
98,
99,
100
],
"train_loss": [
200.50871316488687,
34.962075790801606,
11.105572762427393,
5.737209406766024,
3.470648542627112,
2.3919448388087283,
2.3364811067457323,
2.4361889826786984,
2.529585534876043,
1.8823830880127943,
1.596729495308616,
3.319620466851569,
2.2006061293862085,
1.740190010566216,
1.6006728333312195,
1.3958774356098917,
1.4718152516848082,
1.3381578690045839,
1.1676288355480542,
1.1163442475455148,
1.0579272276395326,
0.9860300088857675,
0.8108170295690561,
0.7860433915992836,
0.8852220556952737,
1.0202717812030346,
0.8013354214754972,
0.846118442423932,
0.7364362137658256,
0.6896516990351986,
0.7141974312918526,
0.7601596504062801,
0.7057970700325904,
0.8145259138825652,
0.8029333515600725,
0.6803870340446373,
0.8020324892811961,
0.8733814707050076,
0.686121843852006,
0.6175591748256188,
0.7340927433657956,
0.5805049639243585,
0.5908354017641637,
0.5968338367226836,
0.6278811886713103,
0.7516747333786704,
0.5091358330342677,
0.48194881693109287,
0.5141852145845239,
0.5159081956008812,
0.5311991464007985,
0.49552424232681075,
0.5620703170825909,
0.7814617079573792,
0.5195355639829264,
0.5711665726327276,
0.6827913677537596,
0.5517893340680506,
0.5078971556254795,
0.47699306382761375,
0.425715218890797,
0.4529591543333871,
0.46912218533553085,
0.4327071285867072,
0.455412839527254,
0.45432089056287495,
0.49998295074933535,
0.4589786467614112,
0.436789237059556,
0.45031993033049944,
0.4734179555595695,
0.4515961083498868,
0.44916650768998384,
0.48272586565513115,
0.42389495186991505,
0.4489214327428248,
0.4474637249073425,
0.44527731313333885,
0.4538459371436726,
0.4408325777425394,
0.44267665023927566,
0.4318739946012373,
0.41538101202481753,
0.4397662684514925,
0.4148122381854367,
0.4539463930315786,
0.42058772158313107,
0.42803763685288365,
0.4145979498113905,
0.4344434103408417,
0.42521735987105924,
0.4186945782079325,
0.4300632263932909,
0.41513835454916026,
0.42671250755136664,
0.4297801627741232,
0.40617781103431405,
0.43022392167673484,
0.41383179944831056,
0.4186795303573856
],
"val_loss": [
1.9728991985321045,
1.6147429943084717,
1.3459935188293457,
1.0339710712432861,
0.8621460199356079,
0.7743331789970398,
0.725446343421936,
0.6852546334266663,
0.6412715911865234,
0.5952525734901428,
0.5747506022453308,
0.5570778846740723,
0.5378077626228333,
0.5234063863754272,
0.5042286515235901,
0.4791845679283142,
0.4522745609283447,
0.42708873748779297,
0.40090417861938477,
0.37208184599876404,
0.35521823167800903,
0.3390851616859436,
0.3250574767589569,
0.3201618194580078,
0.3314741849899292,
0.30532026290893555,
0.2900063097476959,
0.2861103415489197,
0.2866249978542328,
0.2977510094642639,
0.31083711981773376,
0.29467853903770447,
0.2775918245315552,
0.2765856981277466,
0.2718506157398224,
0.27192920446395874,
0.28024181723594666,
0.27650171518325806,
0.26380079984664917,
0.262722909450531,
0.25679874420166016,
0.26202329993247986,
0.25897684693336487,
0.25601255893707275,
0.2576126158237457,
0.2481202930212021,
0.23497194051742554,
0.23513521254062653,
0.23033566772937775,
0.2334853708744049,
0.22503598034381866,
0.22565209865570068,
0.22729389369487762,
0.22126439213752747,
0.22708454728126526,
0.222829669713974,
0.22066359221935272,
0.21886686980724335,
0.21629996597766876,
0.22059094905853271,
0.2211548089981079,
0.2163408249616623,
0.21237733960151672,
0.21709588170051575,
0.21555589139461517,
0.22451676428318024,
0.22775356471538544,
0.22491692006587982,
0.22333291172981262,
0.23209615051746368,
0.22074078023433685,
0.21111443638801575,
0.2112073302268982,
0.21118903160095215,
0.20106221735477448,
0.20023281872272491,
0.20001323521137238,
0.1987774819135666,
0.19800449907779694,
0.19702410697937012,
0.19647958874702454,
0.19666585326194763,
0.1957031786441803,
0.1957237422466278,
0.19654566049575806,
0.1946582943201065,
0.19363254308700562,
0.19428075850009918,
0.19344933331012726,
0.19307714700698853,
0.19246022403240204,
0.19130314886569977,
0.19015243649482727,
0.18979564309120178,
0.1889406442642212,
0.18826009333133698,
0.1882072240114212,
0.18817901611328125,
0.18829451501369476,
0.18838778138160706
]
}