{
  "sspg": {
    "rmse": 119.56778054446634,
    "mae": 89.75154838562011,
    "r2": -1.300921585797325,
    "pearson_r": 0.013448378710322678,
    "pearson_p": 0.970586991560054,
    "spearman_r": -0.12158110873601292,
    "spearman_p": 0.7379379712336098,
    "n": 10
  },
  "di": {
    "rmse": 12.850875464541351,
    "mae": 11.274511836469173,
    "r2": -299.34172373631367,
    "pearson_r": 0.21899042064076008,
    "pearson_p": 0.602331694903339,
    "spearman_r": 0.07142857142857144,
    "spearman_p": 0.8665262706759088,
    "n": 8
  }
}