{
"epoch": [
1,
2,
3,
4,
5,
6,
7,
8,
9,
10,
11,
12,
13,
14,
15,
16,
17,
18,
19,
20,
21,
22,
23,
24,
25,
26,
27,
28,
29,
30,
31,
32,
33,
34,
35,
36,
37,
38,
39,
40,
41,
42,
43,
44,
45,
46,
47,
48,
49,
50,
51,
52,
53,
54,
55,
56,
57,
58,
59,
60,
61,
62,
63,
64,
65,
66,
67,
68,
69,
70,
71,
72,
73,
74,
75,
76,
77,
78,
79,
80,
81,
82,
83,
84,
85,
86,
87,
88,
89,
90,
91,
92,
93,
94,
95,
96,
97,
98,
99,
100
],
"train_loss": [
8.025971219091133,
0.9882613768671998,
0.6563508844021524,
0.479601510680548,
0.5294249765943773,
0.4477292724175028,
0.4289982804272435,
0.5526496372600593,
0.3911317232811805,
0.3738909700129292,
0.3637090725178766,
0.37987622854733233,
0.36892343039559844,
0.35788400249906105,
0.3351122955284496,
0.3360936919061264,
0.33263253059127545,
0.33427255519545906,
0.3311283824467423,
0.3294559646360945,
0.3233652362729063,
0.3231669239478536,
0.32044618053011376,
0.3075366725425909,
0.34180938430351787,
0.3079047231095852,
0.2984371294479559,
0.30561106674151844,
0.280138960716748,
0.2673862527797718,
0.2573836912022959,
0.24093601889539473,
0.24774348352215078,
0.35074553719841606,
0.2914859797104751,
0.340935277024118,
0.3672675130390885,
0.3483781386720072,
0.3743762881448953,
0.389884085938482,
0.3398555928822791,
0.2839789859729238,
0.41450217720305566,
0.41496654459745574,
0.44103107977621625,
0.3932173092766563,
0.39019791914684937,
0.36644277242150636,
0.44517338364431175,
0.43616197250857214,
0.36859959127879377,
0.4801505014742955,
0.4569589873351673,
0.35163429526999446,
0.3298815957980581,
0.3687299858815599,
0.35082297425458925,
0.34916338855677315,
0.3582240828488133,
0.357984729332499,
0.4011325800772941,
0.3992438555353939,
0.4238903516590005,
0.41029873844420556,
0.44924179811288817,
0.48799221911052665,
0.3660960675466179,
0.3689984888723581,
0.423511146023722,
0.3783258052155523,
0.5323869332228557,
0.41243784498460223,
0.4658468041089502,
0.4272856402515185,
0.35819123921417956,
0.39622795404774125,
0.35067062419239836,
0.33916207616872124,
0.37993091521876876,
0.3724686777827763,
0.36894911645662665,
0.3922671888134267,
0.3810373836814767,
0.3573425565615739,
0.35916379566239837,
0.40548182832132473,
0.4040888096436416,
0.47038546116045205,
0.4667402762587708,
0.43680312668923105,
0.41181230161449695,
0.4195368729605533,
0.3676456086116262,
0.33923529604874036,
0.33025382562439043,
0.3579995145302008,
0.38716636022718826,
0.3613836192848659,
0.3536033010718846,
0.3577125373453197
],
"val_loss": [
1.3996658325195312,
0.6520530581474304,
0.4691920876502991,
0.6095544099807739,
0.4039679169654846,
0.36079931259155273,
0.4746827483177185,
0.3396516740322113,
0.3413943648338318,
0.30991941690444946,
0.35664787888526917,
0.32227352261543274,
0.3034534752368927,
0.30643388628959656,
0.3118639886379242,
0.3000706732273102,
0.2810075879096985,
0.26057758927345276,
0.2845260798931122,
0.29130786657333374,
0.26777949929237366,
0.24881868064403534,
0.20238913595676422,
0.24276025593280792,
0.27783408761024475,
0.2456429898738861,
0.18050517141819,
0.18126428127288818,
0.15770423412322998,
0.1545257270336151,
0.1645820289850235,
0.1597892791032791,
0.2674497365951538,
0.20767569541931152,
0.24859116971492767,
0.1989392638206482,
0.21686942875385284,
0.25440484285354614,
0.3172112703323364,
0.28755122423171997,
0.16344693303108215,
0.31274381279945374,
0.2822304666042328,
0.37768909335136414,
0.2709939479827881,
0.3085196614265442,
0.2948412001132965,
0.36635440587997437,
0.24862389266490936,
0.26476559042930603,
0.3280308246612549,
0.3080979883670807,
0.26423904299736023,
0.21882164478302002,
0.1969757229089737,
0.2495805025100708,
0.18938152492046356,
0.2135242521762848,
0.2489086240530014,
0.25208714604377747,
0.2702581584453583,
0.32012656331062317,
0.2888947129249573,
0.32291552424430847,
0.37575599551200867,
0.22390225529670715,
0.17523173987865448,
0.1881222277879715,
0.19782978296279907,
0.3485841155052185,
0.22456136345863342,
0.3461265563964844,
0.25158795714378357,
0.242991104722023,
0.23711512982845306,
0.20929008722305298,
0.1815747767686844,
0.19529759883880615,
0.2300156205892563,
0.23655271530151367,
0.24611885845661163,
0.18175244331359863,
0.2166493833065033,
0.1870209127664566,
0.16789744794368744,
0.3437722623348236,
0.25560808181762695,
0.36491715908050537,
0.2856557071208954,
0.26387926936149597,
0.21010686457157135,
0.1854851096868515,
0.16378897428512573,
0.14571374654769897,
0.14195726811885834,
0.20832863450050354,
0.19324059784412384,
0.1875503659248352,
0.14264431595802307,
0.14227081835269928
]
}