{
  "sspg": {
    "rmse": 69.76026276266178,
    "mae": 49.8541505601671,
    "r2": -0.0672273782976276,
    "pearson_r": -0.416930937661402,
    "pearson_p": 0.011416730012009817,
    "spearman_r": -0.49303405194395483,
    "spearman_p": 0.002249343133246248,
    "n": 36
  },
  "di": {
    "rmse": 1.3630062687634694,
    "mae": 1.242529183626175,
    "r2": -4.160705170595947,
    "pearson_r": 0.35856588958354196,
    "pearson_p": 0.2524007368683536,
    "spearman_r": 0.28630283396876033,
    "spearman_p": 0.36696854464055695,
    "n": 12
  }
}