{
"epoch": [
1,
2,
3,
4,
5,
6,
7,
8,
9,
10,
11,
12,
13,
14,
15,
16,
17,
18,
19,
20,
21,
22,
23,
24,
25,
26,
27,
28,
29,
30,
31,
32,
33,
34,
35,
36,
37,
38,
39,
40,
41,
42,
43,
44,
45,
46,
47,
48,
49,
50,
51,
52,
53,
54,
55,
56,
57,
58,
59,
60,
61,
62,
63,
64,
65,
66,
67,
68,
69,
70,
71,
72,
73,
74,
75,
76,
77,
78,
79,
80,
81,
82,
83,
84,
85,
86,
87,
88,
89,
90,
91,
92,
93,
94,
95,
96,
97,
98,
99,
100
],
"train_loss": [
268.2514589565007,
49.32886562197227,
21.245871281060648,
6.212155931577907,
1.6953935482370572,
1.3880131554415847,
1.281176996043348,
1.32807333169021,
1.3300338129358968,
1.0859759914593434,
1.1159552115155018,
1.1375551275380953,
1.7463313388073538,
1.181004679109168,
0.9862766247096024,
1.0112821300198713,
1.011542372816191,
0.9938075185760739,
1.0973715998056366,
1.0426681595524465,
0.9897410433123431,
0.9689193100441159,
0.9554463718819806,
0.893619557065288,
0.9113643366520799,
0.9775881513835877,
0.9643052830470829,
0.9765228568099615,
1.06124366549995,
1.1209942984768724,
1.114094667547331,
1.1701579413076086,
1.2468907044628474,
1.291510357631473,
1.285925185586524,
1.254688901225413,
1.2672534674171387,
1.3168222547516109,
1.2829514629258885,
1.2925252313688984,
1.3807545018008376,
1.370039255600276,
1.3396614076584343,
1.2788777229354138,
1.4032546985806442,
1.4791589337071096,
1.3533055003233783,
1.5254645347595215,
1.531912332444679,
1.4591248166842723,
1.54350637357066,
1.6517379696913592,
1.719877398858859,
1.7565104905075914,
1.811037524478642,
2.023329765777888,
1.9599142309248916,
1.8007342928037868,
1.8922507302967582,
1.7123663218941276,
1.8817072308908298,
1.968988367891687,
1.9683544729638287,
1.9871240966902004,
1.978476499947976,
2.347655131122259,
2.0603520100510964,
2.668915863112202,
2.3775712279822883,
2.837517165762233,
3.1768208638889583,
3.4088242110304945,
3.3645997366567295,
3.850832497979712,
4.260325450596847,
4.629960236586924,
4.00153952696192,
5.012085723126028,
6.14124774557399,
6.7261072631896015,
6.979422160020963,
6.032541905801128,
7.966277452904408,
8.091260324312946,
8.307065040107787,
8.74193062369279,
10.25694373273474,
11.01512829337533,
11.995597816827729,
13.054522041260727,
14.428565490902878,
15.309760101198211,
16.693901392418567,
18.14436059486209,
18.99984808794157,
20.410861082903043,
22.316637865201695,
24.055862667053702,
25.44370427469569,
27.225697915385087
],
"val_loss": [
1.2059683799743652,
1.2362720966339111,
0.9190224409103394,
0.9002333283424377,
0.8244494795799255,
0.5798003673553467,
0.5067999958992004,
1.1402162313461304,
0.68812096118927,
0.5136095881462097,
0.4315573275089264,
0.5080963969230652,
0.35638922452926636,
0.520025908946991,
0.5062406063079834,
0.5988499522209167,
0.4018445312976837,
0.36256423592567444,
0.3696235716342926,
0.4972756803035736,
0.4231165647506714,
0.36311784386634827,
0.357557475566864,
0.3432081639766693,
0.33620205521583557,
0.3444385826587677,
0.3434032201766968,
0.3439830243587494,
0.3838152289390564,
0.35757726430892944,
0.347723126411438,
0.34490326046943665,
0.3478405177593231,
0.3483659625053406,
0.35070472955703735,
0.3421342968940735,
0.33139193058013916,
0.33549559116363525,
0.324102520942688,
0.3324953019618988,
0.3400614559650421,
0.3253578841686249,
0.34107860922813416,
0.33246052265167236,
0.31816214323043823,
0.33300408720970154,
0.30621427297592163,
0.33470073342323303,
0.38631534576416016,
0.3716743290424347,
0.43305057287216187,
0.35946181416511536,
0.3678435683250427,
0.34287458658218384,
0.35841262340545654,
0.3164464831352234,
0.3246072232723236,
0.3288631737232208,
0.32800158858299255,
0.31429800391197205,
0.32553988695144653,
0.32604098320007324,
0.3111790120601654,
0.2935012876987457,
0.29234278202056885,
0.2877931594848633,
0.3028341233730316,
0.2946785092353821,
0.30211925506591797,
0.2844955623149872,
0.3052113354206085,
0.2991544008255005,
0.31765851378440857,
0.3026566207408905,
0.420085072517395,
0.3915109634399414,
0.32329079508781433,
0.3134825825691223,
0.4119550883769989,
0.37599819898605347,
0.36686795949935913,
0.2644501328468323,
0.3677307963371277,
0.317312628030777,
0.3028843402862549,
0.2856871485710144,
0.26338690519332886,
0.3303987681865692,
0.24712109565734863,
0.2599903345108032,
0.2635420858860016,
0.2791185975074768,
0.24128079414367676,
0.27820029854774475,
0.20550422370433807,
0.26250380277633667,
0.27559787034988403,
0.26650679111480713,
0.22610074281692505,
0.17303745448589325
]
}