{
"epoch": [
1,
2,
3,
4,
5,
6,
7,
8,
9,
10,
11,
12,
13,
14,
15,
16,
17,
18,
19,
20,
21,
22,
23,
24,
25,
26,
27,
28,
29,
30,
31,
32,
33,
34,
35,
36,
37,
38,
39,
40,
41,
42,
43,
44,
45,
46,
47,
48,
49,
50,
51,
52,
53,
54,
55,
56,
57,
58,
59,
60,
61,
62,
63,
64,
65,
66,
67,
68,
69,
70,
71,
72,
73,
74,
75,
76,
77,
78,
79,
80,
81,
82,
83,
84,
85,
86,
87,
88,
89,
90,
91,
92,
93,
94,
95,
96,
97,
98,
99,
100
],
"train_loss": [
786.6960110806002,
549.4921251806883,
360.1615369437945,
245.20364138159422,
298.1613085151899,
252.96837024877567,
259.75086431220024,
224.66841926197014,
245.84032085154317,
248.3481182438312,
241.90570514036878,
244.861721529819,
256.7267124818103,
219.96508970355043,
225.97676660518835,
260.8553852798915,
242.2922674500116,
194.81548392418588,
202.65136537457457,
277.0988370121116,
258.72400008097736,
259.33528031453045,
261.3585531404703,
227.23990789734492,
231.31341734026918,
226.3033556041151,
206.35774857927078,
237.8355599299516,
204.20666131878843,
217.87696770394203,
186.10692936359067,
212.51696747128327,
206.74073156980003,
187.292141451694,
185.82646526676592,
195.47905674547252,
178.5777464007387,
184.3611102717938,
239.8170141843286,
200.2210917850532,
173.08327703192683,
164.4400522213171,
195.59642247870417,
192.6015733775526,
181.21558621850343,
185.82514141573765,
197.26176044728496,
195.8547115514774,
173.5113347119624,
183.93381905319666,
184.17602267123684,
184.7657047415724,
168.71070937354966,
175.14521970843325,
193.90134460147064,
207.30052351243424,
162.4550890025526,
133.96541251758538,
180.52188200997836,
219.21171161915996,
179.94712512327894,
176.45358638952274,
156.95152781269337,
157.65839502835038,
157.42087184792697,
134.72460476714787,
167.24754167311264,
212.4441249394181,
147.8507158638227,
168.36276607702274,
187.24104716990254,
171.92733961048694,
180.38034813002784,
174.94256198996365,
162.0620008411974,
145.05009173402692,
140.86673517510442,
139.43490475947314,
153.47085460341802,
194.69799895333773,
177.9572512182859,
163.32083703975866,
149.28399250294902,
120.05579066512608,
155.43572242661278,
191.4226158821937,
149.21775772547957,
152.99545892394414,
138.01171044075843,
144.11594322884437,
165.9777353872167,
184.32697847574065,
216.45355798702428,
168.27600581103033,
177.0479332952216,
213.52787731661655,
193.83613949010868,
182.64323878524328,
159.58099916665861,
204.7779349903069
],
"val_loss": [
2.29935622215271,
1.3442559242248535,
2.1623477935791016,
1.3273757696151733,
1.411961317062378,
1.4465497732162476,
0.9450163841247559,
0.6619222164154053,
0.48566916584968567,
0.45449933409690857,
0.6602107882499695,
0.7694145441055298,
0.8973139524459839,
1.0602577924728394,
0.9233864545822144,
0.6929184794425964,
0.711004376411438,
0.8034583330154419,
0.7992008924484253,
0.721411406993866,
1.3471121788024902,
0.5602918267250061,
0.49561256170272827,
0.4716539680957794,
0.45558056235313416,
0.451096773147583,
0.47377660870552063,
0.42869511246681213,
0.4265545606613159,
0.44425874948501587,
0.413459450006485,
0.42726394534111023,
0.4375373125076294,
0.4595281183719635,
0.461993545293808,
0.45139917731285095,
0.4305001497268677,
0.4233745038509369,
0.43595224618911743,
0.4523133337497711,
0.4622669517993927,
0.4988009035587311,
0.4758792519569397,
0.4586959481239319,
0.42735397815704346,
0.45403069257736206,
0.47585639357566833,
0.42581796646118164,
0.4453255534172058,
0.47072091698646545,
0.4349830448627472,
0.4260769486427307,
0.4480329155921936,
0.5066595077514648,
0.47905367612838745,
0.4448778033256531,
0.4694156050682068,
0.4416113495826721,
0.42658740282058716,
0.4609054923057556,
0.46736839413642883,
0.47391581535339355,
0.4305749535560608,
0.45369523763656616,
0.46911150217056274,
0.5893530249595642,
0.574948787689209,
0.6978297829627991,
0.594641923904419,
1.2250717878341675,
0.6228139400482178,
0.6314322352409363,
0.6603460311889648,
0.620003879070282,
0.5846474170684814,
0.6054124236106873,
0.6196531653404236,
0.579558789730072,
0.6721036434173584,
0.5463926792144775,
0.5233520269393921,
0.5276731252670288,
0.44672808051109314,
0.4704087972640991,
0.48948773741722107,
0.4947291314601898,
0.5045789480209351,
0.480170875787735,
0.5239137411117554,
0.5348801016807556,
0.5262446999549866,
1.5378549098968506,
1.0799894332885742,
1.392166256904602,
0.7399216294288635,
0.494294673204422,
0.63474440574646,
0.7661487460136414,
0.7128007411956787,
0.7197882533073425
]
}