{
  "sspg": {
    "spearman_r": -0.09523809523809526,
    "rmse": NaN,
    "n": 8
  },
  "di": {
    "spearman_r": -0.028571428571428574,
    "rmse": NaN,
    "n": 6
  }
}