{
"epoch": [
1,
2,
3,
4,
5,
6,
7,
8,
9,
10,
11,
12,
13,
14,
15,
16,
17,
18,
19,
20,
21,
22,
23,
24,
25,
26,
27,
28,
29,
30,
31,
32,
33,
34,
35,
36,
37,
38,
39,
40,
41,
42,
43,
44,
45,
46,
47,
48,
49,
50,
51,
52,
53,
54,
55,
56,
57,
58,
59,
60,
61,
62,
63,
64,
65,
66,
67,
68,
69,
70,
71,
72,
73,
74,
75,
76,
77,
78,
79,
80,
81,
82,
83,
84,
85,
86,
87,
88,
89,
90,
91,
92,
93,
94,
95,
96,
97,
98,
99,
100
],
"train_loss": [
1059.6748880820699,
989.7995448348546,
902.7951883750387,
861.0375248370784,
771.1899619527383,
650.8372369520735,
595.8946611763228,
527.8527103839534,
409.84679435503364,
360.8774104732098,
300.44363599720566,
289.525116117874,
309.11989389551746,
318.2245061893274,
286.6101332560624,
315.93338405495825,
289.4613547750039,
263.7515595691039,
290.14369972153463,
291.4348526756362,
279.384180578855,
300.94390159078165,
274.3951592020469,
304.6277954554794,
289.6974392126102,
305.03648089418317,
273.27039269173497,
294.88171741749983,
265.8959743386448,
298.2283041170328,
264.3006047919245,
286.16109655399134,
287.2575143493048,
314.5531965010237,
286.7052618347772,
272.8341315241143,
282.97991227159406,
270.0633279026145,
306.4537852070119,
276.20449919747836,
282.1544539952042,
250.79516405162244,
293.12242625019337,
289.61651082558205,
249.57545335222,
286.71893763778235,
278.3227167412786,
263.3451498805886,
261.8756244017346,
253.07790201017173,
280.6658785980527,
264.04798553013563,
258.62087317740566,
287.53130771145965,
274.8051268322633,
302.8773302134901,
278.664411639223,
309.31257380117285,
298.1307178157391,
281.98780565922806,
293.7585068504409,
268.271928390654,
280.3929977416992,
251.34026125161955,
295.4522348536123,
291.0374699960841,
293.1982535938225,
262.7561067260138,
275.2583442914604,
283.1833450770614,
269.3748366100953,
249.7302548247989,
278.3628141195467,
259.20607402537127,
282.5281429479618,
292.3751524368135,
289.0880761477027,
270.218360372109,
280.78257600387724,
270.72819503935256,
277.63078821767675,
304.07700255365654,
260.85725040246945,
264.14220345374383,
276.4810637672349,
266.40785836701343,
272.81741491638786,
247.41316026744275,
275.36366793188716,
265.9618364088606,
243.3015024166296,
247.59746770575495,
277.8958323261525,
284.1515188689279,
257.12768615118347,
290.56446823271193,
271.49933465636605,
297.7449889607949,
291.1966939491801,
275.10620812142247
],
"val_loss": [
0.1708652377128601,
0.1708652377128601,
0.1708652377128601,
0.1708652377128601,
0.1708652377128601,
0.1708652377128601,
0.1708652377128601,
0.1708652377128601,
0.1708652377128601,
0.1708652377128601,
0.1708652377128601,
0.1708652377128601,
0.1708652377128601,
0.1708652377128601,
0.1708652377128601,
0.1708652377128601,
0.1708652377128601,
0.1708652377128601,
0.1708652377128601,
0.1708652377128601,
0.1708652377128601,
0.1708652377128601,
0.1708652377128601,
0.1708652377128601,
0.1708652377128601,
0.1708652377128601,
0.1708652377128601,
0.1708652377128601,
0.1708652377128601,
0.1708652377128601,
0.1708652377128601,
0.1708652377128601,
0.1708652377128601,
0.1708652377128601,
0.1708652377128601,
0.1708652377128601,
0.1708652377128601,
0.1708652377128601,
0.1708652377128601,
0.1708652377128601,
0.1708652377128601,
0.1708652377128601,
0.1708652377128601,
0.1708652377128601,
0.1708652377128601,
0.1708652377128601,
0.1708652377128601,
0.1708652377128601,
0.1708652377128601,
0.1708652377128601,
0.1708652377128601,
0.1708652377128601,
0.1708652377128601,
0.1708652377128601,
0.1708652377128601,
0.1708652377128601,
0.1708652377128601,
0.1708652377128601,
0.1708652377128601,
0.1708652377128601,
0.1708652377128601,
0.1708652377128601,
0.1708652377128601,
0.1708652377128601,
0.1708652377128601,
0.1708652377128601,
0.1708652377128601,
0.1708652377128601,
0.1708652377128601,
0.1708652377128601,
0.1708652377128601,
0.1708652377128601,
0.1708652377128601,
0.1708652377128601,
0.1708652377128601,
0.1708652377128601,
0.1708652377128601,
0.1708652377128601,
0.1708652377128601,
0.1708652377128601,
0.1708652377128601,
0.1708652377128601,
0.1708652377128601,
0.1708652377128601,
0.1708652377128601,
0.1708652377128601,
0.1708652377128601,
0.1708652377128601,
0.1708652377128601,
0.1708652377128601,
0.1708652377128601,
0.1708652377128601,
0.1708652377128601,
0.1708652377128601,
0.1708652377128601,
0.1708652377128601,
0.1708652377128601,
0.1708652377128601,
0.1708652377128601,
0.1708652377128601
]
}