{
  "sspg": {
    "spearman_r": 0.5666666666666667,
    "rmse": NaN,
    "n": 9
  },
  "di": {
    "spearman_r": 0.28571428571428575,
    "rmse": NaN,
    "n": 7
  }
}