{
"epoch": [
1,
2,
3,
4,
5,
6,
7,
8,
9,
10,
11,
12,
13,
14,
15,
16,
17,
18,
19,
20,
21,
22,
23,
24,
25,
26,
27,
28,
29,
30,
31,
32,
33,
34,
35,
36,
37,
38,
39,
40,
41,
42,
43,
44,
45,
46,
47,
48,
49,
50,
51,
52,
53,
54,
55,
56,
57,
58,
59,
60,
61,
62,
63,
64,
65,
66,
67,
68,
69,
70,
71,
72,
73,
74,
75,
76,
77,
78,
79,
80,
81,
82,
83,
84,
85,
86,
87,
88,
89,
90,
91,
92,
93,
94,
95,
96,
97,
98,
99,
100
],
"train_loss": [
131.425434587559,
88.38201549135405,
71.21406514251827,
47.24485185411241,
61.85845171902828,
42.33902750344112,
42.46975462464081,
36.862486360630314,
38.74634674408426,
37.18619227500711,
37.91196748488708,
38.13765409623069,
39.48423459338046,
36.10665629010548,
40.10472529327276,
40.360757595734576,
39.899043949171045,
46.7871548407836,
36.9567985534668,
32.71515895215031,
38.74147674087364,
39.826428894795676,
37.305881290143475,
39.4758555825186,
36.842663337444435,
39.49956772610602,
34.27094058332772,
40.153290058004444,
37.252127373355556,
34.92876254553082,
34.85673870802839,
39.50577054078551,
40.510619269477,
33.88928848938924,
36.36685775705681,
37.01936311466027,
39.47064765111697,
32.43385540023161,
34.084136948274924,
37.28371965108703,
37.209429455899645,
35.9031150386708,
37.87024247326613,
31.525386291445443,
32.54733720684417,
45.995232176506654,
32.1541845095112,
33.81969371152564,
36.20030362944036,
36.637551837497284,
33.00701850949576,
38.24718337954233,
30.60434807671441,
34.90555121615472,
38.27523938906147,
35.95441822622014,
34.01052553900357,
38.69775104157313,
30.883273362199922,
33.434231959083526,
35.19190812384945,
34.52420892021208,
29.71114363250148,
35.75179498314401,
33.88720851474338,
33.25676993803046,
36.42429664582585,
31.8956445971668,
30.68905286131234,
33.962176955065964,
33.16810587813571,
36.52193978554444,
35.27328085625309,
34.067378910108545,
30.672698408251065,
39.44057597602464,
35.07644185983358,
40.20821643697804,
33.174756368001304,
31.62283146335704,
33.46370139432593,
33.8094398600845,
36.33202031745765,
33.96614814992152,
32.415713785251896,
31.083935876458998,
27.064165490340457,
32.1217651147952,
55.98629328848302,
31.215896504135426,
28.602075598705774,
30.570067135310264,
34.44015383811746,
31.61209927847559,
32.62918536599112,
32.39410743494143,
31.13117313750402,
33.38031564544444,
31.74064257683882,
33.191203278143284
],
"val_loss": [
4.394374370574951,
4.470385551452637,
2.157686948776245,
1.2096508741378784,
2.549130439758301,
0.7966524362564087,
0.6586580276489258,
0.8030855059623718,
0.7322812676429749,
0.7535696029663086,
0.6412547826766968,
0.6064288020133972,
0.5537731647491455,
0.6139792799949646,
0.5235880017280579,
0.5292818546295166,
0.43198004364967346,
0.6227038502693176,
0.5638607740402222,
0.5482688546180725,
0.530556857585907,
0.5207185745239258,
0.4986943006515503,
0.48661261796951294,
0.47402432560920715,
0.4624892771244049,
0.4331456124782562,
0.4953541159629822,
0.5085045099258423,
0.5420454740524292,
0.47993528842926025,
0.5586956739425659,
0.5056089162826538,
0.499856173992157,
0.4881017804145813,
0.7140001058578491,
0.4589487612247467,
0.47498181462287903,
0.4350922405719757,
0.4929254651069641,
0.4284669756889343,
0.47540512681007385,
0.46316584944725037,
0.524712085723877,
0.4649570882320404,
0.437633216381073,
0.4288129210472107,
0.44665876030921936,
0.43556180596351624,
0.5391823053359985,
0.5194652080535889,
0.4492572546005249,
0.41265159845352173,
0.4364911615848541,
0.4339904189109802,
0.3125719428062439,
0.3787577152252197,
0.3044986128807068,
0.4086507558822632,
0.42370176315307617,
0.3775588274002075,
0.335401326417923,
0.4217258095741272,
0.4430408775806427,
0.42587289214134216,
0.4207744896411896,
0.35997018218040466,
0.3510265648365021,
0.3617742359638214,
0.3158731758594513,
0.3157558739185333,
0.3436996638774872,
0.432016521692276,
0.44809430837631226,
0.4161968231201172,
0.39897605776786804,
0.46637269854545593,
0.3977603614330292,
0.4731285274028778,
0.4181210696697235,
0.4359866976737976,
0.4851182997226715,
0.4699229896068573,
0.4482625424861908,
0.45628243684768677,
0.4673391580581665,
0.47556212544441223,
1.3674442768096924,
2.0670509338378906,
1.8739652633666992,
1.7089042663574219,
1.6305253505706787,
1.515822172164917,
1.329697847366333,
1.3297576904296875,
1.376599907875061,
1.3776439428329468,
1.571604609489441,
1.3841105699539185,
1.3296386003494263
]
}