{
  "sspg": {
    "spearman_r": 0.4642857142857144,
    "rmse": NaN,
    "n": 7
  },
  "di": {
    "spearman_r": -0.10714285714285716,
    "rmse": NaN,
    "n": 7
  }
}