{
"epoch": [
1,
2,
3,
4,
5,
6,
7,
8,
9,
10,
11,
12,
13,
14,
15,
16,
17,
18,
19,
20,
21,
22,
23,
24,
25,
26,
27,
28,
29,
30,
31,
32,
33,
34,
35,
36,
37,
38,
39,
40,
41,
42,
43,
44,
45,
46,
47,
48,
49,
50,
51,
52,
53,
54,
55,
56,
57,
58,
59,
60,
61,
62,
63,
64,
65,
66,
67,
68,
69,
70,
71,
72,
73,
74,
75,
76,
77,
78,
79,
80,
81,
82,
83,
84,
85,
86,
87,
88,
89,
90,
91,
92,
93,
94,
95,
96,
97,
98,
99,
100
],
"train_loss": [
678240.3798114727,
831.4747853464894,
840.818013773336,
620.9825035194298,
677.717529296875,
520.3500833882914,
549.1558786367441,
527.829347684786,
529.4947557325487,
519.9440513709923,
563.0969174868101,
515.4485969048042,
566.797566203328,
469.4599054509943,
525.7071097237723,
482.5883234197443,
415.2191003576502,
518.1252496892756,
437.4003363274909,
451.75679788961037,
476.60216254692574,
528.6275151240361,
592.7942679268973,
524.9116674646154,
524.8278023856027,
554.2335942255986,
528.722237128716,
502.30252828226463,
487.6007611163251,
480.7130043723366,
517.6802201704545,
515.8649268212256,
494.864722313819,
467.8551966679561,
468.50985440340907,
477.97207284902595,
436.8348293552151,
442.78392286424514,
428.2899253151634,
442.32039969308033,
440.1556852266386,
532.3731459580458,
451.1775821834416,
415.04761772651176,
524.0399994292817,
464.76085395317574,
555.2531984007204,
415.35789033964085,
407.7131553748985,
462.30210301783177,
426.7682582310268,
420.7366713486709,
444.2042719853389,
399.75341876141437,
440.61868959897527,
477.8809330927861,
500.72578965224227,
357.94617254083806,
547.9451008586141,
374.982045953924,
389.1261650184532,
387.3807589047915,
460.09814849457183,
482.6244831828328,
432.22844705953224,
407.4896908054104,
343.5467699719714,
427.9992414202009,
525.2513776506696,
494.83831747476154,
364.1300159801136,
374.70889718191967,
364.0769716733462,
451.18013178837765,
425.7071315220424,
388.08542880764253,
481.3701813933137,
369.06577489283177,
450.63859419389206,
376.3320641455712,
396.48308850573255,
346.363382711039,
446.6547276880834,
410.087503804789,
430.4752363725142,
449.88032432655234,
438.9994237330053,
365.67180445287136,
427.8738157594359,
357.26046852012735,
450.6519458324878,
414.3400433032544,
389.0777013208959,
453.55352545403815,
362.452345018263,
433.04829941786727,
374.83117596514813,
380.0040001807275,
376.33037616680195,
413.77852402724227
],
"val_loss": [
11.543370246887207,
2.6876308917999268,
3.1506478786468506,
3.3821771144866943,
3.373030424118042,
2.931215286254883,
2.3384907245635986,
1.760266661643982,
1.3858203887939453,
1.371252417564392,
1.2266215085983276,
1.281299114227295,
4.454442024230957,
1.1616548299789429,
1.2894381284713745,
1.3506239652633667,
1.646453857421875,
1.5441828966140747,
1.3927215337753296,
1.1668214797973633,
1.2373799085617065,
1.170900821685791,
1.235742211341858,
1.4739910364151,
1.656596064567566,
1.6444603204727173,
1.518834114074707,
1.4144463539123535,
1.3481110334396362,
1.2724274396896362,
1.1263079643249512,
1.0130144357681274,
1.0231057405471802,
1.1244584321975708,
1.129874587059021,
1.318448781967163,
1.3901128768920898,
1.0491198301315308,
0.9417319893836975,
0.8233211636543274,
0.7921069860458374,
0.8547895550727844,
0.8701007962226868,
0.9320340752601624,
0.8311807513237,
0.7276291847229004,
0.7237568497657776,
0.7026411294937134,
0.7143397331237793,
0.84727543592453,
0.8637933731079102,
0.8577073216438293,
0.8550810217857361,
0.8470528721809387,
0.8532878160476685,
0.781692385673523,
0.6876288056373596,
0.7188639044761658,
0.7218001484870911,
0.7501513361930847,
0.710050642490387,
0.7107818126678467,
0.7296447157859802,
0.7538374066352844,
0.6325878500938416,
0.6525279879570007,
0.7813827395439148,
0.9019244313240051,
0.8060756921768188,
0.7738237380981445,
0.7197917103767395,
0.6634105443954468,
0.6129621863365173,
0.5779224634170532,
0.6042189598083496,
0.6529887914657593,
0.599320113658905,
0.9339077472686768,
0.6586939692497253,
0.7272459268569946,
0.6889726519584656,
0.6613701581954956,
0.8350595235824585,
0.6502789258956909,
0.936424732208252,
0.7084410190582275,
0.8124464750289917,
0.6906577944755554,
0.6798444986343384,
0.9426470398902893,
1.4774744510650635,
0.9491659998893738,
1.0459951162338257,
1.118619680404663,
1.0539034605026245,
1.3702260255813599,
1.1645127534866333,
0.7682096362113953,
0.9345294833183289,
0.6730928421020508
]
}