{
"epoch": [
1,
2,
3,
4,
5,
6,
7,
8,
9,
10,
11,
12,
13,
14,
15,
16,
17,
18,
19,
20,
21,
22,
23,
24,
25,
26,
27,
28,
29,
30,
31,
32,
33,
34,
35,
36,
37,
38,
39,
40,
41,
42,
43,
44,
45,
46,
47,
48,
49,
50,
51,
52,
53,
54,
55,
56,
57,
58,
59,
60,
61,
62,
63,
64,
65,
66,
67,
68,
69,
70,
71,
72,
73,
74,
75,
76,
77,
78,
79,
80,
81,
82,
83,
84,
85,
86,
87,
88,
89,
90,
91,
92,
93,
94,
95,
96,
97,
98,
99,
100
],
"train_loss": [
4.13327727999006,
1.696856164312982,
1.6781896708847641,
1.5649671306857815,
1.318520939195311,
1.055874249377808,
1.126515591299379,
0.8914325229533306,
0.7743137385938075,
0.6826655253187403,
0.7748799246627015,
0.5964037683102992,
0.6216520434850222,
0.7231202752559216,
0.6567295178190454,
0.5949428205366258,
0.6241671590061931,
0.5604931812781793,
0.5557889597756522,
0.5636132258873481,
0.543675174186756,
0.5624562772837552,
0.5175142028889099,
0.5145485435987448,
0.5370623511927468,
0.5889340863599406,
0.5337834915557464,
0.5127494110689534,
0.4845731103575075,
0.5065945046288627,
0.5247082876694666,
0.48218352299231987,
0.4883635524031404,
0.46678364586520504,
0.5067896525581161,
0.459274165042035,
0.45875195791194967,
0.46286564523523505,
0.45494878446901,
0.5084548909942825,
0.4614361408468965,
0.5246261683377352,
0.5012772284544907,
0.4829266102283032,
0.4442317385178108,
0.43591045327000805,
0.45406842696202265,
0.45872938865190976,
0.46386708067609117,
0.46869444769698304,
0.44428915559471427,
0.43952015003600675,
0.447435296975173,
0.46499783652169363,
0.4378643980273953,
0.4466985208647592,
0.4570602503689853,
0.41870068923219456,
0.4372915323678549,
0.43247019393103464,
0.45896884528073395,
0.4328009230749948,
0.42926917138037746,
0.4457242682382658,
0.45192523823155983,
0.4502029802118029,
0.4259133381502969,
0.4153171057824965,
0.418860744733315,
0.4698867414678846,
0.463524182121475,
0.4439095908945257,
0.40155926540300446,
0.45689531889828766,
0.4236286650230358,
0.43435807197124926,
0.46750649616315765,
0.4469744772106022,
0.5020317071444028,
0.448350685757476,
0.4436447871969892,
0.43790302415946863,
0.43195847954068867,
0.43648304799934484,
0.45979778526665327,
0.40093919363888825,
0.41749263041979306,
0.4368920759721236,
0.4637028393033263,
0.4243691490068064,
0.4522183560705804,
0.43499754930471446,
0.44711649766216033,
0.45662511014319085,
0.43509071949240447,
0.42585829558310573,
0.42570393967938114,
0.4322122915998682,
0.443527416749434,
0.4348213722953549
],
"val_loss": [
0.11892478168010712,
0.1171940267086029,
0.11938774585723877,
0.12639108300209045,
0.1355808973312378,
0.13168956339359283,
0.1375015676021576,
0.1414567232131958,
0.1387183666229248,
0.1435583531856537,
0.15072695910930634,
0.14612439274787903,
0.1347617506980896,
0.13087184727191925,
0.1364109069108963,
0.15097133815288544,
0.1493619978427887,
0.1344316452741623,
0.13557706773281097,
0.14500077068805695,
0.15828168392181396,
0.14645665884017944,
0.1372584104537964,
0.13570727407932281,
0.1360766887664795,
0.1366390883922577,
0.13508762419223785,
0.13235466182231903,
0.1367243230342865,
0.13725049793720245,
0.13681215047836304,
0.1360786408185959,
0.13329659402370453,
0.13330703973770142,
0.128469318151474,
0.12363536655902863,
0.1214948445558548,
0.12088213860988617,
0.12285665422677994,
0.12509766221046448,
0.13011981546878815,
0.13390380144119263,
0.13332179188728333,
0.127712219953537,
0.1261807382106781,
0.12655289471149445,
0.13003459572792053,
0.13368164002895355,
0.13212577998638153,
0.1282360851764679,
0.1270323246717453,
0.1279803365468979,
0.1269921511411667,
0.127508744597435,
0.1293133646249771,
0.12954340875148773,
0.12772952020168304,
0.12415380030870438,
0.12290145456790924,
0.12366613000631332,
0.12550048530101776,
0.12724027037620544,
0.12783226370811462,
0.1263166218996048,
0.12518496811389923,
0.12414979934692383,
0.12443097680807114,
0.12438938021659851,
0.12424737215042114,
0.1230657547712326,
0.12106490880250931,
0.1198374480009079,
0.1192706972360611,
0.11947186291217804,
0.11981147527694702,
0.1204298734664917,
0.12096329033374786,
0.12149477005004883,
0.12211641669273376,
0.12254133075475693,
0.12280597537755966,
0.12289202213287354,
0.1233167052268982,
0.12348774075508118,
0.1236054003238678,
0.12398166954517365,
0.12424296885728836,
0.12433760613203049,
0.1241939514875412,
0.1241503655910492,
0.1241784617304802,
0.12424924969673157,
0.12423846125602722,
0.12416035681962967,
0.12407149374485016,
0.12397819012403488,
0.12386855483055115,
0.12378236651420593,
0.1237044632434845,
0.1236608624458313
]
}