model,uncertainty_bin,n_subjects,sspg_vs_homa_ir_spearman,sspg_vs_hba1c_spearman,di_vs_homa_ir_spearman
Wang_Exp1,low,44,0.22217113768941768,0.2583992769637789,-0.22217113768941768
Wang_Exp1,high,44,0.16212488425984534,0.1502321377696389,-0.16212488425984534
GV_26D_Exp8,low,44,0.08372093023255812,0.1370336825379422,-0.09288231148696266
GV_26D_Exp8,high,44,0.3045806906272022,0.4407223274213078,-0.3984496124031008
GV_10D_head_v20,low,44,0.08597603946441155,0.39791252541382915,-0.10528541226215644
GV_10D_head_v20,high,44,0.4482029598308668,0.6980748274629707,-0.3887244538407329
Metwally14_Ridge,low,44,0.10274841437632136,0.2871853604191975,-0.31444679351656096
Metwally14_Ridge,high,44,0.3574348132487667,0.6266311216415937,-0.4005637773079633
