{
  "sspg": {
    "spearman_r": -0.03333333333333333,
    "rmse": NaN,
    "n": 9
  },
  "di": {
    "spearman_r": -0.48571428571428577,
    "rmse": NaN,
    "n": 6
  }
}