{
"epoch": [
1,
2,
3,
4,
5,
6,
7,
8,
9,
10,
11,
12,
13,
14,
15,
16,
17,
18,
19,
20,
21,
22,
23,
24,
25,
26,
27,
28,
29,
30,
31,
32,
33,
34,
35,
36,
37,
38,
39,
40,
41,
42,
43,
44,
45,
46,
47,
48,
49,
50,
51,
52,
53,
54,
55,
56,
57,
58,
59,
60,
61,
62,
63,
64,
65,
66,
67,
68,
69,
70,
71,
72,
73,
74,
75,
76,
77,
78,
79,
80,
81,
82,
83,
84,
85,
86,
87,
88,
89,
90,
91,
92,
93,
94,
95,
96,
97,
98,
99,
100
],
"train_loss": [
121.68409821481416,
64.18579384774873,
57.96667203036222,
55.051156708688445,
42.80323779944217,
42.54901024789521,
47.743789210464016,
38.108927929040156,
41.77605779243238,
36.53485995350462,
35.42488092364687,
38.9789872602983,
41.12638161399148,
40.340158173532195,
35.32512109929865,
34.946151386607774,
33.69942647760565,
34.5590495485248,
39.621247031471945,
37.13846391620058,
40.0302040793679,
34.72351629083807,
39.681748592492305,
40.885844519644074,
37.44615196459221,
33.38345163518732,
30.423512718894266,
35.7004530357592,
33.685023336699516,
37.71192307905717,
38.80896602977406,
33.18942283861565,
35.73059290105646,
31.8582915392789,
34.415766976096414,
36.59776051839193,
35.601140455766156,
40.515208388819836,
36.47515059962417,
33.398081634983875,
36.66559438994437,
37.341526378284804,
36.01193936665853,
36.46930427262277,
39.2975942438299,
35.83672968546549,
35.11058680216471,
35.24566679289847,
35.42950381654681,
38.16796042702415,
35.23177430123994,
34.415087381998696,
31.720784013921563,
35.1994435859449,
34.19050811998772,
34.67571073589903,
35.26199277242025,
35.54489767190182,
33.45605249115915,
30.769168456395466,
37.4238430369984,
32.62206823175604,
34.80247803890344,
36.16856447855631,
34.084727836377695,
35.13419238003817,
36.42976229118578,
33.57066504160563,
32.89877885760683,
36.32352285674124,
33.488047744288586,
32.61645380655924,
32.76876871513598,
31.576896205092922,
31.849435676227916,
39.05028007969712,
31.98737447912043,
32.116981506347656,
38.10741493918679,
32.544930544766515,
33.72581701567679,
32.43903084957238,
38.993823427142516,
33.00739721818404,
36.33113005667022,
28.191474972349226,
30.76895349675959,
32.35368982950846,
33.3669706402403,
32.92438822081595,
30.677097493951972,
32.29499380516283,
32.772562778357305,
26.696486444184274,
33.53232736298532,
31.18838154185902,
30.68748005953702,
36.106136639912926,
31.28001207293886,
32.74099835482511
],
"val_loss": [
2.231790781021118,
1.7721614837646484,
2.1137590408325195,
1.5169775485992432,
1.5067166090011597,
1.4731876850128174,
1.3160827159881592,
1.2657339572906494,
1.341719150543213,
1.0605509281158447,
0.9521514773368835,
0.7913153171539307,
1.0603762865066528,
0.8220899701118469,
0.7652963995933533,
0.8446539640426636,
0.7536762356758118,
0.7855032682418823,
0.8252273797988892,
0.7185162305831909,
0.6872556209564209,
0.6725749969482422,
0.6522221565246582,
0.6456031203269958,
0.6895677447319031,
0.6933152675628662,
0.6382853388786316,
0.6334196925163269,
0.6702839136123657,
0.6321104168891907,
0.6136221289634705,
0.6133370399475098,
0.6191422939300537,
0.6679250001907349,
0.6162018775939941,
0.6193436980247498,
0.7590572237968445,
0.7305206060409546,
0.7339237928390503,
0.6793511509895325,
0.6445596814155579,
0.6161362528800964,
0.6101898550987244,
0.6352176070213318,
0.6500993967056274,
0.5926961302757263,
0.6244081854820251,
0.6128283143043518,
0.6184390187263489,
0.617100715637207,
0.5745614171028137,
0.5759541988372803,
0.5898014307022095,
0.5763896703720093,
0.5661485195159912,
0.5526126027107239,
0.5497637391090393,
0.5642130970954895,
0.5578590035438538,
0.5667369961738586,
0.5794237852096558,
0.5629394054412842,
0.5775454640388489,
0.5915132164955139,
0.5694945454597473,
0.5800400972366333,
0.5878506302833557,
0.6144657731056213,
0.5644112825393677,
0.5767974257469177,
0.6240506768226624,
0.6041940450668335,
0.6097483038902283,
0.5906025767326355,
0.5632215738296509,
0.597832441329956,
0.6270069479942322,
0.5995359420776367,
0.5774660110473633,
0.57900071144104,
0.567962110042572,
0.5859448909759521,
0.630445122718811,
0.6146503686904907,
0.6298555135726929,
0.7109752893447876,
0.666968822479248,
0.6655193567276001,
0.637300431728363,
0.6266860365867615,
0.6110909581184387,
0.5866068005561829,
0.634287416934967,
0.5924055576324463,
0.6026387810707092,
0.6112292408943176,
0.6545253396034241,
0.5959401726722717,
0.5705147385597229,
0.6001830101013184
]
}