{
  "sspg_spearman_r": -0.03333333333333333,
  "di_spearman_r": -0.48571428571428577,
  "lambda_sspg": 0.01,
  "lambda_di": 0.01,
  "seed": 47
}