{
"epoch": [
1,
2,
3,
4,
5,
6,
7,
8,
9,
10,
11,
12,
13,
14,
15,
16,
17,
18,
19,
20,
21,
22,
23,
24,
25,
26,
27,
28,
29,
30,
31,
32,
33,
34,
35,
36,
37,
38,
39,
40,
41,
42,
43,
44,
45,
46,
47,
48,
49,
50,
51,
52,
53,
54,
55,
56,
57,
58,
59,
60,
61,
62,
63,
64,
65,
66,
67,
68,
69,
70,
71,
72,
73,
74,
75,
76,
77,
78,
79,
80,
81,
82,
83,
84,
85,
86,
87,
88,
89,
90,
91,
92,
93,
94,
95,
96,
97,
98,
99,
100
],
"train_loss": [
9.81789481639862,
1.4693140086561147,
1.5856645248904087,
1.5832628837906488,
0.8052740834727146,
0.6213524034707854,
0.5869821245127386,
0.5531621044225031,
0.5307753932948159,
0.503455660130718,
0.522750877802915,
0.5060138979760727,
0.45889863947240433,
0.49899219640410775,
0.4540266247078924,
0.4538319765931309,
0.45085206126222516,
0.43450287190994413,
0.40305721258172894,
0.38765398228522574,
0.42821282266390204,
0.7458182446437307,
0.386024011243688,
0.43506004727712955,
0.39247259497642517,
0.3367633583522079,
0.4713614019426969,
0.4078671129623262,
0.4300133553471896,
0.4162499730539794,
0.39965465487820084,
0.4070063398616149,
0.3905924490772852,
0.4597399346899278,
0.42932861807322736,
0.4051248820701448,
0.4001497375493002,
0.4191176490028306,
0.3999219864311785,
0.4123967897773969,
0.4252361531304841,
0.39062934848341613,
0.4277826972527079,
0.3729000920706456,
0.38581847524879004,
0.4374917789851085,
0.5002256891514996,
0.457161276057215,
0.39171507541495976,
0.4121435255107313,
0.38034655935693495,
0.4337015939821111,
0.39492103900059616,
0.4248349527911385,
0.40494807698939106,
0.4333230953405399,
0.41064194316911223,
0.3803349689091786,
0.4223216704212793,
0.4468179722823719,
0.4073009018850799,
0.4074200076041835,
0.4048263707963547,
0.37793940630289585,
0.40128328304479616,
0.3751703375341869,
0.3832458054075147,
0.4070884632592154,
0.4857352057305893,
0.39780575037002563,
0.40436092550211616,
0.4257623004441214,
0.4038667132948885,
0.37991392228863025,
0.4239198438601919,
0.4191374191553286,
0.3977703304574041,
0.4265212434353215,
0.405764097034341,
0.3941150136513285,
0.428311287766636,
0.4004578484166967,
0.404958575373829,
0.4101795182369723,
0.42515079455800575,
0.39672910636014275,
0.39928147373813216,
0.425744629732453,
0.44773292777561907,
15.909618932126772,
0.9355474672105053,
0.47647025207481764,
0.4265109126520629,
0.40923848482641845,
0.4012437651653101,
0.48598655497673715,
0.43796425733235805,
0.4342895825900654,
0.43188512708881116,
0.42159613701376586
],
"val_loss": [
0.7513843774795532,
1.2283915281295776,
0.7346056699752808,
0.8176969885826111,
0.7364591360092163,
0.7397599816322327,
0.5728594660758972,
0.5708824992179871,
0.6473936438560486,
0.5031847357749939,
0.5773354768753052,
0.48032888770103455,
0.5711708664894104,
0.4597519338130951,
0.4814220070838928,
0.3947281837463379,
0.36301153898239136,
0.4340228736400604,
0.3477402329444885,
0.30855631828308105,
0.38526901602745056,
0.3087846040725708,
0.3171653151512146,
0.35362643003463745,
0.25326383113861084,
0.236319899559021,
0.36273515224456787,
0.2753451466560364,
0.37832483649253845,
0.3134794533252716,
0.3462008535861969,
0.3044884204864502,
0.33898934721946716,
0.33009979128837585,
0.3652697503566742,
0.3331902027130127,
0.35434800386428833,
0.33269110321998596,
0.33216291666030884,
0.33783748745918274,
0.3209153711795807,
0.3127734661102295,
0.26610201597213745,
0.27041253447532654,
0.3059179186820984,
0.4285685122013092,
0.3634795844554901,
0.2438962608575821,
0.282783180475235,
0.31159451603889465,
0.3262783885002136,
0.32051581144332886,
0.2747037410736084,
0.30973386764526367,
0.24991793930530548,
0.22883138060569763,
0.2628024220466614,
0.29242709279060364,
0.33499136567115784,
0.2990398705005646,
0.2627003788948059,
0.22541967034339905,
0.24264031648635864,
0.24803496897220612,
0.227250337600708,
0.26241058111190796,
0.3940501809120178,
0.36636292934417725,
0.30944088101387024,
0.23647405207157135,
0.21202610433101654,
0.22214218974113464,
0.21932218968868256,
0.39477095007896423,
0.23676791787147522,
0.24501441419124603,
0.305254727602005,
0.2233082354068756,
0.21597270667552948,
0.3011690676212311,
0.275404691696167,
0.3073633909225464,
0.27022483944892883,
0.35461753606796265,
0.2357015609741211,
0.2959260642528534,
0.24426774680614471,
0.2746462821960449,
0.25209295749664307,
0.23769180476665497,
0.34165406227111816,
0.23332582414150238,
0.26829734444618225,
0.3407186269760132,
0.24416038393974304,
0.27517130970954895,
0.28470760583877563,
0.2714023292064667,
0.244989275932312,
0.20866811275482178
]
}