{
"epoch": [
1,
2,
3,
4,
5,
6,
7,
8,
9,
10,
11,
12,
13,
14,
15,
16,
17,
18,
19,
20,
21,
22,
23,
24,
25,
26,
27,
28,
29,
30,
31,
32,
33,
34,
35,
36,
37,
38,
39,
40,
41,
42,
43,
44,
45,
46,
47,
48,
49,
50,
51,
52,
53,
54,
55,
56,
57,
58,
59,
60,
61,
62,
63,
64,
65,
66,
67,
68,
69,
70,
71,
72,
73,
74,
75,
76,
77,
78,
79,
80,
81,
82,
83,
84,
85,
86,
87,
88,
89,
90,
91,
92,
93,
94,
95,
96,
97,
98,
99,
100
],
"train_loss": [
4.428692156527223,
2.1480480863266633,
1.5966276801934762,
1.5438311941483442,
1.3448689304480033,
1.0678940089810796,
1.0098172947138297,
0.8250800361152456,
0.8381086908468679,
0.8268739996837968,
0.7128412292785004,
0.6539309089925108,
0.6062189390679368,
0.6273787843079126,
0.6265323592835114,
0.6416349055386391,
0.5868243610157686,
0.5335164290516317,
0.6293619585638287,
0.5537756295765147,
0.5464678078639407,
0.5463810032155333,
0.5003772503187677,
0.5483213001940431,
0.5085786182840332,
0.5564807913884395,
0.49364982332502094,
0.4771037489927116,
0.49009156828167055,
0.499721414902631,
0.46140574958144115,
0.49180287222902314,
0.4661883669240134,
0.4765031608212896,
0.4711883568964085,
0.46396070318061766,
0.4624807541610814,
0.4734125818525042,
0.4528985649597745,
0.4553256455589743,
0.4484866867546274,
0.4847961443812907,
0.4466188715285614,
0.46025535739770457,
0.42547125801318836,
0.4840682817607367,
0.4691379526082207,
0.4564268714239617,
0.4636400702620755,
0.4753677819957252,
0.4608777070245823,
0.4430589801123162,
0.476428007127858,
0.44351302200004833,
0.46201250958843393,
0.4515426930259256,
0.4363330928217463,
0.4403655634206884,
0.4357604945407194,
0.4856100267722827,
0.4593223904361244,
0.4466422260308466,
0.440660786728899,
0.4431736667116149,
0.43323162122934805,
0.4548644456041961,
0.4303400215982389,
0.46131263911223214,
0.4789379439434084,
0.4662416146582916,
0.45787837274936066,
0.44743602416094613,
0.4411418976403084,
0.46085730921320556,
0.4481666303482376,
0.45436683021673635,
0.4369505155487221,
0.4499443729384607,
0.4515960481988282,
0.4523904351126246,
0.4552857965982261,
0.4563605319552061,
0.4491496952641912,
0.4427323604331297,
0.4633815754361513,
0.44972440249779644,
0.4419963352319573,
0.4243891727523643,
0.4569343270874825,
0.4284271297334623,
0.4397954459951705,
0.4244411873216389,
0.4284107249324061,
0.4562804946879379,
0.4508992628890927,
0.4353729095779547,
0.4332255190160094,
0.4247718791500861,
0.4371297229237917,
0.4432655049472296
],
"val_loss": [
0.09444410353899002,
0.09444410353899002,
0.09444410353899002,
0.09444410353899002,
0.09444410353899002,
0.09444410353899002,
0.09444410353899002,
0.09444410353899002,
0.09444410353899002,
0.09444410353899002,
0.09444410353899002,
0.09444410353899002,
0.09444410353899002,
0.09444410353899002,
0.09444410353899002,
0.09444410353899002,
0.09444410353899002,
0.09444410353899002,
0.09444410353899002,
0.09444410353899002,
0.09444410353899002,
0.09444410353899002,
0.09444410353899002,
0.09444410353899002,
0.09444410353899002,
0.09444410353899002,
0.09444410353899002,
0.09444410353899002,
0.09444410353899002,
0.09444410353899002,
0.09444410353899002,
0.09444410353899002,
0.09444410353899002,
0.09444410353899002,
0.09444410353899002,
0.09444410353899002,
0.09444410353899002,
0.09444410353899002,
0.09444410353899002,
0.09444410353899002,
0.09444410353899002,
0.09444410353899002,
0.09444410353899002,
0.09444410353899002,
0.09444410353899002,
0.09444410353899002,
0.09444410353899002,
0.09444410353899002,
0.09444410353899002,
0.09444410353899002,
0.09444410353899002,
0.09444410353899002,
0.09444410353899002,
0.09444410353899002,
0.09444410353899002,
0.09444410353899002,
0.09444410353899002,
0.09444410353899002,
0.09444410353899002,
0.09444410353899002,
0.09444410353899002,
0.09444410353899002,
0.09444410353899002,
0.09444410353899002,
0.09444410353899002,
0.09444410353899002,
0.09444410353899002,
0.09444410353899002,
0.09444410353899002,
0.09444410353899002,
0.09444410353899002,
0.09444410353899002,
0.09444410353899002,
0.09444410353899002,
0.09444410353899002,
0.09444410353899002,
0.09444410353899002,
0.09444410353899002,
0.09444410353899002,
0.09444410353899002,
0.09444410353899002,
0.09444410353899002,
0.09444410353899002,
0.09444410353899002,
0.09444410353899002,
0.09444410353899002,
0.09444410353899002,
0.09444410353899002,
0.09444410353899002,
0.09444410353899002,
0.09444410353899002,
0.09444410353899002,
0.09444410353899002,
0.09444410353899002,
0.09444410353899002,
0.09444410353899002,
0.09444410353899002,
0.09444410353899002,
0.09444410353899002,
0.09444410353899002
]
}