{
"epoch": [
1,
2,
3,
4,
5,
6,
7,
8,
9,
10,
11,
12,
13,
14,
15,
16,
17,
18,
19,
20,
21,
22,
23,
24,
25,
26,
27,
28,
29,
30,
31,
32,
33,
34,
35,
36,
37,
38,
39,
40,
41,
42,
43,
44,
45,
46,
47,
48,
49,
50,
51,
52,
53,
54,
55,
56,
57,
58,
59,
60,
61,
62,
63,
64,
65,
66,
67,
68,
69,
70,
71,
72,
73,
74,
75,
76,
77,
78,
79,
80,
81,
82,
83,
84,
85,
86,
87,
88,
89,
90,
91,
92,
93,
94,
95,
96,
97,
98,
99,
100
],
"recon_loss": [
0.1384799610666868,
0.1328903366537655,
0.12746260471704626,
0.12653051942837337,
0.1311134409879436,
0.13445619349720098,
0.12716397555435405,
0.1253873191210402,
0.12836868722899622,
0.12465293342325867,
0.13170585086365708,
0.12334937852721255,
0.12140009433281522,
0.13558231394330994,
0.1148760493437783,
0.13632366286606348,
0.12407192600374463,
0.137237082133774,
0.14079922375057927,
0.12215602823666163,
0.12858578675434368,
0.12056466899499171,
0.12983388234587276,
0.13067504325333765,
0.12659857084019846,
0.13000587117271262,
0.12656599026517706,
0.11585220738368876,
0.13256431327146642,
0.12788548251660933,
0.12006964615914,
0.13029950080799454,
0.11690941966381393,
0.1189362153786571,
0.1168676443210169,
0.12049272092951446,
0.13290483523316743,
0.1298608348524871,
0.1172642606396635,
0.12443130056397254,
0.12602560716767272,
0.1325063882004313,
0.12438208691212309,
0.12462087789503466,
0.12372213821200763,
0.14334497043565542,
0.1282933641757284,
0.13084310819120967,
0.12086445255940702,
0.12495341771790962,
0.12384500160437673,
0.1324450071869778,
0.14650249456157202,
0.1327940946241387,
0.11726124697372693,
0.12282816089001022,
0.12622542253562383,
0.11856311534633156,
0.12470912257162463,
0.14720891653990545,
0.13502185272068537,
0.12630833397392466,
0.12433010214517097,
0.12154118328535256,
0.12924854056674892,
0.13791664627169362,
0.12413809918055013,
0.13214197629640081,
0.15761168564067168,
0.13395071480454518,
0.12599977299946696,
0.1272924685177683,
0.12750371939995708,
0.1422968762261527,
0.1301888133547887,
0.12675693505952337,
0.13008764436265,
0.13973622211889059,
0.13444563345748836,
0.1240516276169224,
0.11909372027681656,
0.1338090227932489,
0.13161774536892146,
0.1329002276438625,
0.12229095299203857,
0.1323261743708819,
0.12397371946262713,
0.11797930087362017,
0.12992996791330705,
0.12287086361095685,
0.13027480457510268,
0.12257085145772004,
0.1273603335398586,
0.1363686250538385,
0.13152483224618336,
0.12531578102532556,
0.13356651390800958,
0.1228371277576735,
0.13111142263192088,
0.12715500824842133
],
"sspg_loss": [
16.664626938956125,
9.733381848375336,
6.403688454828343,
6.6704773061415725,
4.748078722913726,
3.821006542494317,
4.019808815306976,
2.846972112896062,
3.341332848332509,
2.6045663857660375,
2.111556031122929,
2.1021440910691975,
1.6854938979910201,
1.8944856259001404,
2.0237016948331306,
1.7862438073679179,
1.871361604257792,
1.4356094047802836,
2.0823323746689226,
1.5438245504844088,
1.6210929926703959,
1.4101630930139237,
1.021093062993859,
1.6800473337413884,
1.0933511657875126,
1.5596565268620723,
1.230968690719925,
1.2236879803553349,
1.0709847872998535,
1.2924868539601815,
1.1126710186485482,
1.1802877713652218,
1.1293432892871504,
1.0218228357178825,
1.1446219973203515,
1.0566383024223713,
0.9604828858575901,
1.089420237461058,
0.9642184291567121,
0.8884022075588963,
1.0025695607441814,
1.0721610954829626,
0.9570066808652478,
1.0034301521397437,
0.8430172415340648,
1.0884840333161234,
0.9574356519875407,
1.04522354061864,
1.0566735678360242,
1.1433880188885857,
0.9764961835716953,
0.8538994914343377,
1.0171329899996269,
0.965712865861524,
0.9966863073220774,
0.9046937177161208,
0.8577820773886031,
0.9785724748082522,
0.8997705688997477,
1.1331105132062895,
0.938142654274692,
0.9839221770022096,
0.9322421951454227,
0.9670976565665558,
0.9080539886690989,
0.9391303132562077,
0.8823454269841939,
0.9776253970731207,
0.9146387416775487,
0.9507988876655322,
0.984886589170504,
0.9165117765675072,
0.9511253896380673,
0.9275862123785901,
1.0294236996594597,
1.0498137994974601,
0.8568427722995021,
0.8687925839624485,
0.9678595727231322,
1.0216849586542915,
1.0608828538606148,
0.9914527249937298,
1.0275674567503088,
0.8856360105907216,
1.0525089322018022,
0.8774431092398507,
0.9769834655673564,
0.837151757308415,
0.9422866712097361,
0.8994291835472363,
0.8716945628158185,
0.8291914833693945,
0.8278190047801042,
0.9409169950405089,
0.855603969397665,
0.865376034704577,
0.7811548579640749,
0.8119406960591549,
0.8475546065498801,
0.8759257603092354
],
"di_loss": [
24.935456664622333,
9.11615900632714,
6.985925754579175,
6.200493447920856,
6.087440322427189,
4.21133555584595,
3.504688042552531,
2.8479186967641366,
2.4540310787553548,
3.115608006966214,
2.3977613809729825,
1.9016350137085474,
1.8606581968419693,
1.7214425982547408,
1.7908252738103145,
1.964832496242363,
1.4541263249741883,
1.225147824327485,
1.5012584844557177,
1.4703352033090191,
1.2556909317729854,
1.5459640567042248,
1.3823041425031775,
1.194378917958556,
1.4244130739644796,
1.4030564252068014,
1.1378333328150902,
1.0867911487066446,
1.2022513511801969,
1.1238360685460709,
0.9986537324280298,
1.1327096464253272,
1.0614099783055924,
1.2518103323062928,
1.0965488738372546,
1.0760053105714942,
1.0332400498269987,
1.0440611298344715,
1.0900883023478405,
1.118504816744508,
0.9200048316426638,
1.1487004676786792,
0.9633248313134458,
1.0508784701844223,
0.8724378192124247,
1.0167127216563505,
1.1489739257748388,
0.9085776154734507,
1.0690464632851737,
1.0587195127951998,
1.0917945419039046,
0.9502040818959725,
0.9800858157021659,
0.8394402170381626,
1.148789954786541,
1.0804152648989893,
0.9412583483367407,
0.9374158262204724,
0.9087067947668188,
0.9488643282601813,
1.0028265063502209,
0.9173803579907457,
0.9290284950192235,
0.9471908296857562,
0.8297404591776744,
0.9283114701759916,
0.8776375741517844,
1.0120451039626819,
0.9965876235681421,
1.0700737618598617,
1.0318630908717628,
0.9828875655887508,
0.8832200615345931,
0.9559819818544788,
0.848318153068799,
0.9242489327903555,
0.9097497743718764,
0.9312527490263226,
0.9016083028136181,
0.9596669428488788,
0.9990015971560439,
0.9320262179655188,
0.8457157661934861,
0.9106488848934654,
1.056360905911742,
0.9945029621364689,
0.9012064643266822,
0.9249106264915787,
1.0257205898020447,
0.8540972551377881,
0.9214755767533759,
0.8874757360009586,
0.8806486037098059,
0.9561653903552464,
1.0361041867432474,
0.9331589967262846,
0.9133987647144735,
0.9053706997582892,
0.9105920861749088,
0.9831429770012864
],