{
"epoch": [
1,
2,
3,
4,
5,
6,
7,
8,
9,
10,
11,
12,
13,
14,
15,
16,
17,
18,
19,
20,
21,
22,
23,
24,
25,
26,
27,
28,
29,
30,
31,
32,
33,
34,
35,
36,
37,
38,
39,
40,
41,
42,
43,
44,
45,
46,
47,
48,
49,
50,
51,
52,
53,
54,
55,
56,
57,
58,
59,
60,
61,
62,
63,
64,
65,
66,
67,
68,
69,
70,
71,
72,
73,
74,
75,
76,
77,
78,
79,
80,
81,
82,
83,
84,
85,
86,
87,
88,
89,
90,
91,
92,
93,
94,
95,
96,
97,
98,
99,
100
],
"train_loss": [
5.749347504948368,
1.3629824484095854,
1.086041949877218,
0.6738678001556075,
0.5653689528713707,
0.507705077153294,
0.4536382480829704,
0.42558501272642313,
0.4064028776493393,
0.3954082131385803,
0.3833342254662714,
0.38570838640717897,
0.35307759221862345,
0.3660393056749296,
0.3647384658581069,
0.3489478465889682,
0.3485300328050341,
0.34444031319698365,
0.34345790067640675,
0.3355656489103782,
0.33731909534510446,
0.33921954912297864,
0.3316394328570166,
0.32711914031445477,
0.32970833828469287,
0.33986380270549227,
0.35837659214725015,
0.3363120505789749,
0.37961071078516856,
0.3620600915756546,
0.3816281066221349,
0.3770963524569984,
0.38435025049858734,
0.3771856136682655,
0.38189558622215974,
0.37740691544628946,
0.384855257863758,
0.38555038476190645,
0.38986657597437624,
0.39578315089730653,
0.38816671937453645,
0.37950721984150027,
0.4044063827570747,
0.38378726384219003,
0.38737914416970326,
0.3896094828593631,
0.3858368912664782,
0.3738673862789859,
0.37180450884234,
0.3753825516259971,
0.3722777026040213,
0.3836429850393985,
0.41085166290026753,
0.3754686858473706,
0.3724986838192499,
0.37265140344114867,
0.38601529122400685,
0.3694960449923988,
0.3735219798669094,
0.3657567007701938,
0.3674710057362789,
0.37268636206618877,
0.37158767215344085,
0.37490998897231925,
0.36004460959875284,
0.3809349369101164,
0.37070481341426115,
0.3646305095748741,
0.36515522554141133,
0.3688948324748448,
0.3650217100101359,
0.3694519440666968,
0.38550566099271055,
0.36063619997321056,
0.3665460683718449,
0.35916180645718293,
0.3596489306758432,
0.36921624350948495,
0.36969876013884023,
0.3650577053302476,
0.3604421993764509,
0.35895487691174033,
0.36752974911898123,
0.3624270911477193,
0.36403558935437885,
0.3754936048463613,
0.365598288904719,
0.3743121170697092,
0.36761889187227775,
0.3625857371742986,
0.37113586944692273,
0.37021771273693116,
0.3870642388067326,
0.3684652239835563,
0.3711900327886854,
0.3635300267644289,
0.36371616405599255,
0.37311027355554727,
0.3646518803444229,
0.3708058059716425
],
"val_loss": [
0.7059706449508667,
0.470458984375,
0.6157273054122925,
0.263224333524704,
0.303907573223114,
0.18041874468326569,
0.18677078187465668,
0.19425588846206665,
0.189833402633667,
0.20207169651985168,
0.17602737247943878,
0.16971296072006226,
0.1746625453233719,
0.17368793487548828,
0.1604539155960083,
0.14685910940170288,
0.1488688439130783,
0.17987893521785736,
0.1615845113992691,
0.14711765944957733,
0.15574395656585693,
0.1488017588853836,
0.14108820259571075,
0.14744634926319122,
0.13696661591529846,
0.148865208029747,
0.14134198427200317,
0.13478414714336395,
0.13461074233055115,
0.15255309641361237,
0.15786321461200714,
0.1523430198431015,
0.15591196715831757,
0.1585717797279358,
0.1658308506011963,
0.1568608433008194,
0.15468217432498932,
0.14983540773391724,
0.14691989123821259,
0.1550595611333847,
0.15753446519374847,
0.15330322086811066,
0.1531309187412262,
0.14768515527248383,
0.16668614745140076,
0.1577819585800171,
0.16101542115211487,
0.15524399280548096,
0.14953000843524933,
0.15879352390766144,
0.1562288999557495,
0.15273821353912354,
0.14350341260433197,
0.1475047916173935,
0.14530864357948303,
0.15313604474067688,
0.1486596018075943,
0.15697430074214935,
0.14953401684761047,
0.1597965508699417,
0.15625037252902985,
0.15826599299907684,
0.14993791282176971,
0.1499531865119934,
0.14726364612579346,
0.15167003870010376,
0.1590293049812317,
0.15690599381923676,
0.14999112486839294,
0.14782024919986725,
0.14741739630699158,
0.14671188592910767,
0.14082881808280945,
0.13965025544166565,
0.1436583548784256,
0.15330107510089874,
0.147978276014328,
0.1510997861623764,
0.15200760960578918,
0.1517440229654312,
0.14899210631847382,
0.14840589463710785,
0.14702914655208588,
0.14579743146896362,
0.14342746138572693,
0.14227035641670227,
0.1437264233827591,
0.1443060040473938,
0.14426633715629578,
0.14406345784664154,
0.14446522295475006,
0.14527739584445953,
0.14596258103847504,
0.146211177110672,
0.1457080990076065,
0.14570865035057068,
0.14580564200878143,
0.14600443840026855,
0.14613987505435944,
0.14624547958374023
]
}