{
"epoch": [
1,
2,
3,
4,
5,
6,
7,
8,
9,
10,
11,
12,
13,
14,
15,
16,
17,
18,
19,
20,
21,
22,
23,
24,
25,
26,
27,
28,
29,
30,
31,
32,
33,
34,
35,
36,
37,
38,
39,
40,
41,
42,
43,
44,
45,
46,
47,
48,
49,
50,
51,
52,
53,
54,
55,
56,
57,
58,
59,
60,
61,
62,
63,
64,
65,
66,
67,
68,
69,
70,
71,
72,
73,
74,
75,
76,
77,
78,
79,
80,
81,
82,
83,
84,
85,
86,
87,
88,
89,
90,
91,
92,
93,
94,
95,
96,
97,
98,
99,
100
],
"recon_loss": [
5.6998372077941895,
1.279339086107847,
1.0211810950471574,
0.6203916663883113,
0.5070828745345107,
0.4431627014604937,
0.38616872209460795,
0.359820757092548,
0.348227476622878,
0.3391826175341085,
0.32492004071964936,
0.3264501615732658,
0.29527830601740285,
0.3109450325244615,
0.3108545446596226,
0.29609924003857524,
0.29509362064990674,
0.2902065475447839,
0.2894891846079786,
0.281299231433067,
0.2798083695043035,
0.27944951498207926,
0.274169762595361,
0.2714306966346853,
0.26978778263100056,
0.27116814380934257,
0.2861595599591231,
0.269385079375836,
0.315426723295901,
0.2824750353558725,
0.3029573146535569,
0.2946914775030954,
0.2949573705677225,
0.2844625474775539,
0.2851663357069512,
0.28427800461023794,
0.2795108083416434,
0.29013580209066886,
0.2854119434076197,
0.2935732624360493,
0.28515697289414765,
0.2776844205976534,
0.29564104748874154,
0.2781396255272777,
0.2773724322309013,
0.28232167611102094,
0.28296130119251606,
0.2624354006863442,
0.26497959063834503,
0.2712271203513907,
0.26806159655587014,
0.2807608239290093,
0.30599687004289705,
0.273062916237767,
0.2696160994657949,
0.26859740524732767,
0.2823705475370423,
0.2626296042644677,
0.26672908839057474,
0.2574400831671322,
0.26403789685553863,
0.26517506357000653,
0.2596170065783653,
0.2666899857400846,
0.25362262229959504,
0.26842527755168305,
0.25523791142872404,
0.2531274762474188,
0.2557655715641855,
0.25795692230473044,
0.2523109246702755,
0.25671310084206717,
0.27027998476469217,
0.24514932316892288,
0.25402583419775765,
0.24830457856174276,
0.24780484533109584,
0.2560044449417531,
0.25316406936705615,
0.24637610797120743,
0.242887842555006,
0.24470761944265926,
0.25668826899608643,
0.2528357013684361,
0.25329149520697714,
0.2631608731105548,
0.25164492390736815,
0.25908856331801217,
0.25175663052486774,
0.2463911189502027,
0.2550928980863395,
0.25450205126730335,
0.2716412214922304,
0.25317408081864107,
0.2559756902085633,
0.24843696110388813,
0.24868478957845383,
0.2580765360543708,
0.24957256081725368,
0.2556936933713801
],
"sspg_loss": [
0.0,
0.0,
0.0,
0.0,
0.0,
0.0,
0.0,
0.0,
0.0,
0.0,
0.0,
0.0,
0.0,
0.0,
0.0,
0.0,
0.0,
0.0,
0.0,
0.0,
0.0,
0.0,
0.0,
0.0,
0.0,
0.0,
0.0,
0.0,
0.0,
0.0,
0.0,
0.0,
0.0,
0.0,
0.0,
0.0,
0.0,
0.0,
0.0,
0.0,
0.0,
0.0,
0.0,
0.0,
0.0,
0.0,
0.0,
0.0,
0.0,
0.0,
0.0,
0.0,
0.0,
0.0,
0.0,
0.0,
0.0,
0.0,
0.0,
0.0,
0.0,
0.0,
0.0,
0.0,
0.0,
0.0,
0.0,
0.0,
0.0,
0.0,
0.0,
0.0,
0.0,
0.0,
0.0,
0.0,
0.0,
0.0,
0.0,
0.0,
0.0,
0.0,
0.0,
0.0,
0.0,
0.0,
0.0,
0.0,
0.0,
0.0,
0.0,
0.0,
0.0,
0.0,
0.0,
0.0,
0.0,
0.0,
0.0,
0.0
],
"di_loss": [
0.0,
0.0,
0.0,
0.0,
0.0,
0.0,
0.0,
0.0,
0.0,
0.0,
0.0,
0.0,
0.0,
0.0,
0.0,
0.0,
0.0,
0.0,
0.0,
0.0,
0.0,
0.0,
0.0,
0.0,
0.0,
0.0,
0.0,
0.0,
0.0,
0.0,
0.0,
0.0,
0.0,
0.0,
0.0,
0.0,
0.0,
0.0,
0.0,
0.0,
0.0,
0.0,
0.0,
0.0,
0.0,
0.0,
0.0,
0.0,
0.0,
0.0,
0.0,
0.0,
0.0,
0.0,
0.0,
0.0,
0.0,
0.0,
0.0,
0.0,
0.0,
0.0,
0.0,
0.0,
0.0,
0.0,
0.0,
0.0,
0.0,
0.0,
0.0,
0.0,
0.0,
0.0,
0.0,
0.0,
0.0,
0.0,
0.0,
0.0,
0.0,
0.0,
0.0,
0.0,
0.0,
0.0,
0.0,
0.0,
0.0,
0.0,
0.0,
0.0,
0.0,
0.0,
0.0,
0.0,
0.0,
0.0,
0.0,
0.0
],
"si_cv": [
0.014924881979823112,
0.014018779620528221,
0.014572646468877792,
0.12133512645959854,
0.24073173105716705,
0.16709217429161072,
0.17989268898963928,
0.1636527180671692,
0.14259380102157593,
0.17729437351226807,
0.17362268269062042,
0.18487443029880524,
0.1996716856956482,
0.20019011199474335,
0.1811181753873825,
0.19259215891361237,
0.19988568127155304,
0.2054634541273117,
0.1935674399137497,
0.18971896171569824,
0.1806669980287552,
0.20673446357250214,
0.19557644426822662,
0.2054254710674286,
0.2082829624414444,
0.2112855613231659,
0.22396723926067352,
0.20424562692642212,
0.1831817328929901,
0.2094288021326065,
0.1647099107503891,
0.17558003962039948,
0.17248278856277466,
0.16911999881267548,
0.17922711372375488,
0.16486524045467377,
0.17668768763542175,
0.17365139722824097,
0.1751442700624466,
0.174770325422287,
0.17275424301624298,
0.18214866518974304,
0.17447622120380402,
0.18110689520835876,
0.18205203115940094,
0.17993220686912537,
0.1830027848482132,
0.19258816540241241,
0.1810918152332306,
0.19144535064697266,
0.1931782215833664,
0.17913688719272614,
0.17647844552993774,
0.173182874917984,
0.1674177199602127,
0.17014814913272858,
0.17529067397117615,
0.18031783401966095,
0.17879082262516022,
0.19003288447856903,
0.19130879640579224,
0.19205418229103088,
0.19129398465156555,
0.18258802592754364,
0.19106706976890564,
0.19324451684951782,
0.1945231556892395,
0.1958240419626236,
0.19513726234436035,
0.1937001794576645,
0.18928761780261993,
0.1904982179403305,
0.19844569265842438,
0.2068902850151062,
0.21072380244731903,
0.20978949964046478,
0.20943249762058258,
0.21407487988471985,
0.2185903638601303,
0.2182760387659073,
0.2207993119955063,
0.2200508564710617,
0.21805743873119354,
0.2172020822763443,
0.2153417021036148,
0.21315860748291016,
0.21431967616081238,
0.21663178503513336,
0.2188969850540161,
0.22042982280254364,
0.2210993468761444,
0.22142694890499115,
0.22156953811645508,
0.2216797173023224,
0.22106574475765228,
0.22105847299098969,
0.22099709510803223,
0.22109369933605194,
0.2212224155664444,
0.22131457924842834
],
"mi_cv": [
0.022288264706730843,
0.03039385937154293,
0.050398413091897964,
0.1518847644329071,
0.27661749720573425,
0.17345969378948212,
0.18362770974636078,
0.16810883581638336,
0.14582949876785278,
0.17454007267951965,
0.1723843365907669,
0.1822405755519867,
0.2023596465587616,
0.211484894156456,
0.18586702644824982,
0.188715860247612,
0.1998845785856247,
0.21230915188789368,
0.20172163844108582,
0.19279959797859192,
0.1814883053302765,
0.2081257849931717,
0.2005501538515091,
0.21140675246715546,
0.21628527343273163,
0.22151583433151245,
0.2316340208053589,
0.2126598209142685,
0.18946649134159088,
0.20903675258159637,
0.16338756680488586,
0.16130731999874115,
0.15720488131046295,
0.15815246105194092,
0.16856297850608826,
0.16308873891830444,
0.1780114322900772,
0.18420743942260742,
0.1915733516216278,
0.19385875761508942,
0.18957717716693878,
0.19437476992607117,
0.18245519697666168,
0.18739962577819824,
0.18966558575630188,
0.18733136355876923,
0.1942019760608673,
0.20359128713607788,
0.19287070631980896,
0.20355670154094696,
0.2060806006193161,
0.1941811591386795,
0.187149316072464,
0.18352241814136505,
0.17242591083049774,
0.16868475079536438,
0.16659490764141083,
0.16309700906276703,
0.16912038624286652,
0.1875298023223877,
0.18886978924274445,
0.19131922721862793,
0.1947910487651825,
0.1817745417356491,
0.18489184975624084,
0.1854822039604187,
0.18677155673503876,
0.18384316563606262,
0.1758095771074295,
0.16948404908180237,
0.16263030469417572,
0.1604386866092682,
0.16641829907894135,
0.17431898415088654,
0.17813517153263092,
0.17729848623275757,
0.1761990636587143,
0.1802525371313095,
0.18774843215942383,
0.19049207866191864,
0.19176268577575684,
0.18983705341815948,
0.1882977932691574,
0.18695960938930511,
0.1841922402381897,
0.18023917078971863,
0.17992733418941498,
0.1819627434015274,
0.18383613228797913,
0.18551784753799438,
0.18659503757953644,
0.186970517039299,
0.18731644749641418,
0.1876142919063568,
0.18706712126731873,
0.18704842031002045,
0.18697874248027802,
0.18707847595214844,
0.18721090257167816,
0.1873030811548233
]
}