{
"epoch": [
1,
2,
3,
4,
5,
6,
7,
8,
9,
10,
11,
12,
13,
14,
15,
16,
17,
18,
19,
20,
21,
22,
23,
24,
25,
26,
27,
28,
29,
30,
31,
32,
33,
34,
35,
36,
37,
38,
39,
40,
41,
42,
43,
44,
45,
46,
47,
48,
49,
50,
51,
52,
53,
54,
55,
56,
57,
58,
59,
60,
61,
62,
63,
64,
65,
66,
67,
68,
69,
70,
71,
72,
73,
74,
75,
76,
77,
78,
79,
80,
81,
82,
83,
84,
85,
86,
87,
88,
89,
90,
91,
92,
93,
94,
95,
96,
97,
98,
99,
100
],
"train_loss": [
957.5241516415435,
540.6790844001392,
712.9466588992884,
340.64209573575766,
342.7562467367342,
327.37928122341043,
274.4505119701423,
265.6862669085512,
238.94564260350595,
233.3141164189518,
305.7816760374768,
274.400221116472,
334.30200557897587,
232.64055965914585,
302.97006134939664,
239.3069660262306,
225.96493439627164,
207.6656578743812,
241.53195976030707,
211.0568545502011,
248.07146733350092,
213.02153513691212,
248.03493869894803,
292.8220737570583,
241.9982154770653,
257.37758553382196,
232.31154602352936,
245.25702810759591,
286.0305937965318,
248.73892302560336,
216.15768251324644,
238.46818769096149,
223.1643194066416,
291.67876940434525,
198.86775736289448,
261.64504944451966,
188.6027786708114,
192.04440156540068,
209.9032199972927,
185.29536709927098,
216.0119672340922,
235.6335066238252,
185.9161027964979,
217.39287710661935,
246.0129751073252,
211.0593107620088,
220.52637353273903,
229.90674855449413,
225.2961352508847,
214.98285939433788,
219.06375363793703,
214.21342876169942,
166.88511015637087,
212.05057941096845,
210.94016318746134,
205.38356546836323,
216.73931491965115,
380.9597385519802,
261.7577986764436,
227.13367965433858,
281.20963325122796,
219.1786931103999,
222.44421001472097,
181.90550526533977,
197.6303401229405,
191.58940079188582,
284.4619007677135,
236.57056351463393,
223.87934784842008,
197.52100198575766,
197.08174684732268,
187.33592178797957,
175.52088278591043,
188.28900660146581,
171.3250263705112,
192.09389567611242,
220.48519474445004,
190.43036311687808,
155.3577018209023,
179.457781783425,
171.62324946941715,
169.4879234993812,
171.26505521264406,
156.95874295376316,
149.48466401052946,
198.9523642511651,
168.62118228119198,
188.67372660117573,
184.30194061581452,
140.35996963954207,
164.6613411478477,
161.70400925438003,
172.39046893733564,
187.89520543164545,
209.27304262217908,
149.54493977763866,
152.29470122686706,
214.13565909508432,
205.6420041830233,
140.8851410516418
],
"val_loss": [
1.6864287853240967,
2.177501916885376,
2.2341954708099365,
1.9119348526000977,
1.4373143911361694,
1.5103237628936768,
1.2742494344711304,
1.7935998439788818,
1.1210705041885376,
0.9871172904968262,
1.3111895322799683,
0.9301891922950745,
0.9691552519798279,
2.232201337814331,
1.1012296676635742,
0.8265987038612366,
0.8998600244522095,
1.8638131618499756,
1.7265328168869019,
1.0003223419189453,
1.2494803667068481,
1.1399129629135132,
0.7949111461639404,
0.8632978200912476,
0.9074890613555908,
0.8526898622512817,
1.0745279788970947,
0.9595671892166138,
1.0039457082748413,
0.8785892724990845,
0.8337357044219971,
0.9946751594543457,
0.7794954180717468,
0.7931994199752808,
1.6248265504837036,
1.5847073793411255,
1.2582255601882935,
1.7593172788619995,
1.6729321479797363,
1.3829799890518188,
1.1582688093185425,
1.2714570760726929,
1.1486055850982666,
1.081004023551941,
1.033544659614563,
1.0143239498138428,
1.0228502750396729,
0.978752076625824,
0.8519073128700256,
0.6384369134902954,
0.6972160339355469,
0.9155455827713013,
1.1463282108306885,
1.3341799974441528,
1.060239553451538,
0.9857167601585388,
1.3382419347763062,
1.6181035041809082,
0.9604848027229309,
0.8719480633735657,
0.9195752143859863,
0.915423572063446,
0.875474750995636,
0.8463314771652222,
0.8523057699203491,
0.8676915168762207,
0.8041180372238159,
0.7299819588661194,
0.9393369555473328,
1.028031587600708,
1.0899320840835571,
1.2107313871383667,
1.2370936870574951,
1.5955661535263062,
2.117358446121216,
2.3333070278167725,
2.2622549533843994,
2.0947606563568115,
1.7029683589935303,
1.4274569749832153,
1.0344634056091309,
0.9528473019599915,
1.2186591625213623,
1.1411237716674805,
0.8504189252853394,
0.6634329557418823,
0.5818688869476318,
0.7333398461341858,
0.7396352291107178,
0.7605978846549988,
0.7680325508117676,
0.7403010725975037,
0.6800128221511841,
0.7275615334510803,
0.7412282824516296,
0.8057039380073547,
0.753297746181488,
0.6562065482139587,
0.5057867765426636,
0.6748196482658386
]
}