{
  "sspg": {
    "rmse": 144.63889359841184,
    "mae": 122.95439720153809,
    "r2": -2.8444856737591486,
    "pearson_r": -0.5007948742633535,
    "pearson_p": 0.311606240573659,
    "spearman_r": -0.08571428571428573,
    "spearman_p": 0.8717434402332361,
    "n": 6
  },
  "di": {
    "rmse": 56.32584402748726,
    "mae": 56.05153308312098,
    "r2": -5105.168388338881,
    "pearson_r": -0.32687016154434023,
    "pearson_p": 0.5271568322069186,
    "spearman_r": -0.5428571428571429,
    "spearman_p": 0.26570262390670557,
    "n": 6
  }
}