{
"epoch": [
1,
2,
3,
4,
5,
6,
7,
8,
9,
10,
11,
12,
13,
14,
15,
16,
17,
18,
19,
20,
21,
22,
23,
24,
25,
26,
27,
28,
29,
30,
31,
32,
33,
34,
35,
36,
37,
38,
39,
40,
41,
42,
43,
44,
45,
46,
47,
48,
49,
50,
51,
52,
53,
54,
55,
56,
57,
58,
59,
60,
61,
62,
63,
64,
65,
66,
67,
68,
69,
70,
71,
72,
73,
74,
75,
76,
77,
78,
79,
80,
81,
82,
83,
84,
85,
86,
87,
88,
89,
90,
91,
92,
93,
94,
95,
96,
97,
98,
99,
100
],
"train_loss": [
11.098793440526075,
1.3444871123474422,
0.9788623458088035,
0.9359416902655422,
0.6830700048715761,
0.5441252828234493,
0.4907894822040407,
0.40868462607412054,
0.3586034326270075,
0.3592108437920561,
0.31961095731447237,
0.29855010916691016,
0.3037454512449774,
0.3567865724020665,
0.3260867229782709,
0.3042085864166222,
0.3229117340380602,
0.4320409643177939,
0.35374770719226045,
0.2909896007858881,
0.39153676871025916,
0.334630944056086,
0.361888256255943,
0.3835675486243597,
0.4176631746905865,
0.37657537613764847,
0.3544661783345855,
0.34493390994496864,
0.5028752377717802,
0.45866486459675404,
0.416199517132032,
0.4450627344079537,
0.43800967695689436,
0.44956350238016335,
0.38049244054473275,
0.4376603388550258,
0.3657920266141986,
0.40228917929205565,
0.3544343451757242,
0.36249098535811547,
0.3617919332320147,
0.3870711555280308,
0.3597430206171357,
0.3813205128258998,
0.3544121535107641,
0.36455400568423885,
0.3431419479374838,
0.37438588095183417,
0.38530916344411303,
0.35607597940038926,
0.35527413537596714,
0.41705655697548744,
0.36577620276130074,
0.34848796495116585,
0.34735578003496226,
0.3566866354777081,
0.33243261543240876,
0.3292529760020794,
0.3406740341446187,
0.34041242035898833,
0.33145797724771026,
0.31275682357868345,
0.3313423946942433,
0.3028939705674011,
0.3781951347199997,
0.3178672961669393,
0.32241034124157214,
0.32699151204364135,
0.3591957387357655,
0.3404235453298776,
0.41951620652533994,
0.39889546609160925,
0.35083837025236375,
0.37572935577666405,
0.33921573864351406,
0.3568756155448385,
0.3766981540340008,
0.3520223961608245,
0.3581723913107768,
0.42223581465164034,
0.3746265261480124,
0.40011325567075523,
0.3539945698610627,
0.34315316069244156,
0.35781938752325454,
0.3591938486488739,
0.3661473293115597,
0.37276934102030085,
0.3621338154419814,
0.3722926581850146,
0.35999946045403436,
0.3834025237229791,
0.3673098385334015,
0.3912032937059308,
0.3815215227037373,
0.5006794634431896,
0.3478398387975032,
0.3801105190621744,
0.40425325856350436,
0.362180760001192
],
"val_loss": [
0.6753756403923035,
0.38378024101257324,
0.4006657898426056,
0.2779424786567688,
0.24431419372558594,
0.1990218460559845,
0.1465291678905487,
0.1278921216726303,
0.12100638449192047,
0.11131209880113602,
0.10706425458192825,
0.12123174220323563,
0.10358978062868118,
0.09794004261493683,
0.09852439165115356,
0.1410440057516098,
0.15203896164894104,
0.13454179465770721,
0.13215482234954834,
0.14951945841312408,
0.12997640669345856,
0.14872083067893982,
0.19880639016628265,
0.1634354293346405,
0.14013756811618805,
0.13910087943077087,
0.1815117597579956,
0.20621660351753235,
0.1964896023273468,
0.1637372076511383,
0.19903826713562012,
0.18027710914611816,
0.13336887955665588,
0.12993702292442322,
0.1308491975069046,
0.13985657691955566,
0.15922221541404724,
0.14432917535305023,
0.13868214190006256,
0.16989602148532867,
0.1379784494638443,
0.13537992537021637,
0.1464594006538391,
0.1289387345314026,
0.12373922020196915,
0.14149153232574463,
0.13886690139770508,
0.11992122232913971,
0.1565406769514084,
0.15881197154521942,
0.1321112960577011,
0.16549775004386902,
0.14460580050945282,
0.11454438418149948,
0.12137801200151443,
0.1259097158908844,
0.1221187636256218,
0.1499977707862854,
0.12700067460536957,
0.1138290986418724,
0.11840881407260895,
0.10851069539785385,
0.12447760999202728,
0.11298094689846039,
0.16418366134166718,
0.1313103884458542,
0.16160067915916443,
0.20065639913082123,
0.12331204861402512,
0.215273916721344,
0.11420673877000809,
0.12229550629854202,
0.1831955760717392,
0.14759132266044617,
0.1694435477256775,
0.13547228276729584,
0.13921767473220825,
0.12489497661590576,
0.15166357159614563,
0.13342295587062836,
0.1381828784942627,
0.14611642062664032,
0.12197089940309525,
0.13082098960876465,
0.14982280135154724,
0.12499789893627167,
0.11645554006099701,
0.12105288356542587,
0.12221455574035645,
0.11953546851873398,
0.1481856256723404,
0.1304793804883957,
0.16501815617084503,
0.13294845819473267,
0.12566062808036804,
0.11653554439544678,
0.10998187214136124,
0.16249309480190277,
0.10444898903369904,
0.12925727665424347
]
}