{
  "n": 20,
  "pearson_r": 0.6330013166579426,
  "pearson_p": 0.002738305738411253,
  "spearman_r": 0.7052631578947368,
  "spearman_p": 0.0005141445995748776,
  "r2": 0.15089539082656367,
  "rmse": 73.55202374120452,
  "mae": 57.98584650317467
}