{
  "n": 16,
  "pearson_r": 0.6723061834072698,
  "pearson_p": 0.004329023736536995,
  "spearman_r": 0.6764705882352942,
  "spearman_p": 0.00400825239020936,
  "r2": 0.3135452214650495,
  "rmse": 0.6006809109749385,
  "mae": 0.4380679594398732
}