{
"epoch": [
1,
2,
3,
4,
5,
6,
7,
8,
9,
10,
11,
12,
13,
14,
15,
16,
17,
18,
19,
20,
21,
22,
23,
24,
25,
26,
27,
28,
29,
30,
31,
32,
33,
34,
35,
36,
37,
38,
39,
40,
41,
42,
43,
44,
45,
46,
47,
48,
49,
50,
51,
52,
53,
54,
55,
56,
57,
58,
59,
60,
61,
62,
63,
64,
65,
66,
67,
68,
69,
70,
71,
72,
73,
74,
75,
76,
77,
78,
79,
80,
81,
82,
83,
84,
85,
86,
87,
88,
89,
90,
91,
92,
93,
94,
95,
96,
97,
98,
99,
100
],
"train_loss": [
11.285516001961447,
1.6005957931667179,
1.1675175010383902,
0.7569821670457915,
0.6900681226284473,
0.5910346833142367,
0.5702558941655345,
0.5409134990209109,
0.4923976849425923,
0.48345942156655447,
0.48454581646176126,
0.45684348762809457,
0.4701083569557636,
0.45877505393771384,
0.45067308823783675,
0.4571246946012819,
0.4346440399621988,
0.43478570085067253,
0.45241862767702573,
0.43069003851382764,
0.4413284860648118,
0.4336530179172367,
0.4537804231241152,
0.43048159913583234,
0.4183047100321039,
0.41821550626259346,
0.4151734465902502,
0.43748969149279904,
0.4342461344483611,
0.4448317691877291,
0.44616006643741163,
0.4509694142775102,
0.4582255761344711,
0.450255172593253,
0.4604525597064526,
0.4588047544677536,
0.46256923791650056,
0.45668539830616545,
0.4518234288537657,
0.46469866687601263,
0.4755641941900377,
0.4736558760141397,
0.4836265847280428,
0.47641017104124095,
0.481821041602593,
0.4742757399360855,
0.4696382504779023,
0.483946599743583,
0.477761976130597,
0.4745465180316529,
0.4784508417179058,
0.4794944292539126,
0.48588013571578187,
0.4746338136784442,
0.477588598217283,
0.48403224039387394,
0.47114432012880003,
0.4734435871049955,
0.47312828472682406,
0.4713842427575743,
0.47992543585888753,
0.48354240206928994,
0.48656276913432334,
0.4780940165767422,
0.45708339090471145,
0.46487355812803494,
0.4632699768264572,
0.46579245274717157,
0.4539039676839655,
0.48431553236849895,
0.46803095085280283,
0.4624714816545511,
0.4790135923918192,
0.4693577390212517,
0.46778482663166987,
0.4789137460968711,
0.47363700804772313,
0.47857468701028205,
0.4769807562425539,
0.4658979951561271,
0.47081911254238773,
0.4858379905874079,
0.47893416107474984,
0.4919928683863058,
0.4879692518091821,
0.5048490073773768,
0.4981229839386878,
0.5083574869415977,
0.4946693793519751,
0.4925126688820975,
0.5018518071670037,
0.46335325264311455,
0.48907789897609066,
0.49716411782549574,
0.5194440933016987,
0.5446791594678705,
0.5211013005925463,
0.5188234796771756,
0.5179298411716114,
0.5309756011157841
],
"val_loss": [
1.726387619972229,
1.7039945125579834,
0.8584872484207153,
0.5742232799530029,
0.5190203785896301,
0.4508461058139801,
0.43879446387290955,
0.44787245988845825,
0.4289580285549164,
0.4104199707508087,
0.43380552530288696,
0.3903983533382416,
0.4074532687664032,
0.3656361997127533,
0.395662397146225,
0.38101401925086975,
0.38302475214004517,
0.36338576674461365,
0.35661301016807556,
0.34871116280555725,
0.35305339097976685,
0.3623813986778259,
0.37325555086135864,
0.3476385176181793,
0.34616604447364807,
0.3459221124649048,
0.3347789943218231,
0.33517661690711975,
0.37194886803627014,
0.34916630387306213,
0.34415411949157715,
0.352752685546875,
0.35759449005126953,
0.3500540554523468,
0.3471681773662567,
0.3627524673938751,
0.3532453775405884,
0.3440383970737457,
0.3581817150115967,
0.34820356965065,
0.34922313690185547,
0.3655226230621338,
0.34570324420928955,
0.3425368666648865,
0.3372232913970947,
0.33382269740104675,
0.3498288094997406,
0.3400762379169464,
0.33426058292388916,
0.33058905601501465,
0.322294145822525,
0.3236338794231415,
0.3300548791885376,
0.331754207611084,
0.3309449255466461,
0.3274311423301697,
0.32991692423820496,
0.32099035382270813,
0.31995707750320435,
0.323734313249588,
0.3258918225765228,
0.33482176065444946,
0.32834088802337646,
0.33305174112319946,
0.3215217888355255,
0.3222167193889618,
0.3153364062309265,
0.2991316020488739,
0.30571889877319336,
0.3045711815357208,
0.31769174337387085,
0.3178468942642212,
0.30438050627708435,
0.3112350106239319,
0.3202682137489319,
0.3321259915828705,
0.34011420607566833,
0.33177709579467773,
0.3194535970687866,
0.3091375231742859,
0.2993524968624115,
0.28477275371551514,
0.2947709262371063,
0.3034975826740265,
0.2990081310272217,
0.326687753200531,
0.3042084574699402,
0.28334805369377136,
0.2908817231655121,
0.2555340528488159,
0.21674051880836487,
0.14636915922164917,
0.23299787938594818,
0.3067813515663147,
0.26022258400917053,
0.20329952239990234,
0.16085506975650787,
0.15486297011375427,
0.2336403876543045,
0.16555020213127136
]
}