{
"epoch": [
1,
2,
3,
4,
5,
6,
7,
8,
9,
10,
11,
12,
13,
14,
15,
16,
17,
18,
19,
20,
21,
22,
23,
24,
25,
26,
27,
28,
29,
30,
31,
32,
33,
34,
35,
36,
37,
38,
39,
40,
41,
42,
43,
44,
45,
46,
47,
48,
49,
50,
51,
52,
53,
54,
55,
56,
57,
58,
59,
60,
61,
62,
63,
64,
65,
66,
67,
68,
69,
70,
71,
72,
73,
74,
75,
76,
77,
78,
79,
80,
81,
82,
83,
84,
85,
86,
87,
88,
89,
90,
91,
92,
93,
94,
95,
96,
97,
98,
99,
100
],
"train_loss": [
1617.937534877232,
782.4123233943791,
709.2977231508726,
711.3640382444704,
520.1536239029525,
530.9743200525061,
511.46559836647725,
580.1185873452719,
550.4047629616477,
583.011340649097,
447.7296622140067,
508.71362463220373,
529.31289752118,
507.2215790191254,
587.3454573990463,
561.712335363611,
489.6633954729353,
482.94632393973217,
446.9563832468801,
572.0173153567624,
570.2562905844156,
505.96237499682934,
595.6039103718547,
535.746486911526,
489.52887676288555,
512.1568318156453,
501.7344340534953,
510.42801418552153,
539.0910541484882,
561.525831346388,
487.99972593629514,
452.2419144271256,
507.3100792030235,
481.1716839678876,
487.75924801516845,
466.0294886997768,
460.45864907797284,
526.536942915483,
490.8318350655692,
474.1388204995688,
506.5580971457741,
452.8121771874366,
434.03045674113486,
473.1395033799209,
477.22790963309154,
487.97193413276176,
450.72859568410104,
439.6617320667614,
407.93979912299613,
407.60318904728086,
463.79957917448763,
427.7700437075132,
352.07894382229097,
481.2131561675629,
480.5447839514002,
385.96290816269914,
442.6171137822139,
534.6470971045557,
445.118226682985,
408.2969328644988,
455.7962438409979,
453.69756802645594,
437.7806578797179,
385.22865315226767,
413.30443939605317,
518.013103534649,
486.48744657442165,
466.084226335798,
444.7440181583553,
515.2926976587866,
452.04391816374545,
375.594549402014,
466.9264835506291,
442.8024323698762,
484.8133263526025,
534.4960045752588,
491.85839764483563,
464.75644990995335,
511.5020498300528,
452.43199910745994,
487.35087208933646,
429.1589862773945,
416.7005044516031,
399.15243332107343,
403.269306529652,
433.15063813444857,
353.14304302265117,
388.27832586115056,
373.31099948635347,
372.0433738014915,
477.8250106217025,
380.0140836641386,
371.2515480735085,
370.07120266208403,
454.72718077820616,
457.72435968572444,
366.2317005504261,
290.30114825360187,
299.70913973721593,
380.41976205404706
],
"val_loss": [
2.996382236480713,
3.115845203399658,
2.9780502319335938,
3.219080924987793,
3.1701228618621826,
2.903186321258545,
2.8053836822509766,
2.8480899333953857,
2.8994855880737305,
2.5778675079345703,
2.9301939010620117,
2.6438512802124023,
2.795945644378662,
2.796613931655884,
2.7775278091430664,
2.8412535190582275,
2.398623466491699,
2.7986161708831787,
2.6904892921447754,
2.527129888534546,
2.3900372982025146,
3.349720001220703,
3.331047773361206,
2.417456865310669,
3.3922085762023926,
3.3752176761627197,
3.4283552169799805,
3.2891156673431396,
2.681981086730957,
2.719062566757202,
2.7649126052856445,
2.292158842086792,
2.0062601566314697,
1.9471708536148071,
2.7501397132873535,
2.55216383934021,
1.899303913116455,
1.8611698150634766,
2.028240919113159,
2.402925729751587,
2.1907334327697754,
2.132194995880127,
1.923963189125061,
2.7324764728546143,
2.0816023349761963,
2.2141778469085693,
2.2536582946777344,
2.270291566848755,
2.18076753616333,
2.1014134883880615,
1.9481706619262695,
1.8497660160064697,
2.1243510246276855,
1.7632251977920532,
1.7097890377044678,
2.3800888061523438,
2.424027442932129,
1.8646938800811768,
1.8382354974746704,
1.7802056074142456,
1.743577241897583,
1.4981498718261719,
2.1233432292938232,
1.7877410650253296,
1.7159175872802734,
1.8587161302566528,
1.0874537229537964,
1.004886507987976,
1.646980881690979,
1.2513436079025269,
1.27255380153656,
1.2210966348648071,
1.507066011428833,
1.7954890727996826,
1.8387402296066284,
1.4371672868728638,
1.2671195268630981,
1.3196706771850586,
1.3256256580352783,
1.3577685356140137,
1.4184823036193848,
1.5305904150009155,
1.5551470518112183,
1.4703800678253174,
1.4651321172714233,
1.3040249347686768,
1.2264741659164429,
1.2457448244094849,
1.1407811641693115,
1.0933095216751099,
1.1240499019622803,
1.121819019317627,
1.1323882341384888,
1.0849403142929077,
1.0414013862609863,
1.0817760229110718,
0.9988634586334229,
1.0588085651397705,
1.1106241941452026,
1.2798576354980469
]
}