{
"epoch": [
1,
2,
3,
4,
5,
6,
7,
8,
9,
10,
11,
12,
13,
14,
15,
16,
17,
18,
19,
20,
21,
22,
23,
24,
25,
26,
27,
28,
29,
30,
31,
32,
33,
34,
35,
36,
37,
38,
39,
40,
41,
42,
43,
44,
45,
46,
47,
48,
49,
50,
51,
52,
53,
54,
55,
56,
57,
58,
59,
60,
61,
62,
63,
64,
65,
66,
67,
68,
69,
70,
71,
72,
73,
74,
75,
76,
77,
78,
79,
80,
81,
82,
83,
84,
85,
86,
87,
88,
89,
90,
91,
92,
93,
94,
95,
96,
97,
98,
99,
100
],
"train_loss": [
2611471.999760615,
970.435775955002,
685.6189884334416,
733.6391657049006,
581.9191458565848,
552.1368388386516,
551.5789775105266,
507.8296441412591,
553.692503693816,
547.5193013773336,
544.2253116756291,
542.9159886744116,
574.9594346083604,
573.125529499797,
506.6260700968953,
455.85070404449067,
504.55013126521914,
596.658352145901,
518.2501002720425,
560.3825469574371,
502.0361613484172,
645.9044173599838,
597.1587893002993,
549.4185664189326,
554.7972221869927,
515.3431444044237,
462.94949974951805,
544.927001953125,
486.7003364067573,
473.09906957056614,
517.2609027020343,
537.4611804516285,
501.241584678749,
481.95452880859375,
516.4681210208249,
551.1664658583604,
541.0315258471996,
541.7053159243101,
615.3327890371347,
477.93740012428975,
581.2035264845018,
511.8852237850041,
533.1171343914874,
506.74313948990465,
476.94664457246853,
510.83908041421466,
579.9255529626623,
449.24655745865465,
522.7445361645191,
448.3180946251015,
449.9006189123377,
461.0144296621347,
473.5671327268922,
469.788766439859,
446.76613309785915,
459.19338632558845,
445.3673642641538,
424.49670965021306,
547.2698728883421,
541.2641355836546,
502.6003227729302,
470.15004185267856,
440.3156040736607,
425.48273933707895,
463.337819285207,
482.22313065962356,
429.64992929433845,
504.66286636947035,
463.4760040679535,
417.8173717151989,
499.5913038377638,
606.678568257914,
408.73956259194904,
478.9287604790229,
501.60562331955157,
420.212259664164,
543.2877363725142,
557.4814912870332,
476.59242585417513,
511.19509293197035,
498.4007037274249,
459.40039855164366,
474.9792940214083,
426.35501851663963,
538.2490289861506,
551.6375225116681,
475.42716603464896,
386.7333958613408,
412.466868214793,
398.37587430879665,
503.65112146154627,
457.05202176973415,
428.75341242009944,
454.8751292042918,
445.96237301516845,
428.9217517406909,
461.5475420270647,
423.5559944053749,
436.6406275761592,
462.79958511947035
],
"val_loss": [
2.6235833168029785,
3.3599328994750977,
3.380359649658203,
4.09714412689209,
3.957350254058838,
3.850654125213623,
3.4336400032043457,
2.5696651935577393,
1.9298429489135742,
1.3587770462036133,
1.372741937637329,
1.2565338611602783,
1.441461205482483,
1.5648514032363892,
1.4120935201644897,
1.1500600576400757,
1.118248462677002,
1.0962326526641846,
1.159963846206665,
1.2528201341629028,
1.0649935007095337,
0.9441866278648376,
0.9105076789855957,
0.8720613718032837,
0.8525532484054565,
0.8199664354324341,
0.7526561617851257,
0.6949172616004944,
0.6761403679847717,
0.6218492984771729,
0.6298699378967285,
0.6312165260314941,
0.6266335844993591,
0.6077669262886047,
0.6070515513420105,
0.6258049011230469,
0.6210078597068787,
0.6270632147789001,
0.6139939427375793,
0.5969096422195435,
0.6029258370399475,
0.6105853319168091,
0.6332899928092957,
0.5982627868652344,
0.6082521080970764,
0.618168294429779,
0.8223021030426025,
0.6169672608375549,
0.5957375168800354,
0.6228988766670227,
0.5838823318481445,
0.5810478925704956,
0.6725224256515503,
0.548613429069519,
0.6306896209716797,
0.753909170627594,
1.009324312210083,
0.8632542490959167,
0.7501407265663147,
0.8557396531105042,
0.9766542911529541,
0.7987622618675232,
0.7258996367454529,
0.7648348212242126,
0.8697983622550964,
0.8586550951004028,
0.5562213063240051,
0.5834878087043762,
0.6626083254814148,
0.5659145712852478,
0.675575852394104,
0.7759794592857361,
0.8017182350158691,
0.58583664894104,
0.5792596936225891,
0.6208689212799072,
0.8630431890487671,
1.012725830078125,
0.7763752937316895,
0.5432428121566772,
0.6339316368103027,
0.6775176525115967,
0.7835944294929504,
0.6818718314170837,
0.5517257452011108,
0.6557220220565796,
0.9353363513946533,
0.9430076479911804,
0.6476976871490479,
0.5979517698287964,
0.6238870024681091,
0.6397746205329895,
0.7070607542991638,
0.5133503079414368,
0.5516693592071533,
0.661068320274353,
0.9823850989341736,
0.5380125045776367,
0.8013331890106201,
1.5077980756759644
]
}