{
  "n": 16,
  "pearson_r": 0.6801560397756926,
  "pearson_p": 0.003740567454503211,
  "spearman_r": 0.6588235294117648,
  "spearman_p": 0.005511422336343686,
  "r2": 0.30837757123607645,
  "rmse": 0.6029376428649018,
  "mae": 0.4413722698009944
}