{
  "sspg": {
    "rmse": 136.94723001327213,
    "mae": 115.04529507954915,
    "r2": -2.4364891005659435,
    "pearson_r": -0.024843227250077867,
    "pearson_p": 0.9627428255701672,
    "spearman_r": -0.028571428571428574,
    "spearman_p": 0.9571545189504373,
    "n": 6
  },
  "di": {
    "rmse": 0.9717709139471801,
    "mae": 0.8110015541315079,
    "r2": -0.617219605456975,
    "pearson_r": -0.24843678772025837,
    "pearson_p": 0.7515632122797415,
    "spearman_r": -0.6000000000000001,
    "spearman_p": 0.3999999999999999,
    "n": 4
  }
}