{
"epoch": [
1,
2,
3,
4,
5,
6,
7,
8,
9,
10,
11,
12,
13,
14,
15,
16,
17,
18,
19,
20,
21,
22,
23,
24,
25,
26,
27,
28,
29,
30,
31,
32,
33,
34,
35,
36,
37,
38,
39,
40,
41,
42,
43,
44,
45,
46,
47,
48,
49,
50,
51,
52,
53,
54,
55,
56,
57,
58,
59,
60,
61,
62,
63,
64,
65,
66,
67,
68,
69,
70,
71,
72,
73,
74,
75,
76,
77,
78,
79,
80,
81,
82,
83,
84,
85,
86,
87,
88,
89,
90,
91,
92,
93,
94,
95,
96,
97,
98,
99,
100
],
"train_loss": [
7.134751655087612,
1.2559171395726723,
1.0420874259849586,
0.6220455057550185,
0.5575179906174688,
0.4885898568842671,
0.5614576366278204,
0.5098788360557934,
0.44448623857875863,
0.4034957080194266,
0.39134132419482315,
0.3708807362778352,
0.3909809551026561,
0.3909813218777723,
0.41249833484687426,
0.3571278095835506,
0.35869189359173914,
0.3206615486357472,
0.32408889803555935,
0.35204811763055255,
0.3199840468345302,
0.3406382439160111,
0.35872361300015215,
0.3642923312612099,
0.29433360208969306,
0.3002134897921345,
0.2872116310466634,
0.28745154726623307,
0.31038172174208234,
0.3078886539039045,
0.2383796224499693,
0.27548961828250695,
0.3318311819935789,
0.2940249597967261,
0.257781982421875,
0.297325857204966,
0.3512886101656621,
0.45610604604872146,
0.4163620702110895,
0.32044097633645086,
0.3378828669538592,
0.3800728976136387,
0.3508823248419431,
0.35875091104224177,
0.3997037413686809,
0.3687988161155493,
0.38315656043515345,
0.3722805882444476,
0.38238621185911764,
0.36191239923533824,
0.3191868636277643,
0.3468238016461382,
0.35901052851488097,
0.3488759711237237,
0.4181679602306668,
0.37043744797753814,
0.34330483548121876,
0.32231300626650894,
0.35445788325649674,
0.3438390015375496,
0.37590059756052374,
0.3882878469948721,
0.3732595181111062,
0.3704783066664592,
0.3527405981970306,
0.36254082664404763,
0.35553500852962533,
0.3543487872817729,
0.3208059736407629,
0.33233028591269315,
0.3218953813066577,
0.37567940678926975,
0.34651214090904386,
0.31871587347866287,
0.3392100419738505,
0.33580133997567807,
0.3583570093211561,
0.33612350249054407,
0.36677398687542073,
0.33114683096951775,
0.36353973409917095,
0.39510888923512827,
0.36136220528347657,
0.3922525962980667,
0.3569055235031808,
0.3593886240874187,
0.3474452530983651,
0.35090991530087917,
0.34787450273438253,
0.3850058452917798,
0.3530327530190496,
0.369853807262855,
0.3734136749022078,
0.3725470782506584,
0.33963934708349774,
0.34737659002294635,
0.3515078066894324,
0.36915604165284943,
0.37525524715385816,
0.37249181589277663
],
"val_loss": [
0.7119518518447876,
0.4437563717365265,
0.42153558135032654,
0.4305300712585449,
0.4132150411605835,
0.47840675711631775,
0.2823600471019745,
0.3481673300266266,
0.3092583119869232,
0.2666683793067932,
0.261599063873291,
0.25660502910614014,
0.2688523828983307,
0.24575109779834747,
0.2549578845500946,
0.2672942280769348,
0.22721821069717407,
0.20550085604190826,
0.2275184839963913,
0.2004365772008896,
0.1780787706375122,
0.18563856184482574,
0.21333284676074982,
0.21366442739963531,
0.1863844245672226,
0.20262886583805084,
0.16940437257289886,
0.15544100105762482,
0.18363170325756073,
0.09936976432800293,
0.09759113937616348,
0.15998627245426178,
0.11099051684141159,
0.0973537415266037,
0.1273086816072464,
0.18763230741024017,
0.3033989369869232,
0.2250850349664688,
0.15685789287090302,
0.1826590597629547,
0.2157249003648758,
0.17658205330371857,
0.15115249156951904,
0.19580651819705963,
0.19832469522953033,
0.2657848298549652,
0.258075088262558,
0.2463085651397705,
0.22991396486759186,
0.18726730346679688,
0.20412102341651917,
0.15434160828590393,
0.1779038906097412,
0.20795848965644836,
0.20367562770843506,
0.1834249645471573,
0.15836212038993835,
0.18282382190227509,
0.20873971283435822,
0.22875654697418213,
0.2163013070821762,
0.1972634643316269,
0.24594232439994812,
0.16163109242916107,
0.1690094769001007,
0.13231565058231354,
0.15759465098381042,
0.10272727161645889,
0.11403608322143555,
0.14141108095645905,
0.14639729261398315,
0.1647120714187622,
0.12657055258750916,
0.11390785127878189,
0.12875986099243164,
0.10888637602329254,
0.16114692389965057,
0.13530083000659943,
0.14115113019943237,
0.11242255568504333,
0.13653738796710968,
0.1275194138288498,
0.14776228368282318,
0.16891834139823914,
0.13489553332328796,
0.12496349215507507,
0.1332402378320694,
0.10914697498083115,
0.12202627956867218,
0.1355787068605423,
0.1359686702489853,
0.12629108130931854,
0.12960024178028107,
0.11333759874105453,
0.09515930712223053,
0.127550408244133,
0.12440673261880875,
0.14745266735553741,
0.13023681938648224,
0.13234613835811615
]
}