feature_set,target,model,cv_spearman,cv_r2,cv_rmse,test_spearman,test_r2,test_rmse,test_mae
10D,di,RidgeCV,0.3733723763274857,0.0566721069071307,1.0914847404474022,0.6470588235294118,0.2934055097922138,0.6094288193293353,0.4542984442111082
16D,di,RidgeCV,0.2652201567510103,-0.0211996139738084,1.1356425371518712,0.4764705882352941,0.0781677748786822,0.6960874558529734,0.5327864141786249
26D,di,RidgeCV,0.3420739976484525,0.0213513469616813,1.1117310403713905,0.6088235294117647,0.2073516310995026,0.6454731026249662,0.4733235798100889
10D,sspg,RidgeCV_YJTarget,-0.0133739925351354,-0.1946419354546051,81.34043225386303,0.7563909774436091,0.2272738763435799,70.16601707131558,54.129760205876686
16D,sspg,RidgeCV,0.222819839723621,-0.0762155652121077,77.20354322936845,0.7518796992481201,0.0489069232405693,77.84407055105328,49.97409796351086
26D,sspg,RidgeCV_YJTarget,0.0362562454722702,-0.2366776612426848,82.75911848742146,0.7909774436090224,0.225208843157781,70.25971034375839,51.55646373338792
