feature_set,target,model,cv_spearman,cv_r2,cv_rmse,test_spearman,test_r2,test_rmse,test_mae
10D,di,GBR_small,0.39137374443275796,0.11186672963619171,1.0590717898920874,-0.1507780711705579,-1.466767722270112,1.1386807873095675,0.8564358712793559
16D,di,RidgeCV_YJTarget,0.2765970213935424,-0.08306111168605002,1.1695338912447102,0.5441176470588236,-0.08504390504362536,0.7551991984278685,0.5834678462961073
26D,di,RidgeCV_YJTarget,0.3527308075667736,-0.010986354823649291,1.1299493516956463,0.6382352941176471,0.04625702456586467,0.7080330665660588,0.5373769771981806
10D,sspg,GBR_small,0.08158855769190346,-0.3779220499971019,87.35744492676709,-0.5212486265573211,-0.9045508763175851,110.15654768683626,97.53707651493275
16D,sspg,RidgeCV_YJTarget,0.24390128576643771,-0.13600859741392313,79.319214953395,0.675187969924812,-0.2455555868927275,89.08315391121732,55.02768767608946
26D,sspg,RF_mid,0.044852097047815086,-0.20920943876798037,81.83486350521518,-0.3142857142857143,-0.316261971033871,91.5767432050742,77.87350047960516
