feature_set,sspg_model,di_model,ir_auc,decomp_auc,ir_f1,decomp_f1
10D,RidgeCV_YJTarget,RidgeCV,0.9034090909090908,0.9440000000000001,0.608695652173913,0.625
16D,RidgeCV,RidgeCV,0.8465909090909091,0.896,0.608695652173913,0.625
26D,RidgeCV_YJTarget,RidgeCV,0.8977272727272727,0.9440000000000001,0.608695652173913,0.625
