{
"epoch": [
1,
2,
3,
4,
5,
6,
7,
8,
9,
10,
11,
12,
13,
14,
15,
16,
17,
18,
19,
20,
21,
22,
23,
24,
25,
26,
27,
28,
29,
30,
31,
32,
33,
34,
35,
36,
37,
38,
39,
40,
41,
42,
43,
44,
45,
46,
47,
48,
49,
50,
51,
52,
53,
54,
55,
56,
57,
58,
59,
60,
61,
62,
63,
64,
65,
66,
67,
68,
69,
70,
71,
72,
73,
74,
75,
76,
77,
78,
79,
80,
81,
82,
83,
84,
85,
86,
87,
88,
89,
90,
91,
92,
93,
94,
95,
96,
97,
98,
99,
100
],
"train_loss": [
4.22396613715531,
1.7943697742053442,
1.7850113936832972,
1.7777078337483592,
1.502862758450694,
1.1737773139755447,
1.3268374870349835,
0.9993888217133361,
0.8791033757197393,
0.7885799942078529,
0.9029360847039656,
0.6192659967905515,
0.6885112276324978,
0.8410636279490087,
0.7195144272469854,
0.6146913836528729,
0.6617223736527679,
0.5948216350047619,
0.5632023339147691,
0.6029152250909185,
0.5590357579194106,
0.575316744191306,
0.5486133470163717,
0.5059109198582636,
0.5645608828439341,
0.6095723687828362,
0.5277031791674627,
0.49741487146972063,
0.4773851888520377,
0.49950572267755283,
0.5361857592285454,
0.49064604260704736,
0.4745541044643947,
0.49020728972051053,
0.49593116246260605,
0.4466922511528065,
0.46619037683908043,
0.46311516343773185,
0.444635159396506,
0.48680573198702426,
0.4701876802877946,
0.5150451594358915,
0.4992552980200037,
0.4758928820684359,
0.4149095214806594,
0.4581232883713462,
0.43554056387443046,
0.4483042847026478,
0.47428165124608324,
0.4615112829518008,
0.4322138920232847,
0.45201214489998753,
0.47192321350048116,
0.4471191388446015,
0.44007801429017795,
0.4424931240546239,
0.42566890221137504,
0.4139633956667665,
0.4397292055866935,
0.4370552607170947,
0.4590920116994288,
0.432442702643283,
0.42831630598415027,
0.4427087837225431,
0.45481964790975893,
0.44664807714425125,
0.42477897854594443,
0.40990075972173123,
0.40823154015974566,
0.4657964145208334,
0.4557428615433829,
0.42409889883809276,
0.4057572584647637,
0.4526201734295139,
0.4103599999632154,
0.43807788909255685,
0.47700398850750614,
0.4420527312662694,
0.4870009313930165,
0.4635104815681259,
0.4582875521926137,
0.4486852268893997,
0.4187800953914593,
0.4411001905992434,
0.46190310724369893,
0.40724933418360626,
0.42420381617236447,
0.44044556091358134,
0.4365281276888662,
0.42628350815215665,
0.4519647684964267,
0.4398331657632605,
0.4560291701323026,
0.45798475053403287,
0.4203571259201347,
0.42842445396757745,
0.4100359496358153,
0.42978762109558305,
0.43842287380974015,
0.4392391559365508
],
"val_loss": [
0.12077275663614273,
0.12077275663614273,
0.12077275663614273,
0.12077275663614273,
0.12077275663614273,
0.12077275663614273,
0.12077275663614273,
0.12077275663614273,
0.12077275663614273,
0.12077275663614273,
0.12077275663614273,
0.12077275663614273,
0.12077275663614273,
0.12077275663614273,
0.12077275663614273,
0.12077275663614273,
0.12077275663614273,
0.12077275663614273,
0.12077275663614273,
0.12077275663614273,
0.12077275663614273,
0.12077275663614273,
0.12077275663614273,
0.12077275663614273,
0.12077275663614273,
0.12077275663614273,
0.12077275663614273,
0.12077275663614273,
0.12077275663614273,
0.12077275663614273,
0.12077275663614273,
0.12077275663614273,
0.12077275663614273,
0.12077275663614273,
0.12077275663614273,
0.12077275663614273,
0.12077275663614273,
0.12077275663614273,
0.12077275663614273,
0.12077275663614273,
0.12077275663614273,
0.12077275663614273,
0.12077275663614273,
0.12077275663614273,
0.12077275663614273,
0.12077275663614273,
0.12077275663614273,
0.12077275663614273,
0.12077275663614273,
0.12077275663614273,
0.12077275663614273,
0.12077275663614273,
0.12077275663614273,
0.12077275663614273,
0.12077275663614273,
0.12077275663614273,
0.12077275663614273,
0.12077275663614273,
0.12077275663614273,
0.12077275663614273,
0.12077275663614273,
0.12077275663614273,
0.12077275663614273,
0.12077275663614273,
0.12077275663614273,
0.12077275663614273,
0.12077275663614273,
0.12077275663614273,
0.12077275663614273,
0.12077275663614273,
0.12077275663614273,
0.12077275663614273,
0.12077275663614273,
0.12077275663614273,
0.12077275663614273,
0.12077275663614273,
0.12077275663614273,
0.12077275663614273,
0.12077275663614273,
0.12077275663614273,
0.12077275663614273,
0.12077275663614273,
0.12077275663614273,
0.12077275663614273,
0.12077275663614273,
0.12077275663614273,
0.12077275663614273,
0.12077275663614273,
0.12077275663614273,
0.12077275663614273,
0.12077275663614273,
0.12077275663614273,
0.12077275663614273,
0.12077275663614273,
0.12077275663614273,
0.12077275663614273,
0.12077275663614273,
0.12077275663614273,
0.12077275663614273,
0.12077275663614273
]
}