{
"epoch": [
1,
2,
3,
4,
5,
6,
7,
8,
9,
10,
11,
12,
13,
14,
15,
16,
17,
18,
19,
20,
21,
22,
23,
24,
25,
26,
27,
28,
29,
30,
31,
32,
33,
34,
35,
36,
37,
38,
39,
40,
41,
42,
43,
44,
45,
46,
47,
48,
49,
50,
51,
52,
53,
54,
55,
56,
57,
58,
59,
60,
61,
62,
63,
64,
65,
66,
67,
68,
69,
70,
71,
72,
73,
74,
75,
76,
77,
78,
79,
80,
81,
82,
83,
84,
85,
86,
87,
88,
89,
90,
91,
92,
93,
94,
95,
96,
97,
98,
99,
100
],
"recon_loss": [
0.1611075664495493,
0.14815431088209152,
0.16797392070293427,
0.15577897545579192,
0.16417770977918203,
0.14508833242701247,
0.14516987941868895,
0.14393310616542768,
0.1419626876905367,
0.1453264458225919,
0.14499763399362564,
0.16278563459198198,
0.14110677776398597,
0.1526148570822431,
0.14905987738014817,
0.15110935870703165,
0.16360786808775618,
0.16488230750932323,
0.14100940177192936,
0.16377285064814925,
0.1429764318775821,
0.1359317751673909,
0.15042064135724847,
0.1558814640943106,
0.1589575945943981,
0.1635543353758849,
0.1554956314238635,
0.16655431958762082,
0.16551321377227832,
0.15026467903093857,
0.17217882548446778,
0.15247127655651663,
0.13665079141592051,
0.1516717623967629,
0.15919730570409205,
0.15932684304652275,
0.14320270930017745,
0.1472243345403052,
0.15222218864923948,
0.1559415464470913,
0.14052194453679123,
0.15109506636470943,
0.15929918639458618,
0.1384350624564406,
0.133573033012353,
0.14722791836633312,
0.16009279021195003,
0.15203224857906242,
0.14651389555497604,
0.15540214540896477,
0.14734170614898978,
0.15310828155511386,
0.14241267663317841,
0.16148525505483924,
0.1449718119262101,
0.1550453481349078,
0.15261610065187728,
0.14014926301194475,
0.15211474643899248,
0.1434541561386802,
0.16720862667281905,
0.14790209179574793,
0.15305654569105667,
0.15941135333730028,
0.1507397944276983,
0.15429364202858567,
0.13917504841244066,
0.14151234924793243,
0.14098373887600837,
0.17325818809595975,
0.15549728138880295,
0.14900146889222132,
0.12630239245179412,
0.1572419275324066,
0.14514121277765793,
0.14687224119514614,
0.16648741782485665,
0.15606727818777036,
0.15535962446169418,
0.1512796716256575,
0.15090458404708218,
0.15886719195873705,
0.14671094928468978,
0.16204746493271419,
0.15483433027546128,
0.1413777551867745,
0.14631993371944924,
0.14333621925347811,
0.1558838521505331,
0.16060410788306942,
0.15421129018068314,
0.14552967869616174,
0.17622984016870524,
0.1624281539932474,
0.14401822469451211,
0.149345076703406,
0.14472380996524514,
0.15461162913155246,
0.15687832952319802,
0.1631861063954118
],
"sspg_loss": [
8.85760226807037,
5.638058261437849,
6.48211551641489,
7.32412171054196,
5.562115427735564,
5.632608302227863,
6.6335888899766005,
4.3757601341643895,
3.151766808002026,
2.661778078450785,
3.0310439258426816,
1.4934100408058661,
1.8872818513350054,
2.8418029345475233,
1.9530262358776935,
2.1085387050331414,
1.912442229010842,
1.3600566681329307,
1.6560164550682166,
1.6126066337932239,
1.4536867993218558,
1.8352591170893087,
1.4968822915832718,
1.1268649945011386,
1.5319253910671582,
1.6846529415675573,
1.3762186161883465,
1.1575797544671345,
0.9826298255424994,
0.9667120266270328,
1.2970995376636456,
1.2588809016463045,
0.9900228652087125,
1.1325033098072201,
1.2075292421625805,
0.9447941934907591,
0.9850426231111798,
1.070882308018672,
1.1603169046439135,
1.1235864054072986,
1.0895906640337658,
1.3729695600348633,
1.0965229241878955,
1.2849388424452248,
0.7829872787772835,
0.9151599701348837,
0.8586452943938119,
1.0161365750548128,
1.0179611289656008,
0.8977118389947074,
0.908059042769593,
0.9424706681982263,
1.124874885980185,
0.856192944111762,
0.8846288199548598,
0.8194938240113196,
0.8355699390560002,
0.8066063856149649,
1.002553723075173,
0.9566924061094012,
0.8141442568271191,
0.817997466434132,
0.8668340390378778,
0.8952564999654695,
0.8705836766726011,
0.8722347729391866,
0.911630088632757,
0.8078161168408085,
0.7023249082751089,
0.9113731693911862,
0.9052563394818988,
0.7708055415710846,
0.8216186866357729,
1.0566283294132777,
0.7811395688490435,
0.9994267860016266,
0.984671861320347,
0.7459617853164673,
1.2170163439465809,
0.992897265917295,
0.9043128474966272,
0.9137476117579968,
0.874050728299401,
0.8360414737230771,
0.891207733711639,
0.7745768296254145,
0.7491433140519378,
0.8341089084550932,
0.8882236395563398,
0.6518449450468088,
0.9506614889417376,
0.8261778881023456,
0.8429340828548778,
0.9950206697761238,
0.8522878258259265,
0.8766144854681832,
0.7417685861711378,
0.8091406288085046,
0.8518790842650773,
0.875214387070049
],
"di_loss": [
30.666734274331624,
9.71985182824073,
8.583996066799411,
7.790931745008989,
6.720492344398003,
3.549954583118488,
4.078683933654389,
3.0744079614614512,
3.115323535807721,
2.6664567055640283,
3.4439588614872525,
1.9670539196435508,
2.4824625176268738,
2.93840013850819,
2.6471691905678094,
1.4228156495403934,
1.964283664505203,
1.8350091785579532,
1.4615595712290181,
1.6744676263301403,
1.6025143072202608,
1.4542382971032874,
1.3805739090040132,
1.2690656285781365,
1.419683818693285,
1.6712045050286628,
1.2415656393224543,
1.0466575421296156,
1.031724703776372,
1.4213713887449984,
1.2385593614020904,
1.0185149164942953,
1.2846589119403393,
1.1485068968364172,
1.0554644271924898,
0.8245496417020822,
1.1405161986877392,
0.9836425169721826,
0.6594262347592936,
1.0807045489162594,
1.1026627088521983,
1.1622108871286565,
1.1986477158286355,
0.9852919547588794,
0.9260111969786805,
1.0894297717453598,
0.7914733538379917,
0.842223699990805,
1.1553398850676302,
1.0590899702790495,
0.8363141169795743,
0.9421761020437464,
1.0658557863978597,
0.8957947059111162,
0.9620741125825164,
0.950664394861692,
0.7906283836860162,
0.8272544811298321,
0.7692802161365361,
0.8749518642177829,
1.000316680251778,
0.9230745612800896,
0.7813914673668998,
0.8333862810939937,
1.0658158698639313,
0.9468957170263513,
0.8401171615371457,
0.7717350024681586,
0.8658620823513378,
0.9096696632249015,
0.992844822344842,
0.8758439893846388,
0.8684785636988553,
0.7928609933171954,
0.7667101420365371,
0.8083120638673956,
1.0161753196220893,
1.0095036618121258,
0.9950658392596554,
1.0250519994017366,
1.065179365021842,
0.8801051068615604,
0.742381780178516,
0.8501217969052204,
1.0751757505652193,
0.7797959694614658,
0.925394319868707,
1.0326574413807361,
0.8138434499889226,
0.900576876355456,
0.9225567525083368,
1.0125529239704083,
0.8507160428282502,
0.8561818139119581,
0.806810365094767,
0.809854844947914,
0.8070408384521286,
0.8382961409432548,
0.8592054781975684,
0.7809510261981518
],