{
  "sspg": {
    "spearman_r": -0.39999999999999997,
    "rmse": NaN,
    "n": 4
  },
  "di": {
    "spearman_r": -0.7999999999999999,
    "rmse": NaN,
    "n": 4
  }
}