subject_id,si,mi,tau_m,Gb,sg,p2,sspg,di,homa_ir,homa_b,dataset_id,tri_class
D2_XB14,0.0006003826,1.286292,191.93709,105.31477,0.010678741,0.034352735,60.0,2.585,1.0669135802469143,74.50000000000006,D2,0
D2_XB31,0.0006923765,1.3258195,188.03864,129.02814,0.010948944,0.039835043,82.0,1.68658536585366,1.6355555555555554,89.37931034482759,D2,0
D2_XB44,0.0007122593,1.3775369,187.12344,128.8222,0.011931774,0.04127241,130.0,0.4425,2.888888888888889,48.35820895522388,D2,2
D2_XB68,0.00057205575,1.1860962,193.09319,100.524345,0.0092886435,0.031086,194.0,2.108505155,1.2565802469135805,54.68023255813952,D2,1
