{
"epoch": [
1,
2,
3,
4,
5,
6,
7,
8,
9,
10,
11,
12,
13,
14,
15,
16,
17,
18,
19,
20,
21,
22,
23,
24,
25,
26,
27,
28,
29,
30,
31,
32,
33,
34,
35,
36,
37,
38,
39,
40,
41,
42,
43,
44,
45,
46,
47,
48,
49,
50,
51,
52,
53,
54,
55,
56,
57,
58,
59,
60,
61,
62,
63,
64,
65,
66,
67,
68,
69,
70,
71,
72,
73,
74,
75,
76,
77,
78,
79,
80,
81,
82,
83,
84,
85,
86,
87,
88,
89,
90,
91,
92,
93,
94,
95,
96,
97,
98,
99,
100
],
"train_loss": [
31.05340003967285,
8.128960609436035,
4.482552528381348,
2.172865390777588,
2.3179008960723877,
1.69340181350708,
1.1873961687088013,
1.0743776559829712,
1.154840111732483,
0.9998984336853027,
0.8004802465438843,
0.8028476238250732,
0.943988561630249,
0.9047403931617737,
0.7655730247497559,
0.7211915850639343,
0.7263072729110718,
0.682112991809845,
0.7010853886604309,
0.6530299782752991,
0.6094136834144592,
0.6115735173225403,
0.6004130840301514,
0.5949639081954956,
0.6038579344749451,
0.5931238532066345,
0.6020092368125916,
0.5904293060302734,
0.5600442290306091,
0.5585482120513916,
0.5643149614334106,
0.5642041563987732,
0.5447207689285278,
0.5451096296310425,
0.5326380729675293,
0.5244583487510681,
0.5386489033699036,
0.5322718024253845,
0.5156078338623047,
0.5055423974990845,
0.4900708794593811,
0.4679674804210663,
0.47512757778167725,
0.46759530901908875,
0.44983527064323425,
0.4425538182258606,
0.4129495620727539,
0.4426102340221405,
0.4404698610305786,
0.4133492112159729,
0.4220585227012634,
0.4080171585083008,
0.4048016369342804,
0.41356390714645386,
0.38714373111724854,
0.39803633093833923,
0.3902585506439209,
0.3889736831188202,
0.39605391025543213,
0.38406503200531006,
0.38919705152511597,
0.3829885423183441,
0.38344037532806396,
0.3855835199356079,
0.3757196068763733,
0.37599605321884155,
0.37854117155075073,
0.379696249961853,
0.3811187446117401,
0.37611886858940125,
0.3747482895851135,
0.379123330116272,
0.372345894575119,
0.3714701533317566,
0.3742128610610962,
0.3729088306427002,
0.3749179244041443,
0.37477734684944153,
0.37492111325263977,
0.37600386142730713,
0.3751751184463501,
0.3762426972389221,
0.38000237941741943,
0.3793218731880188,
0.3774554133415222,
0.3743749260902405,
0.3827889561653137,
0.3768725097179413,
0.3750896453857422,
0.37757205963134766,
0.3751509189605713,
0.37946218252182007,
0.3771648406982422,
0.3774244785308838,
0.37531912326812744,
0.37415510416030884,
0.3788975775241852,
0.37757408618927,
0.3776607811450958,
0.37500137090682983
],
"val_loss": [
5.177609443664551,
3.91420578956604,
1.2791736125946045,
1.6323087215423584,
1.4929453134536743,
0.5913756489753723,
0.6104339361190796,
0.773473858833313,
0.7399647831916809,
0.5986787676811218,
0.6102843880653381,
0.7315583229064941,
0.7043868899345398,
0.5704529285430908,
0.5426315665245056,
0.5468854904174805,
0.493499219417572,
0.5203142166137695,
0.49972718954086304,
0.4800841808319092,
0.4916156530380249,
0.4864339530467987,
0.47518086433410645,
0.4885176718235016,
0.4843887388706207,
0.47371894121170044,
0.46858879923820496,
0.4613284170627594,
0.45716628432273865,
0.4629998207092285,
0.46889930963516235,
0.48066446185112,
0.47140175104141235,
0.4448513686656952,
0.43635132908821106,
0.4603598713874817,
0.4488725960254669,
0.4136841893196106,
0.4017597436904907,
0.39880362153053284,
0.37672916054725647,
0.3835334777832031,
0.3926997482776642,
0.37303027510643005,
0.36946991086006165,
0.34702634811401367,
0.34940481185913086,
0.34529170393943787,
0.32054972648620605,
0.33125898241996765,
0.3184356987476349,
0.31612998247146606,
0.32650643587112427,
0.3179769814014435,
0.32696524262428284,
0.3138135075569153,
0.3020770847797394,
0.30063819885253906,
0.29736417531967163,
0.3083343803882599,
0.2978522479534149,
0.2840396463871002,
0.28792524337768555,
0.2931138277053833,
0.3082852363586426,
0.3012695014476776,
0.2847902178764343,
0.2824806869029999,
0.2846542298793793,
0.29490187764167786,
0.29259824752807617,
0.28425347805023193,
0.28131914138793945,
0.28027528524398804,
0.28341856598854065,
0.28509244322776794,
0.284294456243515,
0.2816823422908783,
0.2804584801197052,
0.2808518409729004,
0.28177258372306824,
0.2823852002620697,
0.2824223041534424,
0.28154265880584717,
0.2794727087020874,
0.27731847763061523,
0.27613839507102966,
0.2757476568222046,
0.27620401978492737,
0.2769564390182495,
0.27687567472457886,
0.2768994867801666,
0.27699336409568787,
0.27693745493888855,
0.2768695652484894,
0.27684465050697327,
0.27678608894348145,
0.27676236629486084,
0.276750385761261,
0.27674663066864014
]
}