{
"epoch": [
1,
2,
3,
4,
5,
6,
7,
8,
9,
10,
11,
12,
13,
14,
15,
16,
17,
18,
19,
20,
21,
22,
23,
24,
25,
26,
27,
28,
29,
30,
31,
32,
33,
34,
35,
36,
37,
38,
39,
40,
41,
42,
43,
44,
45,
46,
47,
48,
49,
50,
51,
52,
53,
54,
55,
56,
57,
58,
59,
60,
61,
62,
63,
64,
65,
66,
67,
68,
69,
70,
71,
72,
73,
74,
75,
76,
77,
78,
79,
80,
81,
82,
83,
84,
85,
86,
87,
88,
89,
90,
91,
92,
93,
94,
95,
96,
97,
98,
99,
100
],
"recon_loss": [
30.999624252319336,
8.0742826461792,
4.425685882568359,
2.1147687435150146,
2.2489845752716064,
1.6082054376602173,
1.0821107625961304,
0.9497488737106323,
1.0126469135284424,
0.8442870378494263,
0.635098934173584,
0.6357228755950928,
0.7817792296409607,
0.7482477426528931,
0.6155449748039246,
0.581916093826294,
0.6000458002090454,
0.5680379867553711,
0.5988692045211792,
0.5606319904327393,
0.5251690745353699,
0.5304379463195801,
0.5189581513404846,
0.5139369368553162,
0.5238139033317566,
0.5123099088668823,
0.5193979144096375,
0.5069898962974548,
0.4766310155391693,
0.4761159420013428,
0.48261094093322754,
0.4835405647754669,
0.4650477170944214,
0.4656532108783722,
0.4531209170818329,
0.4453205466270447,
0.46079933643341064,
0.455759733915329,
0.44040438532829285,
0.4322507381439209,
0.41848987340927124,
0.39778783917427063,
0.40568435192108154,
0.398708313703537,
0.38151034712791443,
0.37485048174858093,
0.3455846905708313,
0.375337153673172,
0.37311461567878723,
0.345663845539093,
0.35403525829315186,
0.3397000730037689,
0.33596670627593994,
0.3441525399684906,
0.3169872462749481,
0.3272140622138977,
0.31881633400917053,
0.31698688864707947,
0.3231247663497925,
0.30997318029403687,
0.31428784132003784,
0.30770570039749146,
0.3081647753715515,
0.310054749250412,
0.2997782528400421,
0.2997886538505554,
0.3024749755859375,
0.30407431721687317,
0.30548685789108276,
0.30011558532714844,
0.29803189635276794,
0.3018611967563629,
0.2945791184902191,
0.2931728959083557,
0.2953772246837616,
0.29355767369270325,
0.29520851373672485,
0.2948557138442993,
0.2948864698410034,
0.295871764421463,
0.29481011629104614,
0.29557016491889954,
0.2990066707134247,
0.2980218827724457,
0.295871764421463,
0.2925509512424469,
0.3007574677467346,
0.29461631178855896,
0.2926420569419861,
0.2949618101119995,
0.29241615533828735,
0.2966623306274414,
0.2943181097507477,
0.29454296827316284,
0.2924239933490753,
0.2912527620792389,
0.29599621891975403,
0.29467469453811646,
0.2947617769241333,
0.2921033203601837
],
"sspg_loss": [
0.0,
0.0,
0.0,
0.0,
0.0,
0.0,
0.0,
0.0,
0.0,
0.0,
0.0,
0.0,
0.0,
0.0,
0.0,
0.0,
0.0,
0.0,
0.0,
0.0,
0.0,
0.0,
0.0,
0.0,
0.0,
0.0,
0.0,
0.0,
0.0,
0.0,
0.0,
0.0,
0.0,
0.0,
0.0,
0.0,
0.0,
0.0,
0.0,
0.0,
0.0,
0.0,
0.0,
0.0,
0.0,
0.0,
0.0,
0.0,
0.0,
0.0,
0.0,
0.0,
0.0,
0.0,
0.0,
0.0,
0.0,
0.0,
0.0,
0.0,
0.0,
0.0,
0.0,
0.0,
0.0,
0.0,
0.0,
0.0,
0.0,
0.0,
0.0,
0.0,
0.0,
0.0,
0.0,
0.0,
0.0,
0.0,
0.0,
0.0,
0.0,
0.0,
0.0,
0.0,
0.0,
0.0,
0.0,
0.0,
0.0,
0.0,
0.0,
0.0,
0.0,
0.0,
0.0,
0.0,
0.0,
0.0,
0.0,
0.0
],
"di_loss": [
0.0,
0.0,
0.0,
0.0,
0.0,
0.0,
0.0,
0.0,
0.0,
0.0,
0.0,
0.0,
0.0,
0.0,
0.0,
0.0,
0.0,
0.0,
0.0,
0.0,
0.0,
0.0,
0.0,
0.0,
0.0,
0.0,
0.0,
0.0,
0.0,
0.0,
0.0,
0.0,
0.0,
0.0,
0.0,
0.0,
0.0,
0.0,
0.0,
0.0,
0.0,
0.0,
0.0,
0.0,
0.0,
0.0,
0.0,
0.0,
0.0,
0.0,
0.0,
0.0,
0.0,
0.0,
0.0,
0.0,
0.0,
0.0,
0.0,
0.0,
0.0,
0.0,
0.0,
0.0,
0.0,
0.0,
0.0,
0.0,
0.0,
0.0,
0.0,
0.0,
0.0,
0.0,
0.0,
0.0,
0.0,
0.0,
0.0,
0.0,
0.0,
0.0,
0.0,
0.0,
0.0,
0.0,
0.0,
0.0,
0.0,
0.0,
0.0,
0.0,
0.0,
0.0,
0.0,
0.0,
0.0,
0.0,
0.0,
0.0
],
"si_cv": [
0.034017402678728104,
0.023696644231677055,
0.0263129323720932,
0.026823440566658974,
0.02915988862514496,
0.0310746468603611,
0.03750094771385193,
0.05805083364248276,
0.09655532985925674,
0.15776753425598145,
0.1928614377975464,
0.18490009009838104,
0.1909925788640976,
0.20799799263477325,
0.19775886833667755,
0.17772212624549866,
0.170949786901474,
0.17628441751003265,
0.17993424832820892,
0.18135742843151093,
0.18006420135498047,
0.17572803795337677,
0.1701125055551529,
0.1622706800699234,
0.15472902357578278,
0.14635473489761353,
0.13774405419826508,
0.12878885865211487,
0.12330884486436844,
0.12062865495681763,
0.11717851459980011,
0.11193498224020004,
0.10457023978233337,
0.09604103863239288,
0.0864461213350296,
0.07715985924005508,
0.07006435841321945,
0.06588548421859741,
0.06290208548307419,
0.05857082083821297,
0.05302513390779495,
0.05024543032050133,
0.04544702172279358,
0.03852875903248787,
0.031179390847682953,
0.02690013498067856,
0.02446013316512108,
0.023178813979029655,
0.022419722750782967,
0.024973608553409576,
0.02851901575922966,
0.03443196043372154,
0.03973250836133957,
0.04325928911566734,
0.0444011464715004,
0.04516128823161125,
0.042459845542907715,
0.03898294270038605,
0.035915762186050415,
0.035417769104242325,
0.037479888647794724,
0.04160496965050697,
0.046072885394096375,
0.050807543098926544,
0.0568658746778965,
0.06606503576040268,
0.07692611962556839,
0.08593123406171799,
0.09200705587863922,
0.09773045033216476,
0.1078469380736351,
0.12003441900014877,
0.13346196711063385,
0.1444852650165558,
0.15331587195396423,
0.16059009730815887,
0.16720163822174072,
0.17360734939575195,
0.17970223724842072,
0.18361815810203552,
0.18634828925132751,
0.18860074877738953,
0.1898629367351532,
0.1908106803894043,
0.19251380860805511,
0.1936972588300705,
0.19424618780612946,
0.1951613873243332,
0.19616468250751495,
0.19729039072990417,
0.19848990440368652,
0.19949829578399658,
0.20032189786434174,
0.20097722113132477,
0.2015914022922516,
0.20204965770244598,
0.20242701470851898,
0.20267538726329803,
0.20283184945583344,
0.20292341709136963
],
"mi_cv": [
0.005200813990086317,
0.005105103366076946,
0.00580245815217495,
0.0061290510930120945,
0.019828401505947113,
0.0477278046309948,
0.08519786596298218,
0.119764044880867,
0.16146320104599,
0.21379593014717102,
0.2351343035697937,
0.22078926861286163,
0.2198045402765274,
0.22870290279388428,
0.21665814518928528,
0.19797056913375854,
0.19046567380428314,
0.19338901340961456,
0.19545075297355652,
0.19614139199256897,
0.194454625248909,
0.19125749170780182,
0.18720735609531403,
0.18138468265533447,
0.17620044946670532,
0.17062260210514069,
0.16481201350688934,
0.15840768814086914,
0.15421749651432037,
0.15209323167800903,
0.14937622845172882,
0.14526121318340302,
0.13973340392112732,
0.13342024385929108,
0.12608766555786133,
0.11849270761013031,
0.11286704242229462,
0.10991451144218445,
0.10746483504772186,
0.10355351865291595,
0.0996304377913475,
0.09889093041419983,
0.09666670113801956,
0.0911620631814003,
0.08435056358575821,
0.08099348843097687,
0.07927898317575455,
0.07634888589382172,
0.07221204787492752,
0.07275967299938202,
0.07560483366250992,
0.0826149433851242,
0.08741207420825958,
0.088966004550457,
0.08879008889198303,
0.08949911594390869,
0.08649536967277527,
0.07977983355522156,
0.06997796893119812,
0.06100225821137428,
0.05601005628705025,
0.05158085748553276,
0.04705912247300148,
0.04142425209283829,
0.03544740751385689,
0.030261894688010216,
0.02783980406820774,
0.027790522202849388,
0.02884003520011902,
0.030831042677164078,
0.03454110771417618,
0.03918877989053726,
0.04516542702913284,
0.05121658369898796,
0.05664164572954178,
0.06195800378918648,
0.06626663357019424,
0.07067717611789703,
0.0743718147277832,
0.07677297294139862,
0.0782967135310173,
0.07963664084672928,
0.08093083649873734,
0.08225029706954956,
0.08387123048305511,
0.0851280614733696,
0.08578595519065857,
0.08631566166877747,
0.08679787814617157,
0.0871443897485733,
0.08761612325906754,
0.08813256025314331,
0.08854252845048904,
0.0888892412185669,
0.08919865638017654,
0.08944319188594818,
0.0896526426076889,
0.08979373425245285,
0.08988136798143387,
0.08993536233901978
]
}