{
  "n": 20,
  "pearson_r": -0.36737759196990616,
  "pearson_p": 0.11105266247402541,
  "spearman_r": -0.4285714285714286,
  "spearman_p": 0.05937977468606568,
  "r2": -0.14939993184335876,
  "rmse": 85.57553263493948,
  "mae": 65.82746296657812
}