{
  "n": 16,
  "pearson_r": 0.6097234459250488,
  "pearson_p": 0.012152095149706192,
  "spearman_r": 0.5764705882352941,
  "spearman_p": 0.01941514038653157,
  "r2": -0.6494101366308005,
  "rmse": 0.9311125794595898,
  "mae": 0.7489784408122685
}