model,n_subjects_sspg,n_subjects_di,icc_sspg_pred,icc_di_pred
Wang(Exp1),30,30,-0.014885004104780554,-0.014885003934261485
GV_Baseline(Exp5),30,30,-0.059283847786640746,-0.22205362117600078
GV_CorrLoss(Exp8),30,30,0.13886769729826393,0.12833080649816783
GV_CorrLoss+VarMatch(v19),30,30,-0.00568206596235563,0.0010527488320017614
Metwally(Exp2),30,30,0.158726889018788,0.5410949825337817
SimpleStats(Exp4),30,30,0.48282729877702807,0.5152407232327989
Healey(Exp3),30,30,0.7199643854301904,0.02256478969560647
