{
  "sspg": {
    "spearman_r": -0.3571428571428572,
    "rmse": NaN,
    "n": 7
  },
  "di": {
    "spearman_r": 0.21428571428571433,
    "rmse": NaN,
    "n": 7
  }
}