{
  "sspg": {
    "rmse": 68.82055934460921,
    "mae": 49.14844830830892,
    "r2": -0.03866892502244146,
    "pearson_r": -0.031175712335185013,
    "pearson_p": 0.8567627992965848,
    "spearman_r": -0.021908238915362775,
    "spearman_p": 0.8990785787080451,
    "n": 36
  },
  "di": {
    "rmse": 0.6229884299568497,
    "mae": 0.5463164697090784,
    "r2": -0.07813539562268645,
    "pearson_r": 0.3947252363857514,
    "pearson_p": 0.20414509141410375,
    "spearman_r": 0.37219368415938836,
    "spearman_p": 0.2334950135905194,
    "n": 12
  }
}