{
"epoch": [
1,
2,
3,
4,
5,
6,
7,
8,
9,
10,
11,
12,
13,
14,
15,
16,
17,
18,
19,
20,
21,
22,
23,
24,
25,
26,
27,
28,
29,
30,
31,
32,
33,
34,
35,
36,
37,
38,
39,
40,
41,
42,
43,
44,
45,
46,
47,
48,
49,
50,
51,
52,
53,
54,
55,
56,
57,
58,
59,
60,
61,
62,
63,
64,
65,
66,
67,
68,
69,
70,
71,
72,
73,
74,
75,
76,
77,
78,
79,
80,
81,
82,
83,
84,
85,
86,
87,
88,
89,
90,
91,
92,
93,
94,
95,
96,
97,
98,
99,
100
],
"train_loss": [
268.21469650869295,
49.504435141255534,
21.329486741794376,
6.225862651359378,
2.954094796668826,
1.4956921742657039,
1.2868425052935684,
1.0860006574570664,
1.015630485504631,
1.0719468593597412,
1.0755378228472912,
0.9447215401281522,
1.2460722519656804,
1.0402092023158636,
0.9103559105415043,
0.8792833906459058,
0.8631533440642469,
0.8250658582514665,
0.8819734839003855,
1.0385430835363434,
0.9024507961873933,
0.8303909588047839,
0.8368518343121987,
0.851779001434957,
0.7988388979528832,
0.879848418273325,
0.9377708951319297,
0.7876065758269603,
0.8397416608540091,
0.8305422424331425,
0.898706343699628,
0.8852696681585838,
0.9677515292730857,
1.0586730729876541,
1.0252897880208773,
1.110254232339033,
1.1515384752919355,
1.2866248493119488,
1.2457131579166323,
1.2956053253233901,
1.2975655057298856,
1.2269390305196206,
1.3133998743192417,
1.2112234830856323,
1.1889112230360976,
1.1844497177544542,
1.3228938307349138,
1.3372603110441073,
1.128023528677272,
1.1416485234508364,
1.2701923415416807,
1.2496070392488494,
1.2112977119881336,
1.3864846041822059,
1.3623728902321162,
1.467827978096609,
1.6794249570275854,
1.649088320769663,
1.5393050937202033,
1.7063967646576288,
1.7117066561706422,
1.739049356753432,
1.7648838927426675,
1.860575635602155,
1.8981124556909397,
1.875580758560361,
1.6578346706750824,
1.628603936180355,
1.6854478092644158,
1.758990095356318,
1.8674205015963456,
1.9744839687047042,
2.1314233644740788,
2.302276887292937,
2.2432997076530157,
2.5675693140255182,
2.533904948572474,
3.1137796649782676,
3.3693163826709656,
3.4203546779362237,
3.6843778148410826,
4.085538184548926,
4.38261855117918,
5.101985540915662,
5.1868765560660774,
5.403254490199052,
5.775555941063588,
6.456522186910074,
7.182619151167982,
7.7036415160171625,
8.50253395771417,
9.124031419829121,
10.064634390703336,
10.725375265587033,
11.159224540229857,
11.706717716427299,
12.268093432028463,
12.794627655209519,
13.772496681513749,
14.797637804286687
],
"val_loss": [
1.4339909553527832,
1.4890402555465698,
1.1160794496536255,
0.9886682629585266,
0.640751838684082,
0.9182535409927368,
0.8105114102363586,
0.5957003831863403,
0.40666839480400085,
0.4431129992008209,
0.41534098982810974,
0.6340293288230896,
0.3509576916694641,
0.7694042325019836,
0.42453402280807495,
0.4899100363254547,
0.3386792242527008,
0.3009730577468872,
0.5251978039741516,
0.47328057885169983,
0.3567858338356018,
0.3070297837257385,
0.3562139570713043,
0.37629538774490356,
0.38238295912742615,
0.35238197445869446,
0.3676256239414215,
0.35540565848350525,
0.3368282914161682,
0.33591988682746887,
0.3326311409473419,
0.3373750150203705,
0.34010782837867737,
0.3392038643360138,
0.3477998375892639,
0.3373974561691284,
0.3368488848209381,
0.34421661496162415,
0.35501524806022644,
0.3911380469799042,
0.36427751183509827,
0.3813583552837372,
0.3630625903606415,
0.33327317237854004,
0.3420518934726715,
0.3384106755256653,
0.3711882531642914,
0.3432822823524475,
0.34563836455345154,
0.343720942735672,
0.3411720097064972,
0.3466101288795471,
0.3422244191169739,
0.33100175857543945,
0.3232230246067047,
0.4499393403530121,
0.4091692268848419,
0.3450941741466522,
0.3138734698295593,
0.32301145792007446,
0.330780029296875,
0.3117384910583496,
0.31498095393180847,
0.29384174942970276,
0.3155757784843445,
0.3122338652610779,
0.3182603120803833,
0.29592958092689514,
0.2871337831020355,
0.25139185786247253,
0.2699466347694397,
0.2413327544927597,
0.32332468032836914,
0.26978549361228943,
0.2822524607181549,
0.30923551321029663,
0.2383517324924469,
0.34678831696510315,
0.35109201073646545,
0.31226611137390137,
0.32329362630844116,
0.22231043875217438,
0.45835766196250916,
0.41250327229499817,
0.49335965514183044,
0.2313346266746521,
0.31203073263168335,
0.24723410606384277,
0.3324632942676544,
0.30092546343803406,
0.25888189673423767,
0.2019311785697937,
0.21556934714317322,
0.19002415239810944,
0.19704976677894592,
0.19574680924415588,
0.21993133425712585,
0.18723297119140625,
0.21772737801074982,
0.2119121253490448
]
}