{
  "sspg": {
    "rmse": 84.15119091101589,
    "mae": 64.25002059936523,
    "r2": -0.12096784857663212,
    "pearson_r": 0.2965668695943485,
    "pearson_p": 0.4053699375006948,
    "spearman_r": 0.09726488698881035,
    "spearman_p": 0.7892345325825416,
    "n": 10
  },
  "di": {
    "rmse": 2.898427299777123,
    "mae": 2.83991273244222,
    "r2": -14.857021342234633,
    "pearson_r": 0.6161658122402522,
    "pearson_p": 0.19271813272023464,
    "spearman_r": 0.08571428571428573,
    "spearman_p": 0.8717434402332361,
    "n": 6
  }
}