{
"epoch": [
1,
2,
3,
4,
5,
6,
7,
8,
9,
10,
11,
12,
13,
14,
15,
16,
17,
18,
19,
20,
21,
22,
23,
24,
25,
26,
27,
28,
29,
30,
31,
32,
33,
34,
35,
36,
37,
38,
39,
40,
41,
42,
43,
44,
45,
46,
47,
48,
49,
50,
51,
52,
53,
54,
55,
56,
57,
58,
59,
60,
61,
62,
63,
64,
65,
66,
67,
68,
69,
70,
71,
72,
73,
74,
75,
76,
77,
78,
79,
80,
81,
82,
83,
84,
85,
86,
87,
88,
89,
90,
91,
92,
93,
94,
95,
96,
97,
98,
99,
100
],
"train_loss": [
318.8950881580315,
54.95859433164691,
39.28484956344756,
27.314859560220548,
17.385823485874894,
9.814603451454994,
4.715290865095535,
2.1211607645053676,
1.9957937604129905,
2.115344444123825,
1.774908153137358,
1.03313411108338,
1.1286351279457016,
1.330723741266987,
1.0646988365909842,
0.8301220341484146,
0.796172814203961,
0.7381354534980094,
0.7276864742288495,
0.6665853090805582,
0.6272583816311147,
0.6694526005499434,
0.6401121893731674,
0.6082403671623456,
0.598708714589034,
0.5738008335085198,
0.6253321578006933,
0.5549496801772921,
0.5570990720597824,
0.5351989387285592,
0.5566813013341168,
0.5084659846702425,
0.48924631677051583,
0.5021828631363293,
0.558668717004285,
0.5240126895432425,
0.5014396542959875,
0.5018532524014464,
0.5027472606979975,
0.5270252841534001,
0.6511440330212659,
0.7783023419946727,
0.6646714930487151,
0.6120817944554999,
0.6844993009425626,
0.7337199726907333,
0.7947173177605809,
0.7554905644737848,
0.7442261198959729,
0.6645371134918515,
0.5612484488156763,
0.6168151497840881,
0.5765244465063114,
0.5215960192208243,
0.5248748571565836,
0.506884504072737,
0.5521752533346119,
0.5146158470375704,
0.5479468473113409,
0.49280417968731116,
0.7333813746376793,
0.5634930440694979,
0.6545782939042195,
0.660445900541721,
0.5976172818405794,
0.692886723740266,
0.6538488091808734,
0.6619786838493725,
0.6132672821531201,
0.5267971382282748,
0.5497994375700997,
0.5192277835737361,
0.5344139839162921,
0.5981449142541035,
0.523074076022252,
0.5447616447316538,
0.5940771651740121,
0.5892999986610791,
0.6096978211166835,
0.6054051606961997,
0.5738409545161937,
0.6330646300079799,
0.5525471768756904,
0.5543314301141418,
0.5461474214449967,
0.6378334890497793,
0.622549291884545,
0.5552022831864877,
0.5667145665329282,
0.5579820387434251,
0.5491307153560148,
0.575466545501558,
0.7562532023628159,
0.8247119406662365,
0.6080969527806386,
0.6925299020096807,
0.6740818631530988,
0.6194448612704135,
1.1192063529892724,
0.8634503949986826
],
"val_loss": [
2.9373719692230225,
1.0986987352371216,
1.0892534255981445,
0.9720834493637085,
0.8642538189888,
0.8162972927093506,
0.7596801519393921,
0.6920957565307617,
0.6095667481422424,
0.8591412305831909,
0.6047813892364502,
0.5747844576835632,
0.4082883894443512,
0.41404736042022705,
0.5973374247550964,
0.20089906454086304,
0.3022524118423462,
0.2859846353530884,
0.2817813456058502,
0.26278433203697205,
0.2350098341703415,
0.23608258366584778,
0.2314431220293045,
0.1895056962966919,
0.1929071545600891,
0.1542452573776245,
0.17532745003700256,
0.20812726020812988,
0.15697404742240906,
0.17287953197956085,
0.14229939877986908,
0.15643006563186646,
0.17055964469909668,
0.15641459822654724,
0.20771045982837677,
0.15941618382930756,
0.1487661749124527,
0.17408029735088348,
0.14902013540267944,
0.13317911326885223,
0.42694854736328125,
0.16014909744262695,
0.14391031861305237,
0.27543002367019653,
0.16866278648376465,
0.13344094157218933,
0.3652547299861908,
0.1834038645029068,
0.35121145844459534,
0.14778797328472137,
0.13245932757854462,
0.14066286385059357,
0.12578096985816956,
0.19212889671325684,
0.14077354967594147,
0.13600316643714905,
0.14304301142692566,
0.15003345906734467,
0.1401267796754837,
0.1512950360774994,
0.1600358933210373,
0.17388558387756348,
0.34260010719299316,
0.15763212740421295,
0.140798419713974,
0.2597549259662628,
0.1610601246356964,
0.15831616520881653,
0.161802738904953,
0.1469971388578415,
0.1666335165500641,
0.20948798954486847,
0.19890330731868744,
0.18636156618595123,
0.16416189074516296,
0.1667390614748001,
0.16940979659557343,
0.15750937163829803,
0.15053732693195343,
0.2271781712770462,
0.20869828760623932,
0.2497682273387909,
0.2236240953207016,
0.25682249665260315,
0.24161896109580994,
0.23343615233898163,
0.2002386897802353,
0.1566348820924759,
0.19645461440086365,
0.18464507162570953,
0.18892699480056763,
0.2084006816148758,
0.42693066596984863,
0.21554996073246002,
0.2450820803642273,
0.37108343839645386,
0.17137067019939423,
0.31940439343452454,
0.36172449588775635,
0.1764015257358551
]
}