{
  "n": 16,
  "pearson_r": 0.6714938477784141,
  "pearson_p": 0.00439393078119107,
  "rmse": 0.6175041589947021
}