{
  "sspg": {
    "rmse": 1469.2153949944707,
    "mae": 1466.3252127511162,
    "r2": -287.69391712261427,
    "pearson_r": -0.3574459916276862,
    "pearson_p": 0.4311920631105059,
    "spearman_r": -0.6071428571428572,
    "spearman_p": 0.1482311614811614,
    "n": 7
  },
  "di": {
    "rmse": 33.546296078747396,
    "mae": 33.54001313447952,
    "r2": -2420.7932203527257,
    "pearson_r": 0.6770331416584172,
    "pearson_p": 0.09478821492480607,
    "spearman_r": 0.7142857142857144,
    "spearman_p": 0.0713435614675376,
    "n": 7
  }
}