{
"epoch": [
1,
2,
3,
4,
5,
6,
7,
8,
9,
10,
11,
12,
13,
14,
15,
16,
17,
18,
19,
20,
21,
22,
23,
24,
25,
26,
27,
28,
29,
30,
31,
32,
33,
34,
35,
36,
37,
38,
39,
40,
41,
42,
43,
44,
45,
46,
47,
48,
49,
50
],
"recon_loss": [
7.792592302545325,
2.034768592227589,
1.0767888078441867,
0.9431218930653164,
1.0852506114290905,
1.0034794281055401,
0.9541077041006708,
0.8968822832231398,
0.8885024964035332,
0.8729852794052718,
0.8786937935011727,
0.9402374462647871,
0.8971479473175941,
0.9101882507274677,
0.9029578767813645,
0.8583814014088024,
0.8499507338969738,
0.8316975816503748,
0.7887344871248517,
0.7831570235165682,
0.7516294470081082,
0.8117556959003597,
0.6986180853534054,
0.6443606026760944,
0.6331863596841887,
0.623539537191391,
0.6715710155375592,
0.706496000289917,
0.728561156755918,
0.885856958952817,
0.8669958455221993,
1.3488325662427134,
1.6645663682516518,
0.9512828317555514,
0.8608181852024871,
0.9796296481962328,
0.7164135412736372,
1.1194201491095803,
0.8546695074477753,
0.7442676719132956,
0.7464922047280645,
0.5675032343957331,
0.5823320436787296,
0.5270969054915688,
0.48442986530142945,
0.505247649434325,
0.6408288525296496,
0.5413523587313566,
0.5430444204188013,
0.4984910495869525
],
"sspg_loss": [
0.0,
0.0,
0.0,
0.0,
0.0,
0.0,
0.0,
0.0,
0.0,
0.0,
0.0,
0.0,
0.0,
0.0,
0.0,
0.0,
0.0,
0.0,
0.0,
0.0,
0.0,
0.0,
0.0,
0.0,
0.0,
0.0,
0.0,
0.0,
0.0,
0.0,
0.0,
0.0,
0.0,
0.0,
0.0,
0.0,
0.0,
0.0,
0.0,
0.0,
0.0,
0.0,
0.0,
0.0,
0.0,
0.0,
0.0,
0.0,
0.0,
0.0
],
"di_loss": [
0.0,
0.0,
0.0,
0.0,
0.0,
0.0,
0.0,
0.0,
0.0,
0.0,
0.0,
0.0,
0.0,
0.0,
0.0,
0.0,
0.0,
0.0,
0.0,
0.0,
0.0,
0.0,
0.0,
0.0,
0.0,
0.0,
0.0,
0.0,
0.0,
0.0,
0.0,
0.0,
0.0,
0.0,
0.0,
0.0,
0.0,
0.0,
0.0,
0.0,
0.0,
0.0,
0.0,
0.0,
0.0,
0.0,
0.0,
0.0,
0.0,
0.0
],
"si_cv": [
0.029880626127123833,
0.020648831501603127,
0.044211070984601974,
0.058638665825128555,
0.0707736387848854,
0.08466396480798721,
0.1013028547167778,
0.1119815930724144,
0.12075435370206833,
0.12095014750957489,
0.11847978830337524,
0.11719879508018494,
0.1201196014881134,
0.128845676779747,
0.1361442506313324,
0.14260253310203552,
0.15141242742538452,
0.16378526389598846,
0.18028168380260468,
0.1979520320892334,
0.21433767676353455,
0.22878777980804443,
0.24334050714969635,
0.3226845860481262,
0.3984924554824829,
0.4561764597892761,
0.5030824542045593,
0.5337890982627869,
0.5439709424972534,
0.5390800833702087,
0.5629273056983948,
0.47470006346702576,
0.5135177969932556,
0.6214633584022522,
0.5776623487472534,
0.6242457628250122,
0.5954079627990723,
0.5533092021942139,
0.544803261756897,
0.5462677478790283,
0.5550311207771301,
0.5695497989654541,
0.5880585312843323,
0.6143989562988281,
0.6370641589164734,
0.6527239084243774,
0.6848688721656799,
0.8206362128257751,
0.8001317381858826,
0.6530290246009827
],
"mi_cv": [
0.027027642354369164,
0.057400815188884735,
0.08008474856615067,
0.09190113842487335,
0.09960751980543137,
0.1066964790225029,
0.11625487357378006,
0.12327533960342407,
0.13263103365898132,
0.13575533032417297,
0.13301052153110504,
0.13191741704940796,
0.1343567967414856,
0.14181983470916748,
0.14826621115207672,
0.1531389057636261,
0.16069869697093964,
0.1712147742509842,
0.1841925084590912,
0.1988217979669571,
0.21259966492652893,
0.22549821436405182,
0.23795107007026672,
0.30835193395614624,
0.37476611137390137,
0.42415928840637207,
0.46447286009788513,
0.4848231077194214,
0.4941461384296417,
0.45422178506851196,
0.5122438669204712,
0.46539074182510376,
0.5128545165061951,
0.4006254971027374,
0.5681920051574707,
0.4907977283000946,
0.20367389917373657,
0.14404743909835815,
0.1609593778848648,
0.19305762648582458,
0.2276512235403061,
0.262387752532959,
0.29339665174484253,
0.32664743065834045,
0.370672345161438,
0.3975542485713959,
0.4238579273223877,
0.4753571152687073,
0.45811229944229126,
0.4021506607532501
]
}