{
"epoch": [
1,
2,
3,
4,
5,
6,
7,
8,
9,
10,
11,
12,
13,
14,
15,
16,
17,
18,
19,
20,
21,
22,
23,
24,
25,
26,
27,
28,
29,
30,
31,
32,
33,
34,
35,
36,
37,
38,
39,
40,
41,
42,
43,
44,
45,
46,
47,
48,
49,
50
],
"train_loss": [
231.25106207116858,
100.57366388494319,
43.453597626128754,
29.76088843407569,
73.02299947862501,
6.919795395491959,
4.767591652932105,
1.8677625749018285,
2.7035963813979906,
7.34479299768225,
7.451925197204986,
9.522844426043623,
4.178680432307256,
5.899220454228389,
7.383924371236331,
2.5340301293831367,
1.3093874408053112,
1.6025714874267578,
1.6209393476510976,
3.1937895006947703,
3.381346114270099,
5.835008416857038,
2.1201146051481174,
3.187237380386947,
3.440582646952047,
2.781682157671297,
2.644565811404934,
1.6159027768419933,
1.5956705034553231,
1.6017975482073696,
1.3053372928074427,
1.5610594207590276,
2.188351550659576,
1.3084494665071562,
1.0113012868088562,
1.108058441768993,
0.8202317798292482,
1.2696162477716224,
0.9770231866217279,
0.8893314886402774,
0.9243913594778482,
0.7092178696161741,
0.8005778479885746,
0.7961004221594179,
0.6415576145246431,
0.854138049212369,
0.9380999385536491,
0.7629860871798032,
1.4537651291141263,
0.751388669013977
],
"val_loss": [
2.476376533508301,
1.3943368196487427,
1.3517155647277832,
1.3589677810668945,
1.4258111715316772,
1.4331015348434448,
1.3893837928771973,
1.3904982805252075,
1.376644253730774,
1.3073124885559082,
1.4524574279785156,
1.4035210609436035,
1.398339033126831,
1.4286572933197021,
1.3464667797088623,
1.364342451095581,
1.2625666856765747,
1.1580787897109985,
1.2287667989730835,
1.119983196258545,
1.0816044807434082,
0.9260422587394714,
0.8381433486938477,
0.7118397951126099,
0.7327989935874939,
0.7165029644966125,
0.704198956489563,
0.7583982348442078,
0.924606204032898,
0.8382461071014404,
0.7213567495346069,
1.4126646518707275,
1.1441614627838135,
0.8582735061645508,
1.2338306903839111,
0.9241212606430054,
0.8001269698143005,
0.9319049715995789,
1.057059407234192,
1.0048197507858276,
0.7893649935722351,
0.5872687697410583,
0.47130918502807617,
0.4345635771751404,
0.5629472136497498,
0.8390204906463623,
0.7711938619613647,
0.4097176790237427,
0.4500865042209625,
0.5023499727249146
]
}