{
"epoch": [
1,
2,
3,
4,
5,
6,
7,
8,
9,
10,
11,
12,
13,
14,
15,
16,
17,
18,
19,
20,
21,
22,
23,
24,
25,
26,
27,
28,
29,
30,
31,
32,
33,
34,
35,
36,
37,
38,
39,
40,
41,
42,
43,
44,
45,
46,
47,
48,
49,
50,
51,
52,
53,
54,
55,
56,
57,
58,
59,
60,
61,
62,
63,
64,
65,
66,
67,
68,
69,
70,
71,
72,
73,
74,
75,
76,
77,
78,
79,
80,
81,
82,
83,
84,
85,
86,
87,
88,
89,
90,
91,
92,
93,
94,
95,
96,
97,
98,
99,
100
],
"train_loss": [
163.75151109325793,
85.19435275617496,
63.36738063013831,
52.4433014152586,
47.90089235010073,
50.91885772231937,
48.286972149397975,
52.58528656183287,
138.8597332488659,
42.811220194942265,
44.73317739205767,
46.125926720079526,
48.199478584666586,
42.4795632768971,
43.265239050222,
50.70777467239735,
41.6153621673584,
42.74039721812389,
40.80289774902107,
43.486257981884386,
46.68247095743815,
45.30831375417783,
40.80063868677893,
39.920501797698265,
42.15143461005632,
35.88502277699552,
40.90232222209605,
39.97922589797382,
40.6708027447841,
37.70831115486086,
39.866693370564036,
44.932861786480096,
38.383939728256344,
43.53320394560348,
44.77253273660823,
43.87547830093739,
41.36719504068064,
40.90487222246421,
42.61181747081668,
38.54285638646562,
36.719483767369,
33.646179317503936,
43.701360353203704,
38.31927960417991,
45.52365387317746,
38.193044817724896,
37.43362893984299,
38.79430960130322,
40.405620090721186,
38.02159887506056,
38.590862399847936,
39.02630978961324,
35.60350261362948,
35.64129191544629,
32.974966348603715,
31.95989823156549,
33.945599001507425,
35.924735963806626,
34.1981034389762,
33.8791937828064,
34.92924268855605,
36.10196409669033,
35.163957595825195,
34.169778724049415,
34.80051893411681,
37.596068774082866,
38.0512541689614,
35.81338378440502,
34.65563340889391,
31.18574691188428,
34.801546946976536,
32.50326313344083,
31.941336164178775,
36.91544572697129,
33.4263397926508,
33.76738419458847,
32.491378636323205,
32.86706322292949,
34.325788571853046,
30.033920628155848,
33.03230498373046,
38.35197092396344,
36.309332651685374,
30.916832796362943,
33.320557801760444,
32.26181220269018,
34.74362827271454,
29.538658615230588,
33.90630708738815,
34.122436072475224,
32.09673198433809,
33.0295945692432,
31.52124701913937,
30.965911806091782,
33.565565996391825,
32.44067534365395,
38.901725051939025,
34.88260328584863,
29.808199017546897,
33.028771422630136
],
"val_loss": [
5.620335102081299,
2.403879404067993,
2.616603374481201,
2.1556217670440674,
2.138458490371704,
1.908145785331726,
1.5221638679504395,
1.636217474937439,
2.0100181102752686,
2.375075340270996,
2.5196073055267334,
1.996620535850525,
1.963039517402649,
1.6719781160354614,
1.6572436094284058,
1.4689973592758179,
1.6282316446304321,
1.5641509294509888,
1.6703698635101318,
1.2959933280944824,
1.4011584520339966,
1.1880477666854858,
1.4984697103500366,
1.1811398267745972,
1.187211036682129,
1.3424630165100098,
1.2175633907318115,
1.1542567014694214,
1.2759144306182861,
1.3282183408737183,
1.314011573791504,
2.326629877090454,
2.000793695449829,
1.6974552869796753,
1.8155549764633179,
1.5066429376602173,
1.3881412744522095,
1.292694330215454,
1.932802677154541,
1.4483362436294556,
1.475404977798462,
0.9685553908348083,
1.3100661039352417,
1.6408511400222778,
1.2788188457489014,
1.0080387592315674,
0.9198161363601685,
0.9123952984809875,
0.7928636074066162,
1.0106761455535889,
1.011738657951355,
1.0317236185073853,
0.967856228351593,
0.9231014251708984,
0.9008710384368896,
0.884209394454956,
0.9156392812728882,
0.9014310836791992,
0.8225192427635193,
0.8240142464637756,
0.8407273292541504,
0.8301789164543152,
0.8964495062828064,
0.9001088738441467,
0.8657358884811401,
0.8724383115768433,
0.8310420513153076,
0.7758609652519226,
1.3509397506713867,
1.1745076179504395,
0.9816230535507202,
0.9132516384124756,
0.8453472256660461,
0.8069227337837219,
0.9123134613037109,
0.8591933250427246,
0.7445763349533081,
0.7886120676994324,
0.7794687151908875,
0.7212757468223572,
0.8276861906051636,
0.908053457736969,
0.873292863368988,
0.7633984684944153,
0.7272308468818665,
2.0942766666412354,
1.6421743631362915,
1.111718773841858,
1.336836338043213,
1.0561383962631226,
0.8780828714370728,
0.7955282330513,
0.7896336317062378,
0.9836193919181824,
1.205940842628479,
0.8935580849647522,
0.811588704586029,
0.764517068862915,
0.889858067035675,
0.8311049938201904
]
}