{
  "n": 20,
  "pearson_r": 0.8219987641646415,
  "pearson_p": 8.754479062393173e-06,
  "spearman_r": 0.6962406015037594,
  "spearman_p": 0.0006499244054973399,
  "r2": 0.13499246436372248,
  "rmse": 74.23760847306043,
  "mae": 47.9469025293986
}