{
  "sspg": {
    "n": 20,
    "pearson_r": NaN,
    "pearson_p": NaN,
    "spearman_r": NaN,
    "spearman_p": NaN,
    "r2": -0.006794680930136465,
    "rmse": 80.09114152395493,
    "mae": 63.415917179919425
  },
  "di": {
    "n": 16,
    "pearson_r": -0.07346752381051921,
    "pearson_p": 0.7868549390785913,
    "spearman_r": -0.30806161848616215,
    "spearman_p": 0.24572516622164928,
    "r2": -0.09033241167470751,
    "rmse": 0.7570373826864021,
    "mae": 0.62509847631706
  }
}