{
"epoch": [
1,
2,
3,
4,
5,
6,
7,
8,
9,
10,
11,
12,
13,
14,
15,
16,
17,
18,
19,
20,
21,
22,
23,
24,
25,
26,
27,
28,
29,
30,
31,
32,
33,
34,
35,
36,
37,
38,
39,
40,
41,
42,
43,
44,
45,
46,
47,
48,
49,
50,
51,
52,
53,
54,
55,
56,
57,
58,
59,
60,
61,
62,
63,
64,
65,
66,
67,
68,
69,
70,
71,
72,
73,
74,
75,
76,
77,
78,
79,
80,
81,
82,
83,
84,
85,
86,
87,
88,
89,
90,
91,
92,
93,
94,
95,
96,
97,
98,
99,
100
],
"train_loss": [
4.476023026875088,
1.9548864132398134,
1.8960394147154573,
1.7368316046603314,
1.3790094728593703,
1.1860605462805016,
1.2009735788617815,
0.8785856969944843,
0.7629373607697425,
0.6924078518694098,
0.7642057754776694,
0.6093364946253887,
0.6597017630354151,
0.7328997254371643,
0.6616011532870206,
0.6757162135916871,
0.6896806877928895,
0.61189422204897,
0.6027284690311977,
0.6153786174662701,
0.5873736669490863,
0.6149547030399372,
0.586876727543868,
0.5580757577697952,
0.6020192008513909,
0.670047656282202,
0.6054395615280449,
0.6153785276722599,
0.5647066800625293,
0.5818060427517086,
0.6074136828447317,
0.5827112646846028,
0.6104137332408459,
0.589340480891141,
0.5726706896509443,
0.5130610164109762,
0.5662223696708679,
0.5480196886248403,
0.49193574468810836,
0.5899034606945979,
0.5380101649018078,
0.6020864085717634,
0.5742200442722866,
0.6046304965948129,
0.5014156226987962,
0.483383009960125,
0.533929297289291,
0.5192973389253988,
0.6076445742086931,
0.5542483538776249,
0.5226411776883262,
0.5292213613336737,
0.5245177544556655,
0.5580923576633652,
0.4964345554252724,
0.5347150080389791,
0.5184259066334018,
0.4761826968812323,
0.5205017119259029,
0.4994527480819009,
0.5204009661426792,
0.5048685004184772,
0.46930653708321707,
0.541571986365628,
0.5513625083031592,
0.49886800716449686,
0.5057955690018543,
0.468955439406556,
0.459356199611317,
0.5277350777155393,
0.578996505830195,
0.516138609353598,
0.4638476089223639,
0.5301753452845982,
0.4769699163251109,
0.5824714736504988,
0.5614963800876172,
0.5388932212606653,
0.6008954984801156,
0.5230277056817885,
0.5458962561248185,
0.5103708954600544,
0.5174292132451936,
0.4858892165221177,
0.5394154175535425,
0.4766733808950944,
0.47799785957707985,
0.5020510252420004,
0.5309774449893406,
0.4899969898261033,
0.529611652547663,
0.5183422898317313,
0.5139398187785954,
0.5451505308027391,
0.4805509498367062,
0.512516310462704,
0.5056987250006044,
0.4982731326833948,
0.5352452559904619,
0.5270258776553265
],
"val_loss": [
0.11931904405355453,
0.11717268079519272,
0.12048740684986115,
0.1281786859035492,
0.13774512708187103,
0.13535839319229126,
0.14144141972064972,
0.14370499551296234,
0.14251109957695007,
0.1494634747505188,
0.15652227401733398,
0.14925271272659302,
0.13715387880802155,
0.1329287886619568,
0.13783007860183716,
0.15005679428577423,
0.14718927443027496,
0.13231496512889862,
0.1316184252500534,
0.14107368886470795,
0.15567246079444885,
0.14865349233150482,
0.14018604159355164,
0.1347929984331131,
0.1323569118976593,
0.13233444094657898,
0.13282355666160583,
0.131725013256073,
0.1344940960407257,
0.13438811898231506,
0.1356775164604187,
0.13609330356121063,
0.13522601127624512,
0.133973628282547,
0.13019892573356628,
0.12738750874996185,
0.1266804337501526,
0.1242779865860939,
0.12293032556772232,
0.12213438749313354,
0.12498841434717178,
0.12791310250759125,
0.12858806550502777,
0.12553851306438446,
0.1246386468410492,
0.12647873163223267,
0.13031871616840363,
0.13610446453094482,
0.13626496493816376,
0.13382677733898163,
0.13214325904846191,
0.13097050786018372,
0.12717770040035248,
0.12506511807441711,
0.12548145651817322,
0.12736503779888153,
0.12794631719589233,
0.1251499205827713,
0.12341056764125824,
0.12296997755765915,
0.12365752458572388,
0.12502555549144745,
0.1257251799106598,
0.1245596706867218,
0.12414193898439407,
0.12385498732328415,
0.12365758419036865,
0.12320398539304733,
0.12316285818815231,
0.1224183738231659,
0.12057147175073624,
0.11958205699920654,
0.11942427605390549,
0.11997634172439575,
0.12025611847639084,
0.12050922960042953,
0.1206793338060379,
0.12093796581029892,
0.1214064210653305,
0.12187608331441879,
0.12239348143339157,
0.12266852706670761,
0.12298440933227539,
0.122960664331913,
0.12298697233200073,
0.12335226684808731,
0.12358953058719635,
0.1236792653799057,
0.12351953238248825,
0.12340327352285385,
0.12331067770719528,
0.12325845658779144,
0.12321258336305618,
0.12310020625591278,
0.12302450090646744,
0.122980497777462,
0.12291660159826279,
0.12286952137947083,
0.12283912301063538,
0.12282651662826538
]
}