{
"epoch": [
1,
2,
3,
4,
5,
6,
7,
8,
9,
10,
11,
12,
13,
14,
15,
16,
17,
18,
19,
20,
21,
22,
23,
24,
25,
26,
27,
28,
29,
30,
31,
32,
33,
34,
35,
36,
37,
38,
39,
40,
41,
42,
43,
44,
45,
46,
47,
48,
49,
50,
51,
52,
53,
54,
55,
56,
57,
58,
59,
60,
61,
62,
63,
64,
65,
66,
67,
68,
69,
70,
71,
72,
73,
74,
75,
76,
77,
78,
79,
80,
81,
82,
83,
84,
85,
86,
87,
88,
89,
90,
91,
92,
93,
94,
95,
96,
97,
98,
99,
100
],
"recon_loss": [
0.16343390767450455,
0.1611449784272677,
0.20818318233087466,
0.20542442334162725,
0.21078060373857424,
0.1867115700786764,
0.18961296878851852,
0.19510691254943996,
0.19405448185159013,
0.19457914031945267,
0.20244971536970757,
0.22537381463236622,
0.19265362697762328,
0.20418625412049232,
0.1950520977571413,
0.189953497090897,
0.20649817315014926,
0.19704685950434053,
0.17512447609529866,
0.18789437664793684,
0.16660548456303484,
0.16525528937965245,
0.17217429872457082,
0.1783690479668704,
0.179087655884879,
0.1802326309216487,
0.17273687039102828,
0.18743208573236095,
0.17825545796326228,
0.16667966525275985,
0.18703068715411347,
0.16130032477440773,
0.14654734633959732,
0.1617910047243168,
0.1725908773286002,
0.16874561449149986,
0.15316955822628814,
0.15516908137829272,
0.1559347254889352,
0.16799257985957258,
0.14569328860803085,
0.15806430113780034,
0.1674398990807595,
0.14502094144170935,
0.14125663912915565,
0.14909675698001662,
0.1623928144380644,
0.15959672958819898,
0.15043950758197092,
0.16289918976170675,
0.14865963489978345,
0.15046774586299796,
0.14556553940494338,
0.1639724426068269,
0.14879643800970796,
0.15990594551934825,
0.16337665954193512,
0.14846714421526178,
0.15103884602521922,
0.14441074605111953,
0.17457352210948993,
0.1485247224956364,
0.1612159414337827,
0.16434260119091382,
0.15207771434412373,
0.15746113270908207,
0.1393483097290064,
0.14303661031382425,
0.14384790413178405,
0.18082281947135925,
0.16091367795869901,
0.1546475515737162,
0.1247182534886645,
0.1578758480873975,
0.1476966289730815,
0.14865294195614853,
0.1689558799390669,
0.16059666349516286,
0.16052670176927145,
0.1530200084308525,
0.1506809356150689,
0.16102251526597258,
0.14471237864587214,
0.16204880313439804,
0.1599719924973203,
0.1385910544883121,
0.14459183250928853,
0.1447083256267882,
0.16218121349811554,
0.1625684771638412,
0.1540827943713634,
0.1460205332025305,
0.17285105199008793,
0.1679245757979232,
0.14502632850176328,
0.15236949282033102,
0.1468603713558866,
0.15896728015565254,
0.1628549089292427,
0.1612932343374599
],
"sspg_loss": [
8.793998687298267,
5.466928478959319,
5.941028997495577,
6.325463394065956,
4.228541231774664,
4.460014033627201,
4.948656367017077,
3.260457856314523,
2.2635993152469784,
1.8255364709086233,
1.857885328206149,
1.0665572107612313,
1.5120211948047986,
1.7974949533289128,
1.3983649278615977,
1.9989851326137393,
1.5042522495443171,
1.1861243542138633,
1.4471072995817507,
1.374171170321378,
1.2966167787452796,
1.683634141822914,
1.2761055447838523,
1.2149809010617145,
1.2154415931020464,
1.7744114987261883,
1.4591658486948385,
1.266382165930488,
1.0963713735729068,
0.9785412797680149,
1.30736860826418,
1.3133639484256894,
1.0077855478633533,
1.1542262969078956,
1.4552891471169211,
1.0976439900212474,
1.1510415603588153,
1.2642955780029297,
1.2910272293276601,
1.5749805422572347,
1.213991801460068,
1.587828854461769,
1.3318769126743466,
1.812221926528138,
0.916859204118902,
0.9068138769694737,
1.2121569901317746,
1.162422650820249,
1.012799900847596,
1.1343236797815794,
1.4082856116356788,
1.212050775428871,
1.240162240994441,
1.2811812332698278,
1.1807018944195338,
1.0312390915759198,
1.0963309337566425,
0.9824159942664109,
1.1529601982661657,
1.2197574113870595,
0.9829990484497764,
1.1177558496400908,
0.969761484629148,
1.2828128701680666,
1.1330870235121095,
0.8535770123655145,
1.1461193066138726,
0.8408467034240822,
0.8018217319017881,
0.9727250925906292,
1.4242147160814953,
1.087267120163162,
1.111845194132297,
1.2952099496668035,
0.8804791004626782,
1.322803410616788,
1.3411579101116626,
0.9528380175689598,
1.5431102839383213,
0.9910641955090808,
1.070664576121739,
1.1830950201331796,
1.3125766469286633,
0.9076087993460816,
1.0694811862784546,
0.9515202835008696,
1.00177948815482,
0.9857512309953764,
1.025969650064196,
0.9855041604537469,
1.206393542227807,
1.1774866983488008,
0.9681172734731204,
1.1112172340417836,
0.9400395077544373,
1.0431286591988105,
1.227203327339965,
0.9387638909476144,
1.0664302242266668,
1.1911176675325865
],
"di_loss": [
29.91941042070265,
8.686942020019927,
7.1726666239949015,
6.036564063716244,
5.164137964124803,
2.7145684632388027,
3.044716305546946,
2.3634587294095524,
2.1483360637318003,
1.9500151733299353,
2.4559230370955034,
1.5286412920270647,
1.6105691302906384,
2.157668825867888,
1.913472098189515,
1.2035068737996089,
1.6477460969578137,
1.5474283819074754,
1.4211725677762712,
1.2801403194278866,
1.36746917452131,
1.3622203925987342,
1.3245789462869817,
1.3251692211473143,
1.3681322274269996,
1.6482776387945397,
1.399281932162,
1.2791626437917931,
1.1923398987039344,
1.4391170786572742,
1.2888047106854328,
1.19145291192191,
1.8714750974209278,
1.2188305684498377,
1.3702954038397057,
0.9904511927010177,
1.0655034354754858,
1.2976917105835755,
0.802738407989601,
1.3439086876906359,
1.2467448757840442,
1.5237927885798666,
1.4708677452880066,
1.3475831731573327,
1.1785724364317858,
1.1110991022803567,
1.0768310466370026,
1.0107143018152807,
1.176675482229753,
1.2957002218667564,
1.0872243549916651,
1.146011039808199,
1.31451487696016,
1.252361005002802,
1.0364782771506866,
1.031851508400657,
1.0592911707890498,
0.9887474001228035,
0.9266009764237837,
1.0962491066424878,
1.020570064519907,
1.0931547005455216,
0.7930255756749736,
1.0504647338545168,
1.30498147475255,
1.2739657736443855,
0.8760670767976092,
1.0522503140684847,
1.0182963315542641,
1.0218722913172338,
1.2276029075895036,
1.1765432953834534,
1.0252014971398689,
1.0756959102370522,
0.9559950747273185,
1.1256585097932197,
1.2505670902016874,
1.1859097325956667,
1.5243409546938809,
1.236985123002684,
1.2756551860214829,
1.0196301402983727,
0.9936774713652474,
0.9851579070091248,
1.5055469568673667,
0.9606525170338618,
1.0089939461125956,
1.0706688483040054,
1.028526351823435,
0.9993443458111255,
1.2974879277216924,
1.2898232038919029,
0.8493269240701353,
1.2934671535894469,
1.1261701351636415,
1.0036245743175605,
1.0880200197170307,
0.9965847808045226,
1.1516789290812108,
1.0112944562713821
],