{
"epoch": [
1,
2,
3,
4,
5,
6,
7,
8,
9,
10,
11,
12,
13,
14,
15,
16,
17,
18,
19,
20,
21,
22,
23,
24,
25,
26,
27,
28,
29,
30,
31,
32,
33,
34,
35,
36,
37,
38,
39,
40,
41,
42,
43,
44,
45,
46,
47,
48,
49,
50,
51,
52,
53,
54,
55,
56,
57,
58,
59,
60,
61,
62,
63,
64,
65,
66,
67,
68,
69,
70,
71,
72,
73,
74,
75,
76,
77,
78,
79,
80,
81,
82,
83,
84,
85,
86,
87,
88,
89,
90,
91,
92,
93,
94,
95,
96,
97,
98,
99,
100
],
"train_loss": [
4.421344538696673,
2.1469272745757544,
1.5919764202182032,
1.536007592658035,
1.346535142730264,
1.0675307892951644,
1.0084914239514775,
0.8145755519386099,
0.8290177658826363,
0.8216269216617617,
0.7118475817832626,
0.6558813873459312,
0.5932810001012658,
0.6169531826211625,
0.6158510977480592,
0.6220497634230542,
0.5875389961635366,
0.5259188278382566,
0.6263841545882345,
0.5441025750977653,
0.5488448683955088,
0.543951989722853,
0.4938320813058805,
0.5444265398658624,
0.5010261871233708,
0.5475991698874145,
0.4903833515503827,
0.4697664430161484,
0.4920179187750616,
0.4940974737415795,
0.4570165116246007,
0.4891313204244405,
0.4751532944310613,
0.4767560252622396,
0.4708620805700286,
0.4595487222952001,
0.46364054434439717,
0.46598357913874777,
0.4473272619628105,
0.4557190858015493,
0.45043924526006235,
0.4778838107565872,
0.44659710681738973,
0.4603821262091148,
0.4244508415210147,
0.48075600381658856,
0.46340993071804526,
0.45177886390886385,
0.46127693442737355,
0.4775568442184384,
0.46430126308393077,
0.4337514643909551,
0.4679322017341101,
0.4402800698240264,
0.4611301867901778,
0.44511563587589426,
0.4418815990456012,
0.4329400307991925,
0.44192864714550373,
0.48196640310167266,
0.4542823023154956,
0.4476532695674095,
0.4351236366925119,
0.4526032186856791,
0.43425576501533764,
0.4535990572777115,
0.4308525090958892,
0.4564921019457969,
0.47582218226264505,
0.46165879008148897,
0.46273419336110605,
0.44540067355171975,
0.4412854857304517,
0.4597037872847389,
0.4474128101553236,
0.4475537869108825,
0.43559891736807943,
0.4508992123002766,
0.45362990142918436,
0.4475599993176821,
0.4517936170602045,
0.4607944438437454,
0.451937223182005,
0.44185252575313344,
0.46617658548996227,
0.44467304233743365,
0.44273824250998617,
0.42813783984224335,
0.45723862107060537,
0.4341696610971659,
0.44305070007548614,
0.4220931314620651,
0.42825015678125267,
0.4582864226413374,
0.44951399785129964,
0.43870871958612395,
0.43681385537155537,
0.42614532293391827,
0.439030675827956,
0.44335887061447654
],
"val_loss": [
0.09444410353899002,
0.09444410353899002,
0.09444410353899002,
0.09444410353899002,
0.09444410353899002,
0.09444410353899002,
0.09444410353899002,
0.09444410353899002,
0.09444410353899002,
0.09444410353899002,
0.09444410353899002,
0.09444410353899002,
0.09444410353899002,
0.09444410353899002,
0.09444410353899002,
0.09444410353899002,
0.09444410353899002,
0.09444410353899002,
0.09444410353899002,
0.09444410353899002,
0.09444410353899002,
0.09444410353899002,
0.09444410353899002,
0.09444410353899002,
0.09444410353899002,
0.09444410353899002,
0.09444410353899002,
0.09444410353899002,
0.09444410353899002,
0.09444410353899002,
0.09444410353899002,
0.09444410353899002,
0.09444410353899002,
0.09444410353899002,
0.09444410353899002,
0.09444410353899002,
0.09444410353899002,
0.09444410353899002,
0.09444410353899002,
0.09444410353899002,
0.09444410353899002,
0.09444410353899002,
0.09444410353899002,
0.09444410353899002,
0.09444410353899002,
0.09444410353899002,
0.09444410353899002,
0.09444410353899002,
0.09444410353899002,
0.09444410353899002,
0.09444410353899002,
0.09444410353899002,
0.09444410353899002,
0.09444410353899002,
0.09444410353899002,
0.09444410353899002,
0.09444410353899002,
0.09444410353899002,
0.09444410353899002,
0.09444410353899002,
0.09444410353899002,
0.09444410353899002,
0.09444410353899002,
0.09444410353899002,
0.09444410353899002,
0.09444410353899002,
0.09444410353899002,
0.09444410353899002,
0.09444410353899002,
0.09444410353899002,
0.09444410353899002,
0.09444410353899002,
0.09444410353899002,
0.09444410353899002,
0.09444410353899002,
0.09444410353899002,
0.09444410353899002,
0.09444410353899002,
0.09444410353899002,
0.09444410353899002,
0.09444410353899002,
0.09444410353899002,
0.09444410353899002,
0.09444410353899002,
0.09444410353899002,
0.09444410353899002,
0.09444410353899002,
0.09444410353899002,
0.09444410353899002,
0.09444410353899002,
0.09444410353899002,
0.09444410353899002,
0.09444410353899002,
0.09444410353899002,
0.09444410353899002,
0.09444410353899002,
0.09444410353899002,
0.09444410353899002,
0.09444410353899002,
0.09444410353899002
]
}