{
"epoch": [
1,
2,
3,
4,
5,
6,
7,
8,
9,
10,
11,
12,
13,
14,
15,
16,
17,
18,
19,
20,
21,
22,
23,
24,
25,
26,
27,
28,
29,
30,
31,
32,
33,
34,
35,
36,
37,
38,
39,
40,
41,
42,
43,
44,
45,
46,
47,
48,
49,
50,
51,
52,
53,
54,
55,
56,
57,
58,
59,
60,
61,
62,
63,
64,
65,
66,
67,
68,
69,
70,
71,
72,
73,
74,
75,
76,
77,
78,
79,
80,
81,
82,
83,
84,
85,
86,
87,
88,
89,
90,
91,
92,
93,
94,
95,
96,
97,
98,
99,
100
],
"recon_loss": [
0.1384799610666868,
0.1328903366537655,
0.12746260471704626,
0.12653051942837337,
0.1311134409879436,
0.13445619349720098,
0.12716397555435405,
0.1253873191210402,
0.12836868722899622,
0.12465293342325867,
0.13170585086365708,
0.12334937852721255,
0.12140009433281522,
0.13558231394330994,
0.1148760493437783,
0.13632366286606348,
0.12407192600374463,
0.137237082133774,
0.14079922375057927,
0.12215602823666163,
0.12858578675434368,
0.12056466899499171,
0.12983388234587276,
0.13067504325333765,
0.12659857084019846,
0.13000587117271262,
0.12656599026517706,
0.11585220738368876,
0.13256431327146642,
0.12788548251660933,
0.12006964615914,
0.13029950080799454,
0.11690941966381393,
0.1189362153786571,
0.1168676443210169,
0.12049272092951446,
0.13290483523316743,
0.1298608348524871,
0.1172642606396635,
0.12443130056397254,
0.12602560716767272,
0.1325063882004313,
0.12438208691212309,
0.12462087789503466,
0.12372213821200763,
0.14334497043565542,
0.1282933641757284,
0.13084310819120967,
0.12086445255940702,
0.12495341771790962,
0.12384500160437673,
0.1324450071869778,
0.14650249456157202,
0.1327940946241387,
0.11726124697372693,
0.12282816089001022,
0.12622542253562383,
0.11856311534633156,
0.12470912257162463,
0.14720891653990545,
0.13502185272068537,
0.12630833397392466,
0.12433010214517097,
0.12154118328535256,
0.12924854056674892,
0.13791664627169362,
0.12413809918055013,
0.13214197629640081,
0.15761168564067168,
0.13395071480454518,
0.12599977299946696,
0.1272924685177683,
0.12750371939995708,
0.1422968762261527,
0.1301888133547887,
0.12675693505952337,
0.13008764436265,
0.13973622211889059,
0.13444563345748836,
0.1240516276169224,
0.11909372027681656,
0.1338090227932489,
0.13161774536892146,
0.1329002276438625,
0.12229095299203857,
0.1323261743708819,
0.12397371946262713,
0.11797930087362017,
0.12992996791330705,
0.12287086361095685,
0.13027480457510268,
0.12257085145772004,
0.1273603335398586,
0.1363686250538385,
0.13152483224618336,
0.12531578102532556,
0.13356651390800958,
0.1228371277576735,
0.13111142263192088,
0.12715500824842133
],
"sspg_loss": [
16.652815698575573,
9.723978988262786,
6.386894903263124,
6.634751476159616,
4.769873202347956,
3.8024172863038648,
4.048973592389531,
2.8047711929353345,
3.2805502314527497,
2.5494743094724766,
2.0949023200684236,
2.1136535346007146,
1.627230982820527,
1.8222980960076596,
1.9321243031686093,
1.6361064019323397,
1.8970115505346732,
1.3603579617348038,
2.119179611446477,
1.4864749958535202,
1.6736449333799988,
1.4238409535223697,
0.9935002938038161,
1.6561367451643743,
1.0436736806100155,
1.5065623662051033,
1.2232035899362643,
1.2001640916872425,
1.1129677626265198,
1.2920371985235135,
1.1128221920558385,
1.214242594582694,
1.1871002301448534,
1.0395173410407634,
1.163637846457858,
1.0451230867570187,
0.9289521059068311,
1.0580845490223219,
0.944380889419748,
0.9269087404763999,
1.0062535700677824,
1.0399050592374401,
0.95668073562013,
0.9817373381943262,
0.8457226492777592,
1.0553309556816806,
0.9561188882138548,
1.0107265510478942,
1.0323869045041187,
1.1221205426865266,
0.9780747069030249,
0.7965118133721232,
0.9714528422395722,
0.9721727832024839,
1.0471099204375964,
0.887885936668941,
0.8827979194016016,
0.9503436769757952,
0.9366036944028711,
1.1228088320804244,
0.9050465752096737,
0.9888700907971678,
0.9102368945835018,
1.01612100681337,
0.9176543840841085,
0.9472491049966892,
0.8827329763845235,
0.9287121305946543,
0.8757058271840841,
0.907190362946326,
1.024514062564914,
0.8915355841652686,
0.920131546609542,
0.9089003090097123,
0.9961779768727407,
0.9870482082126522,
0.8646976667291978,
0.8847086249279374,
0.9691938923186615,
0.9963250676123034,
1.0382399869566203,
0.9990490334374564,
1.0282066559591214,
0.8981434327213704,
1.0908905097416468,
0.8427461255498293,
0.9737940796283113,
0.8731660271893028,
0.965446442616086,
0.9077834381776697,
0.8963554386331254,
0.8331395307508838,
0.8486843299465019,
0.9488727996329299,
0.840119776605558,
0.8841419525507117,
0.7844850616294796,
0.8130733561115104,
0.855299112175693,
0.8595095872879028
],
"di_loss": [
24.873793742235968,
9.11435393325421,
6.956206477990671,
6.157982585810814,
6.082307222510586,
4.226292477936304,
3.46226467204695,
2.785074803007751,
2.423904501089529,
3.118229046589186,
2.404478277478899,
1.9096301703893839,
1.7895418275304202,
1.6893742535294605,
1.775589692492445,
1.9191185907155526,
1.43562273518378,
1.2244231450457532,
1.4346333080980957,
1.430954342629729,
1.226909788716741,
1.5079961374026387,
1.3444453938668515,
1.179341864185173,
1.3985661809183971,
1.3673343117497547,
1.1129336978207116,
1.0369419290238069,
1.1795320440741146,
1.0680463193845349,
0.9546101654277128,
1.072039398826471,
1.0933023991704989,
1.236644732851942,
1.0742703325608198,
1.0434008000277673,
1.0763686103981083,
1.0011066558982145,
1.0542126883979606,
1.0839329176590222,
0.9358466778482709,
1.1118328210686435,
0.9634330743501166,
1.0738388530346525,
0.8595281421136456,
1.016743035877452,
1.093010539768123,
0.8965947272396889,
1.0697016876284815,
1.10187731069677,
1.1244517875318767,
0.9145166122612833,
0.9408078774684617,
0.8006507043077165,
1.0895432078537821,
1.032952464929148,
0.9717276827627871,
0.8913893509311837,
0.9335552273678178,
0.9227298277766764,
0.9855218434534153,
0.9225428565209653,
0.8956622381170257,
0.9924631479407559,
0.8303814485293477,
0.9075388111988035,
0.8823748496400208,
1.0127528354901225,
1.0043630339518315,
1.0678539446422033,
1.0407940049131377,
0.9875102333661889,
0.9156497591683844,
0.9631325377135718,
0.8740256694184632,
0.9188841210693872,
0.888378783434379,
0.9248850400708303,
0.9206125686148635,
0.9367224163367969,
0.9867227142598448,
0.9687689041891018,
0.8729519583597904,
0.8893431114549396,
1.0459294840067375,
0.9786862891261318,
0.9118148313850916,
0.9263830184936523,
1.0056036505378594,
0.9031682545397463,
0.9293672532594505,
0.8600471620800114,
0.858177634848266,
0.9682689594621418,
1.0377357316618205,
0.9477511804644801,
0.9459520668542686,
0.9179724775442556,
0.9218571827191264,
1.000492891343702
],