{
"epoch": [
1,
2,
3,
4,
5,
6,
7,
8,
9,
10,
11,
12,
13,
14,
15,
16,
17,
18,
19,
20,
21,
22,
23,
24,
25,
26,
27,
28,
29,
30,
31,
32,
33,
34,
35,
36,
37,
38,
39,
40,
41,
42,
43,
44,
45,
46,
47,
48,
49,
50,
51,
52,
53,
54,
55,
56,
57,
58,
59,
60,
61,
62,
63,
64,
65,
66,
67,
68,
69,
70,
71,
72,
73,
74,
75,
76,
77,
78,
79,
80,
81,
82,
83,
84,
85,
86,
87,
88,
89,
90,
91,
92,
93,
94,
95,
96,
97,
98,
99,
100
],
"train_loss": [
4.333895350704674,
1.3629228307419465,
1.8916273066977494,
2.8691973746323787,
3.8046995211048285,
2.9829042478769767,
1.8724336964743478,
1.2707018050826897,
1.091303629534585,
0.7607793953238415,
1.0835762399585307,
0.8189903096992428,
0.6782257041009534,
0.6069554451133022,
0.5102612897127616,
0.48642065695353914,
0.439162876425671,
0.4015294047964721,
0.3805350713870105,
0.3567065040604407,
0.3579909949242568,
0.3455640791344042,
0.34022056580591603,
0.3338728041208091,
0.35761208794697996,
0.3320361763990226,
0.3268548069881792,
0.31463894924195873,
0.30997481791913006,
0.35527722950743024,
0.32707750070996644,
0.32430222855896507,
0.3240181044871066,
0.32549102316383555,
0.3055592084131321,
0.30619599338339154,
0.3186754521702518,
0.30326630463119314,
0.3047772074947838,
0.3240641823836735,
0.36741191925120953,
0.37881478441863503,
0.36490767317659717,
0.3750532642632973,
0.3502217836740638,
0.3572223572170033,
0.36280383307392855,
0.35760021510244416,
0.3379936468701403,
0.33865826220071615,
0.335437226445735,
0.2922525989408253,
0.3133508142303018,
0.3237151278167212,
0.2763873443884008,
0.29189362095183685,
0.30467120964987937,
0.2906839321641361,
0.28635547216199025,
0.2732948700920874,
0.28124603854507957,
0.2671230475441748,
0.2675239764341787,
0.25023088986132325,
0.262602425422989,
0.2888167669542697,
0.2703358611138929,
0.25798517565767304,
0.26613014936447144,
0.2645279564777342,
0.2780960808281137,
0.24724189348581457,
0.2591924524607779,
0.2736019181604145,
0.2631598675952238,
0.261435397282368,
0.25936069571170484,
0.2676567177311713,
0.2666905041502303,
0.2603685550329064,
0.25073484663201984,
0.2668811861707383,
0.2629003940510149,
0.2638946458572099,
0.25185855747270985,
0.26158201343872967,
0.2562456461561828,
0.24987526025090898,
0.2598142378470477,
0.25318142596413107,
0.2593466639518738,
0.2529824516352485,
0.25715405575367584,
0.2752261810442981,
0.2639565997514404,
0.2559126304979084,
0.26392891427048115,
0.2533237383145244,
0.26120668223925997,
0.2574302679350396
],
"val_loss": [
1.4029525518417358,
1.0732800960540771,
1.2773269414901733,
2.495237350463867,
2.2044968605041504,
1.2951362133026123,
0.6167145371437073,
0.521913468837738,
0.4978928864002228,
0.25194689631462097,
0.3399493992328644,
0.4965307116508484,
0.24266605079174042,
0.20583002269268036,
0.2288920134305954,
0.22005313634872437,
0.1787140965461731,
0.14913497865200043,
0.1483706533908844,
0.16176101565361023,
0.15611575543880463,
0.16811764240264893,
0.13812342286109924,
0.1724875569343567,
0.1863044798374176,
0.13713133335113525,
0.12424217164516449,
0.14706669747829437,
0.13416577875614166,
0.12200924754142761,
0.15764446556568146,
0.15441308915615082,
0.1840551495552063,
0.13537903130054474,
0.11678770184516907,
0.09055279195308685,
0.13789181411266327,
0.1301543414592743,
0.13443101942539215,
0.16755340993404388,
0.13969071209430695,
0.1758701503276825,
0.15313607454299927,
0.1617918461561203,
0.1471371352672577,
0.1685103476047516,
0.14836913347244263,
0.16230462491512299,
0.15844935178756714,
0.13982784748077393,
0.11926214396953583,
0.11279216408729553,
0.12577269971370697,
0.11285708099603653,
0.11376214027404785,
0.11417406797409058,
0.11791176348924637,
0.12453143298625946,
0.10785312950611115,
0.11509231477975845,
0.12210983037948608,
0.11712047457695007,
0.11176729202270508,
0.10879604518413544,
0.10871371626853943,
0.10760671645402908,
0.10248461365699768,
0.10391710698604584,
0.09795968979597092,
0.09388220310211182,
0.09476863592863083,
0.09356750547885895,
0.09136543422937393,
0.09721828997135162,
0.09474657475948334,
0.09519370645284653,
0.09674452990293503,
0.09838395565748215,
0.0972037985920906,
0.09897419810295105,
0.09757688641548157,
0.0974062979221344,
0.09703286737203598,
0.09990329295396805,
0.09637533873319626,
0.09493831545114517,
0.09420889616012573,
0.0944424569606781,
0.095170758664608,
0.09536118805408478,
0.09517199546098709,
0.09532173722982407,
0.095257967710495,
0.0948944240808487,
0.09436193108558655,
0.0942450687289238,
0.09431477636098862,
0.09440060704946518,
0.09444232285022736,
0.09444410353899002
]
}