{
  "sspg": {
    "rmse": 1496.7319073816661,
    "mae": 1494.640380859375,
    "r2": -298.60891135969865,
    "pearson_r": 0.4132817693213118,
    "pearson_p": 0.35674111357576,
    "spearman_r": 0.21428571428571433,
    "spearman_p": 0.6445115810207203,
    "n": 7
  },
  "di": {
    "rmse": 29.472470224577076,
    "mae": 29.465639616761887,
    "r2": -1868.3085089093183,
    "pearson_r": 0.5909762705476068,
    "pearson_p": 0.16231996769318977,
    "spearman_r": 0.6785714285714287,
    "spearman_p": 0.0937502539598313,
    "n": 7
  }
}