{
"epoch": [
1,
2,
3,
4,
5,
6,
7,
8,
9,
10,
11,
12,
13,
14,
15,
16,
17,
18,
19,
20,
21,
22,
23,
24,
25,
26,
27,
28,
29,
30,
31,
32,
33,
34,
35,
36,
37,
38,
39,
40,
41,
42,
43,
44,
45,
46,
47,
48,
49,
50,
51,
52,
53,
54,
55,
56,
57,
58,
59,
60,
61,
62,
63,
64,
65,
66,
67,
68,
69,
70,
71,
72,
73,
74,
75,
76,
77,
78,
79,
80,
81,
82,
83,
84,
85,
86,
87,
88,
89,
90,
91,
92,
93,
94,
95,
96,
97,
98,
99,
100
],
"train_loss": [
231.25106207116858,
100.57366388494319,
43.453597626128754,
29.76088843407569,
73.02299947862501,
6.919795395491959,
4.767591652932105,
1.8677625749018285,
2.7035963813979906,
7.34479299768225,
7.451925197204986,
9.522844426043623,
4.178680432307256,
5.899220454228389,
7.383924371236331,
2.5340301293831367,
1.3093874408053112,
1.6025714874267578,
1.6209393476510976,
3.1937895006947703,
3.381346114270099,
5.835008416857038,
2.1201146051481174,
3.187237380386947,
3.440582646952047,
2.781682157671297,
2.644565811404934,
1.6159027768419933,
1.5956705034553231,
1.6017975482073696,
1.3053372928074427,
1.5610594207590276,
2.188351550659576,
1.3084494665071562,
1.0113012868088562,
1.108058441768993,
0.8202317798292482,
1.2696162477716224,
0.9770231866217279,
0.8893314886402774,
0.9243913594778482,
0.7092178696161741,
0.8005778479885746,
0.7961004221594179,
0.6415576145246431,
0.854138049212369,
0.9380999385536491,
0.7629860871798032,
1.4537651291141263,
0.751388669013977,
0.9579058157933222,
0.7956534639581457,
1.0468540501284909,
1.049208292713413,
1.0934767320558623,
0.7135095348605862,
0.5646415364432644,
0.6640862698678847,
0.745627698186156,
0.5696742488192273,
0.5401646777406915,
0.6526375033638694,
0.8606172072422968,
0.7617172103423577,
0.8417889050074986,
0.875492934282724,
0.6833006368054972,
0.7296059665741859,
0.6186191269329616,
0.5881758324511639,
0.6810776390038528,
0.5749754797328602,
0.6180549147841218,
0.5800736082064641,
0.657426992794136,
0.577804969889777,
0.6572752726542486,
0.48550856810111503,
0.5685103226017643,
0.7235061642411468,
0.6200474353579731,
0.8467199407614671,
0.6250414081982204,
0.8016550680259605,
0.5694092264423123,
0.7067240855910562,
0.7623011276319429,
0.8238223783381573,
0.5670210912630156,
0.6779915032448707,
0.5475586679848757,
0.6796945635374491,
0.5885725300033371,
0.6648804584106842,
0.5958032964111922,
0.5913063736705036,
0.6805433522571217,
0.6486140613432054,
0.4969755325998579,
0.6062104222062347
],
"val_loss": [
2.476376533508301,
1.3943368196487427,
1.3517155647277832,
1.3589677810668945,
1.4258111715316772,
1.4331015348434448,
1.3893837928771973,
1.3904982805252075,
1.376644253730774,
1.3073124885559082,
1.4524574279785156,
1.4035210609436035,
1.398339033126831,
1.4286572933197021,
1.3464667797088623,
1.364342451095581,
1.2625666856765747,
1.1580787897109985,
1.2287667989730835,
1.119983196258545,
1.0816044807434082,
0.9260422587394714,
0.8381433486938477,
0.7118397951126099,
0.7327989935874939,
0.7165029644966125,
0.704198956489563,
0.7583982348442078,
0.924606204032898,
0.8382461071014404,
0.7213567495346069,
1.4126646518707275,
1.1441614627838135,
0.8582735061645508,
1.2338306903839111,
0.9241212606430054,
0.8001269698143005,
0.9319049715995789,
1.057059407234192,
1.0048197507858276,
0.7893649935722351,
0.5872687697410583,
0.47130918502807617,
0.4345635771751404,
0.5629472136497498,
0.8390204906463623,
0.7711938619613647,
0.4097176790237427,
0.4500865042209625,
0.5023499727249146,
0.6799061298370361,
0.5071163177490234,
0.5037676692008972,
0.47995978593826294,
0.5175911784172058,
0.3590376675128937,
0.41341325640678406,
0.34878551959991455,
0.3742225766181946,
0.4404027760028839,
0.5024052858352661,
0.7946829795837402,
0.7185731530189514,
0.5809705257415771,
0.8177627921104431,
0.6127631068229675,
0.4667350649833679,
0.33335813879966736,
0.37799328565597534,
0.33786919713020325,
0.33485978841781616,
0.43879175186157227,
0.27018922567367554,
0.22390729188919067,
0.4458285868167877,
0.24307167530059814,
0.2499314248561859,
0.3490852117538452,
0.43465733528137207,
0.35107287764549255,
0.5972862839698792,
0.5111590027809143,
0.6144227385520935,
0.32169514894485474,
0.8290111422538757,
0.4429950714111328,
0.4212639629840851,
0.38123372197151184,
0.42261096835136414,
0.36396896839141846,
0.46750926971435547,
0.3561857044696808,
0.5902610421180725,
0.2894785702228546,
0.36506882309913635,
0.40828028321266174,
0.5642330646514893,
0.3532758057117462,
0.24921461939811707,
0.22528626024723053
]
}