{
"epoch": [
1,
2,
3,
4,
5,
6,
7,
8,
9,
10,
11,
12,
13,
14,
15,
16,
17,
18,
19,
20,
21,
22,
23,
24,
25,
26,
27,
28,
29,
30,
31,
32,
33,
34,
35,
36,
37,
38,
39,
40,
41,
42,
43,
44,
45,
46,
47,
48,
49,
50,
51,
52,
53,
54,
55,
56,
57,
58,
59,
60,
61,
62,
63,
64,
65,
66,
67,
68,
69,
70,
71,
72,
73,
74,
75,
76,
77,
78,
79,
80,
81,
82,
83,
84,
85,
86,
87,
88,
89,
90,
91,
92,
93,
94,
95,
96,
97,
98,
99,
100
],
"train_loss": [
4.231137021795496,
1.8000059832226147,
1.7882269171925333,
1.7906571224138335,
1.5159324020534366,
1.1810977056428984,
1.332053091618922,
1.0143065127459439,
0.8872591984736455,
0.7958428673929983,
0.9050009568016251,
0.6216677798853292,
0.6977993605972884,
0.84780131377183,
0.7239402629338302,
0.62492829251599,
0.6692692165250902,
0.5990240767404631,
0.5666091256327443,
0.607364584873249,
0.5634345721888852,
0.5787259541548692,
0.5506415785133064,
0.5048964360317627,
0.5781221711016321,
0.6096668901381554,
0.5343453350005212,
0.49766940923480246,
0.4761808328814321,
0.503111254085194,
0.5449502371348344,
0.5059213700232568,
0.48633685746750277,
0.4978792094565057,
0.4976262248955764,
0.4553854450002893,
0.47451903912928195,
0.4611726294864308,
0.4465083549549053,
0.48955234923920077,
0.4791081810926462,
0.5244407317081055,
0.5016974094626191,
0.490869392435272,
0.4106532192075407,
0.4559958561674341,
0.44015746650757726,
0.4399874937998784,
0.4714347077654554,
0.45924495644383617,
0.4378631738099185,
0.45675367891014396,
0.473075917014828,
0.45212808909354274,
0.4448068304495378,
0.4426356383732387,
0.43156888810071076,
0.4235935772394205,
0.44258738376877527,
0.43979988895453415,
0.46848500549019156,
0.43472271499695714,
0.4297445470636541,
0.44299137437498415,
0.4600989663755739,
0.45008941710769357,
0.4309542062994722,
0.41316933059073113,
0.41285593981866714,
0.4615234024338908,
0.4569421217039034,
0.4273498019614777,
0.41007117481974814,
0.4529552308769969,
0.4138463321444276,
0.44150212290999175,
0.47800923013067864,
0.4446605142060812,
0.4904972709618606,
0.4664233775881978,
0.4661701697033721,
0.4536413263964963,
0.4213688617402857,
0.44655660607598047,
0.4654641217225558,
0.4098873920254893,
0.4265269958353662,
0.44257128625721126,
0.4397193007654958,
0.4290744526819749,
0.45775865192537185,
0.4443061115679803,
0.4581580270420421,
0.46187830010017794,
0.42390960919392573,
0.4309834284441812,
0.40917163855069644,
0.4333317709433568,
0.4386243487333322,
0.44411485226123365
],
"val_loss": [
0.12077275663614273,
0.12077275663614273,
0.12077275663614273,
0.12077275663614273,
0.12077275663614273,
0.12077275663614273,
0.12077275663614273,
0.12077275663614273,
0.12077275663614273,
0.12077275663614273,
0.12077275663614273,
0.12077275663614273,
0.12077275663614273,
0.12077275663614273,
0.12077275663614273,
0.12077275663614273,
0.12077275663614273,
0.12077275663614273,
0.12077275663614273,
0.12077275663614273,
0.12077275663614273,
0.12077275663614273,
0.12077275663614273,
0.12077275663614273,
0.12077275663614273,
0.12077275663614273,
0.12077275663614273,
0.12077275663614273,
0.12077275663614273,
0.12077275663614273,
0.12077275663614273,
0.12077275663614273,
0.12077275663614273,
0.12077275663614273,
0.12077275663614273,
0.12077275663614273,
0.12077275663614273,
0.12077275663614273,
0.12077275663614273,
0.12077275663614273,
0.12077275663614273,
0.12077275663614273,
0.12077275663614273,
0.12077275663614273,
0.12077275663614273,
0.12077275663614273,
0.12077275663614273,
0.12077275663614273,
0.12077275663614273,
0.12077275663614273,
0.12077275663614273,
0.12077275663614273,
0.12077275663614273,
0.12077275663614273,
0.12077275663614273,
0.12077275663614273,
0.12077275663614273,
0.12077275663614273,
0.12077275663614273,
0.12077275663614273,
0.12077275663614273,
0.12077275663614273,
0.12077275663614273,
0.12077275663614273,
0.12077275663614273,
0.12077275663614273,
0.12077275663614273,
0.12077275663614273,
0.12077275663614273,
0.12077275663614273,
0.12077275663614273,
0.12077275663614273,
0.12077275663614273,
0.12077275663614273,
0.12077275663614273,
0.12077275663614273,
0.12077275663614273,
0.12077275663614273,
0.12077275663614273,
0.12077275663614273,
0.12077275663614273,
0.12077275663614273,
0.12077275663614273,
0.12077275663614273,
0.12077275663614273,
0.12077275663614273,
0.12077275663614273,
0.12077275663614273,
0.12077275663614273,
0.12077275663614273,
0.12077275663614273,
0.12077275663614273,
0.12077275663614273,
0.12077275663614273,
0.12077275663614273,
0.12077275663614273,
0.12077275663614273,
0.12077275663614273,
0.12077275663614273,
0.12077275663614273
]
}