{
"epoch": [
1,
2,
3,
4,
5,
6,
7,
8,
9,
10,
11,
12,
13,
14,
15,
16,
17,
18,
19,
20,
21,
22,
23,
24,
25,
26,
27,
28,
29,
30,
31,
32,
33,
34,
35,
36,
37,
38,
39,
40,
41,
42,
43,
44,
45,
46,
47,
48,
49,
50,
51,
52,
53,
54,
55,
56,
57,
58,
59,
60,
61,
62,
63,
64,
65,
66,
67,
68,
69,
70,
71,
72,
73,
74,
75,
76,
77,
78,
79,
80,
81,
82,
83,
84,
85,
86,
87,
88,
89,
90,
91,
92,
93,
94,
95,
96,
97,
98,
99,
100
],
"recon_loss": [
0.1611075664495493,
0.14815431088209152,
0.16797392070293427,
0.15577897545579192,
0.16417770977918203,
0.14508833242701247,
0.14516987941868895,
0.14393310616542768,
0.1419626876905367,
0.1453264458225919,
0.14499763399362564,
0.16278563459198198,
0.14110677776398597,
0.1526148570822431,
0.14905987738014817,
0.15110935870703165,
0.16360786808775618,
0.16488230750932323,
0.14100940177192936,
0.16377285064814925,
0.1429764318775821,
0.1359317751673909,
0.15042064135724847,
0.1558814640943106,
0.1589575945943981,
0.1635543353758849,
0.1554956314238635,
0.16655431958762082,
0.16551321377227832,
0.15026467903093857,
0.17217882548446778,
0.15247127655651663,
0.13665079141592051,
0.1516717623967629,
0.15919730570409205,
0.15932684304652275,
0.14320270930017745,
0.1472243345403052,
0.15222218864923948,
0.1559415464470913,
0.14052194453679123,
0.15109506636470943,
0.15929918639458618,
0.1384350624564406,
0.133573033012353,
0.14722791836633312,
0.16009279021195003,
0.15203224857906242,
0.14651389555497604,
0.15540214540896477,
0.14734170614898978,
0.15310828155511386,
0.14241267663317841,
0.16148525505483924,
0.1449718119262101,
0.1550453481349078,
0.15261610065187728,
0.14014926301194475,
0.15211474643899248,
0.1434541561386802,
0.16720862667281905,
0.14790209179574793,
0.15305654569105667,
0.15941135333730028,
0.1507397944276983,
0.15429364202858567,
0.13917504841244066,
0.14151234924793243,
0.14098373887600837,
0.17325818809595975,
0.15549728138880295,
0.14900146889222132,
0.12630239245179412,
0.1572419275324066,
0.14514121277765793,
0.14687224119514614,
0.16648741782485665,
0.15606727818777036,
0.15535962446169418,
0.1512796716256575,
0.15090458404708218,
0.15886719195873705,
0.14671094928468978,
0.16204746493271419,
0.15483433027546128,
0.1413777551867745,
0.14631993371944924,
0.14333621925347811,
0.1558838521505331,
0.16060410788306942,
0.15421129018068314,
0.14552967869616174,
0.17622984016870524,
0.1624281539932474,
0.14401822469451211,
0.149345076703406,
0.14472380996524514,
0.15461162913155246,
0.15687832952319802,
0.1631861063954118
],
"sspg_loss": [
8.861226459602257,
5.656409060800231,
6.5077785640567924,
7.347466530737939,
5.608060229908336,
5.673686968815791,
6.648642205572748,
4.422477109091623,
3.1891174192552443,
2.703535470095548,
3.0375879956530287,
1.496504924514077,
1.9043747202142494,
2.8565874966708096,
1.9796093768113618,
2.1605054403280284,
1.919402670550656,
1.3742257201826418,
1.6523525714874268,
1.6408193730688714,
1.4576463049108332,
1.864851815359933,
1.4809606771964532,
1.118660540549786,
1.6192543754329929,
1.717882438139482,
1.3953926191701518,
1.195389813804007,
1.006859059457655,
0.9965015572386903,
1.3409772646891607,
1.3751976428093848,
1.0283448959325816,
1.1794903108051844,
1.2236761466249244,
0.992824514190872,
1.060440412589482,
1.0704201521811547,
1.1684689784978892,
1.164925521070307,
1.1692135790725806,
1.464401680927772,
1.1534159307356004,
1.3835280297638535,
0.759303284155858,
0.9083491207717301,
0.9025824356388736,
0.9564024728614015,
1.0123388937541418,
0.9050204955138169,
0.9366611985417156,
0.9688700073725217,
1.1648156286834122,
0.8774642580515378,
0.9055154408727374,
0.8422811588683685,
0.843916908487097,
0.8501290756386596,
1.0237330051211568,
0.9591615803830036,
0.8579385969545934,
0.8246299593479602,
0.8879279176910202,
0.9085622240196575,
0.9075113666522039,
0.8947318521412936,
0.9391248156498004,
0.8255447203462775,
0.7286511907329807,
0.8887076795875252,
0.9060328084153014,
0.7789580791027515,
0.8659975563550925,
1.0592916089218933,
0.8125327066941694,
1.0371834070651562,
0.9845560525918936,
0.7559344683374677,
1.223436011896505,
1.0051212930060052,
0.9456687987624824,
0.948969893641286,
0.8844109324665813,
0.8673514174176501,
0.8933767320273759,
0.7866709224589459,
0.7686042979166106,
0.8571940629513233,
0.9105846827680414,
0.6618839262367843,
0.9783471095097529,
0.8589707102094378,
0.8757204978496997,
1.014604580866826,
0.8714496361744868,
0.892070011659102,
0.7345670508099841,
0.8185636079930639,
0.8510051601892942,
0.9132102247956512
],
"di_loss": [
30.734795396978203,
9.757843042348886,
8.590465297946682,
7.897060319974825,
6.805261711021522,
3.582137604812523,
4.115901055274072,
3.176952770778111,
3.159598575009928,
2.697356220963713,
3.4581449372427806,
1.9880582171601135,
2.558321305683681,
2.991049165849562,
2.664831757545471,
1.4733645250270893,
2.032855162372837,
1.862892621523374,
1.4993890585837426,
1.6908083411006185,
1.6426360421366506,
1.4587779664374017,
1.4169076123794953,
1.2672201898190882,
1.46810680395597,
1.6390121385648653,
1.2888988179045837,
1.0114890336990356,
0.9955455730487774,
1.4277144376333657,
1.2824296347506634,
1.0550488388383543,
1.3642296016990365,
1.1782941586011415,
1.0563491907986728,
0.8635105869986794,
1.1484365335532598,
0.9647411038349201,
0.6700711196119135,
1.0668795573246943,
1.1123245234613295,
1.1648212795133714,
1.1662520464364585,
1.036542898648745,
0.9071780280633406,
1.075050737950709,
0.7938007379507089,
0.8188523379239169,
1.1325891582996814,
1.029162517615727,
0.8642875366396718,
0.9632649127539102,
1.0375268211612454,
0.9246414110258028,
0.9885287517076963,
0.9293452702559434,
0.8413479390082421,
0.8800839650166499,
0.776772057855284,
0.9000232900891986,
1.0505264331768085,
0.9393013398368637,
0.7746621896694232,
0.8229493289798885,
1.081766966101411,
0.9588603059966843,
0.8743367675062897,
0.7867237948752069,
0.8858045664700595,
0.8896651438304356,
1.0041216302227665,
0.9002416195807519,
0.8672840254647392,
0.7935834364457564,
0.7702315534864154,
0.8048230200618892,
1.0264072294359083,
1.0256542091245775,
1.0236659297695407,
1.042024312081275,
1.1026729763328256,
0.8945344253019853,
0.7579258866124339,
0.8734548850492998,
1.1086753575832813,
0.7940892654579955,
0.9292280581090357,
1.0308544906702908,
0.8234844370321794,
0.9185322136073918,
0.9528355900343363,
1.024516410641856,
0.8392943399293082,
0.8755910806841665,
0.8232248920898932,
0.8200582277465176,
0.8056432705420953,
0.8643582440041876,
0.8621774354538361,
0.7917849460205475
],