{
  "n": 16,
  "pearson_r": 0.5642336812422876,
  "pearson_p": 0.022801783221725,
  "spearman_r": 0.5882352941176471,
  "spearman_p": 0.016539722195378165,
  "r2": 0.10098012819678037,
  "rmse": 0.6874205487407723,
  "mae": 0.5915014164957944
}