{
  "n": 20,
  "pearson_r": 0.6533106222528561,
  "pearson_p": 0.0017870334815472588,
  "spearman_r": 0.5714285714285714,
  "spearman_p": 0.008489085694766679,
  "r2": 0.250089579492374,
  "rmse": 69.12238611463177,
  "mae": 47.50640343983969
}