{
  "sspg": {
    "n": 20,
    "pearson_r": 0.6533106222528562,
    "pearson_p": 0.0017870334815472588,
    "spearman_r": 0.5714285714285714,
    "spearman_p": 0.008489085694766679,
    "r2": 0.2984497986923109,
    "rmse": 66.85646414215816,
    "mae": 47.33977392250601
  },
  "di": {
    "n": 16,
    "pearson_r": 0.5642336812422875,
    "pearson_p": 0.022801783221725068,
    "spearman_r": 0.5882352941176471,
    "spearman_p": 0.016539722195378165,
    "r2": -0.1252521815122818,
    "rmse": 0.7690645556728458,
    "mae": 0.6909514689698864
  }
}