{
  "n": 16,
  "pearson_r": 0.5642336812422875,
  "pearson_p": 0.022801783221725068,
  "spearman_r": 0.5882352941176471,
  "spearman_p": 0.016539722195378165,
  "r2": -0.1252521815122818,
  "rmse": 0.7690645556728458,
  "mae": 0.6909514689698864
}