{
  "n": 20,
  "pearson_r": 0.8219987641646415,
  "pearson_p": 8.754479062393173e-06,
  "rmse": 74.23760847306043
}