{
  "sspg": {
    "spearman_r": 0.13333333333333333,
    "rmse": NaN,
    "n": 9
  },
  "di": {
    "spearman_r": -0.1666666666666667,
    "rmse": NaN,
    "n": 8
  }
}