{
"epoch": [
1,
2,
3,
4,
5,
6,
7,
8,
9,
10,
11,
12,
13,
14,
15,
16,
17,
18,
19,
20,
21,
22,
23,
24,
25,
26,
27,
28,
29,
30,
31,
32,
33,
34,
35,
36,
37,
38,
39,
40,
41,
42,
43,
44,
45,
46,
47,
48,
49,
50,
51,
52,
53,
54,
55,
56,
57,
58,
59,
60,
61,
62,
63,
64,
65,
66,
67,
68,
69,
70,
71,
72,
73,
74,
75,
76,
77,
78,
79,
80,
81,
82,
83,
84,
85,
86,
87,
88,
89,
90,
91,
92,
93,
94,
95,
96,
97,
98,
99,
100
],
"train_loss": [
903.6683829656922,
326.53971515315595,
372.7802876387492,
368.1471412583153,
280.05703372766476,
321.1087593607383,
270.05435271310336,
292.1957587818108,
338.5037965680113,
296.16502637202194,
254.930067005724,
288.77695820119123,
297.4504488199064,
291.6377629006263,
266.2494410146581,
261.0746417659344,
282.6987984534537,
200.79429475387724,
256.60081859626393,
265.7217800027073,
246.17804136370668,
247.21150465294866,
299.1245358910891,
259.8114228295808,
232.87525985264543,
211.01788511370668,
241.60681977602516,
232.7430280930925,
225.33417080416538,
195.4825527455547,
259.66344066657643,
266.12117956180384,
226.4193246671469,
225.127434116779,
215.88553604277053,
212.16557931427909,
196.39190341458462,
213.66966081373764,
193.97324756584544,
232.41196751358484,
254.13688886283649,
209.53947546930596,
213.5758975189511,
191.10341750041093,
207.4894170477839,
226.3728501725905,
238.6883856140741,
227.95521432102316,
242.69608250230846,
181.27750812190595,
198.18370705783957,
231.72808649044225,
220.57085260070195,
208.84845106672532,
197.74656934077197,
210.26506279954816,
218.6341498346612,
228.4075616515509,
176.544712822036,
194.44639421217514,
217.48396852701018,
208.25218986284614,
228.62751875773515,
220.1952869679668,
215.88437856542,
181.07009978341586,
205.55115773418163,
182.6078207563646,
211.4961825833462,
175.43929509833308,
185.19903262298885,
201.57074125686495,
189.6084340917002,
201.8729099991298,
184.46229579661153,
191.3966149056312,
217.09667455087794,
177.35921251655805,
270.85924023920944,
188.98086925544362,
168.71964958870765,
175.2136254641089,
221.76372420433725,
173.73099691560952,
161.9767458604114,
195.05512705887898,
163.2382960555577,
173.0437328980701,
164.30479808845143,
216.18962474860768,
149.3024746734317,
154.4221506779737,
176.6689124532265,
196.63534216951615,
168.66491442387647,
196.6931019395885,
202.3413950098623,
151.2989454174986,
159.91633817464998,
177.91480232465386
],
"val_loss": [
1.542289137840271,
1.8173155784606934,
3.606795072555542,
1.8237042427062988,
0.9504774212837219,
0.7434402704238892,
0.5594228506088257,
0.6868669390678406,
0.8104221820831299,
0.6264027953147888,
0.619941234588623,
0.6072818040847778,
0.44855132699012756,
0.5475961565971375,
0.6056208610534668,
0.6954474449157715,
0.8098792433738708,
1.2368414402008057,
0.8596463203430176,
0.6391259431838989,
0.6842389106750488,
0.7027171850204468,
0.5786586999893188,
0.44834068417549133,
0.4540078341960907,
0.5141208171844482,
0.45104876160621643,
0.4455851912498474,
0.4893459677696228,
0.4801788628101349,
0.5007827281951904,
0.6878417134284973,
0.46197715401649475,
0.4272947907447815,
0.49425849318504333,
0.46868839859962463,
0.43397945165634155,
0.4056658446788788,
0.4195002317428589,
0.4796300232410431,
0.44483694434165955,
0.4735087752342224,
0.5697788000106812,
0.6657072901725769,
0.4947243332862854,
0.4840857684612274,
0.5683570504188538,
0.4912568926811218,
0.4169573485851288,
0.4073958396911621,
0.3770003914833069,
0.38204050064086914,
0.43132349848747253,
0.4129459857940674,
0.3953358829021454,
0.407197505235672,
0.34992721676826477,
0.3916388154029846,
0.44977831840515137,
0.5002129077911377,
0.5300211310386658,
0.42827191948890686,
0.46607694029808044,
0.4330529272556305,
0.38936755061149597,
0.3764744997024536,
0.3691096603870392,
0.3791665732860565,
0.3710997700691223,
0.4523892402648926,
0.46112293004989624,
0.41464948654174805,
0.37140700221061707,
0.4038606584072113,
0.38294264674186707,
0.38943055272102356,
0.45070454478263855,
0.44148939847946167,
0.4906037449836731,
0.5463547110557556,
0.4562109708786011,
0.46512091159820557,
0.453167200088501,
0.49442821741104126,
0.5465142130851746,
0.5026094317436218,
0.4881347119808197,
0.46661221981048584,
0.4811628460884094,
0.5651680827140808,
0.5678160190582275,
0.4786583185195923,
0.44169628620147705,
0.4437811076641083,
0.4801941514015198,
0.4713793098926544,
0.4561775028705597,
0.49021121859550476,
0.43993884325027466,
0.4157926142215729
]
}