{
"epoch": [
1,
2,
3,
4,
5,
6,
7,
8,
9,
10,
11,
12,
13,
14,
15,
16,
17,
18,
19,
20,
21,
22,
23,
24,
25,
26,
27,
28,
29,
30,
31,
32,
33,
34,
35,
36,
37,
38,
39,
40,
41,
42,
43,
44,
45,
46,
47,
48,
49,
50,
51,
52,
53,
54,
55,
56,
57,
58,
59,
60,
61,
62,
63,
64,
65,
66,
67,
68,
69,
70,
71,
72,
73,
74,
75,
76,
77,
78,
79,
80,
81,
82,
83,
84,
85,
86,
87,
88,
89,
90,
91,
92,
93,
94,
95,
96,
97,
98,
99,
100
],
"train_loss": [
183.62889347782843,
87.39362617775247,
60.76196529247142,
60.82858655011212,
53.50334246600116,
49.43414221869575,
51.157808770073785,
44.65978551793982,
45.570306679054546,
49.61378676803024,
48.68860021520544,
51.07898627387153,
47.56133085180212,
46.126528139467595,
42.08890749613444,
46.06266552960431,
43.43254100658275,
47.317238842999494,
44.58657735188802,
46.04564720436379,
40.02577537254051,
42.713118418940795,
46.579523920129844,
37.7327466611509,
38.485717914722585,
42.10983471340603,
42.703430288809315,
39.6926793133771,
41.09401253594292,
44.022591513174554,
43.69538951449924,
41.56999370433666,
43.06895297015155,
38.14646794354474,
38.943695859555845,
40.37795562744141,
38.85648244222005,
38.11057013052481,
44.41341668588144,
39.69648506023265,
37.04471651713053,
37.22983310840748,
38.03055171260127,
40.21192658035844,
37.92786661783854,
44.358272552490234,
35.35067994153058,
38.07827710752134,
38.74024384110062,
35.963033294677736,
36.46960387053313,
30.480095121595596,
40.56070326345938,
34.63927184210883,
35.93230566801848,
36.52392548455133,
39.19092870641638,
39.53151440090603,
37.219256507025825,
38.55313723528827,
34.406378258599176,
36.721018346150714,
39.20641042921278,
38.06413599650065,
34.95488983436867,
38.83427823384603,
36.29860110812717,
38.006583489312064,
38.38079541524251,
33.54753802264178,
36.62323777940538,
41.86428293298792,
37.9396526477955,
39.44062486577917,
36.895112157751015,
35.512748859546804,
37.874422030978735,
38.99431954843027,
33.01399022561532,
35.894787795455365,
37.78559477064345,
40.85126783582899,
36.57949680045799,
35.28756201002333,
36.73472742151331,
36.24152947885019,
34.81142879062229,
30.95963326913339,
34.72138050220631,
36.38311140272352,
34.98706371166088,
33.78197595808241,
33.879184821799946,
34.84486752969247,
36.50472197356047,
31.917882467199256,
40.89143004240813,
28.383677051685474,
36.210933416861074,
34.78270772298177
],
"val_loss": [
6.257504940032959,
2.9355273246765137,
2.169273614883423,
1.6844658851623535,
1.4062405824661255,
1.0808088779449463,
1.015781283378601,
0.9623081088066101,
0.8762616515159607,
0.9460136890411377,
0.9879562854766846,
0.7595228552818298,
0.8363659977912903,
0.739709198474884,
1.064599871635437,
0.9039638638496399,
0.8134271502494812,
0.7152398824691772,
0.8126373887062073,
0.8171741366386414,
0.8816174268722534,
0.8520671725273132,
0.7300814390182495,
0.7808630466461182,
0.8371247053146362,
0.7718728184700012,
0.8348039388656616,
0.8976321816444397,
0.8478601574897766,
0.8256562352180481,
0.8688845634460449,
0.8862074017524719,
0.9111492037773132,
0.8477018475532532,
0.8672115206718445,
0.8111279010772705,
0.7244110703468323,
0.7256481051445007,
0.8428236842155457,
0.7209655046463013,
0.7368447780609131,
0.8198598027229309,
0.6746917963027954,
0.6552026271820068,
0.7728064656257629,
0.7968636155128479,
0.7620128989219666,
0.9088244438171387,
0.7853749990463257,
0.7121368050575256,
0.7450076937675476,
0.7116204500198364,
0.7728405594825745,
0.8428390026092529,
0.7295490503311157,
0.7000098824501038,
0.9125353693962097,
0.8257153630256653,
0.6365482807159424,
0.721040666103363,
0.7106648683547974,
0.6362906694412231,
0.814214825630188,
0.7461737990379333,
0.773070216178894,
0.7261832356452942,
0.7451996803283691,
0.7260928750038147,
0.7112455368041992,
0.7655147314071655,
0.6971293687820435,
0.6449794769287109,
0.6248853802680969,
0.6918745040893555,
0.6785886883735657,
0.6761292219161987,
0.727283775806427,
0.655596137046814,
0.6163326501846313,
0.6543094515800476,
0.7326420545578003,
0.6074426174163818,
0.509768545627594,
0.5620092153549194,
0.5540090799331665,
0.5978025197982788,
0.5525771975517273,
0.6365652680397034,
0.5639339685440063,
0.4555971920490265,
0.5113422274589539,
0.5641835927963257,
0.5541447401046753,
0.5335467457771301,
0.5519015789031982,
0.5567280650138855,
0.4966256618499756,
0.4933069944381714,
0.5944115519523621,
0.5342459678649902
]
}