{
"epoch": [
1,
2,
3,
4,
5,
6,
7,
8,
9,
10,
11,
12,
13,
14,
15,
16,
17,
18,
19,
20,
21,
22,
23,
24,
25,
26,
27,
28,
29,
30,
31,
32,
33,
34,
35,
36,
37,
38,
39,
40,
41,
42,
43,
44,
45,
46,
47,
48,
49,
50,
51,
52,
53,
54,
55,
56,
57,
58,
59,
60,
61,
62,
63,
64,
65,
66,
67,
68,
69,
70,
71,
72,
73,
74,
75,
76,
77,
78,
79,
80,
81,
82,
83,
84,
85,
86,
87,
88,
89,
90,
91,
92,
93,
94,
95,
96,
97,
98,
99,
100
],
"recon_loss": [
4.279776491036936,
1.3031417111388774,
1.8180734570286854,
2.781815500820384,
3.6832178220027636,
2.7963805038388037,
1.6065808785061877,
1.105453387028029,
1.0090315572353972,
0.6917313657888845,
1.0130688267595627,
0.7426125522421188,
0.5992209009763574,
0.5299143528237062,
0.43957609038393036,
0.41869491188466046,
0.37140458371458934,
0.3325756575380053,
0.31440115237937255,
0.29023277559200256,
0.29147127320786487,
0.2797751404157206,
0.27309578231402803,
0.26679240179662944,
0.2902845549984139,
0.2658095838142042,
0.26044306259195343,
0.24648503570997415,
0.24230207039528534,
0.2865377733436953,
0.2540748972101372,
0.25051075044800253,
0.2511465153774294,
0.2496964990341363,
0.23267918136440405,
0.23420942731264258,
0.2410973036239127,
0.22601688784711502,
0.2258091183269725,
0.237581698208296,
0.2755190286816669,
0.2801970018058264,
0.2666527508687572,
0.2773587440743166,
0.2478838759560545,
0.2559993027889428,
0.2587771068851487,
0.2547761740303841,
0.24067643660457194,
0.2343704677930399,
0.2234027976749324,
0.18011949142488112,
0.2018878923243835,
0.21432298872651173,
0.16377081703238128,
0.17383930437705097,
0.19031894695358115,
0.18355479711244085,
0.17357210952694677,
0.15375293522071437,
0.16051288487530557,
0.14499913594302008,
0.14680211822024913,
0.1350648765053068,
0.14879433785666937,
0.1713986250908435,
0.150619924005841,
0.13307523001141908,
0.14204822781206178,
0.14348042424486465,
0.15344802678382696,
0.123926713060932,
0.13600917811654195,
0.15005942916168885,
0.1392746382400769,
0.1378420193781372,
0.1336998771719572,
0.14230456447400966,
0.14123575433212168,
0.13364239312520548,
0.12291226604906451,
0.13920232941623495,
0.13511237558447012,
0.13501215031167038,
0.12288377747064878,
0.1330438784691466,
0.12796367078769108,
0.1210032386564407,
0.13005788736984508,
0.12316741831913716,
0.12948111200532994,
0.12327771258203923,
0.12739920641193872,
0.14539703651636587,
0.13411032965704173,
0.12599410204326406,
0.13390616527875931,
0.12321966773822528,
0.13105123039303707,
0.12723778119357695
],
"sspg_loss": [
0.0,
0.0,
0.0,
0.0,
0.0,
0.0,
0.0,
0.0,
0.0,
0.0,
0.0,
0.0,
0.0,
0.0,
0.0,
0.0,
0.0,
0.0,
0.0,
0.0,
0.0,
0.0,
0.0,
0.0,
0.0,
0.0,
0.0,
0.0,
0.0,
0.0,
0.0,
0.0,
0.0,
0.0,
0.0,
0.0,
0.0,
0.0,
0.0,
0.0,
0.0,
0.0,
0.0,
0.0,
0.0,
0.0,
0.0,
0.0,
0.0,
0.0,
0.0,
0.0,
0.0,
0.0,
0.0,
0.0,
0.0,
0.0,
0.0,
0.0,
0.0,
0.0,
0.0,
0.0,
0.0,
0.0,
0.0,
0.0,
0.0,
0.0,
0.0,
0.0,
0.0,
0.0,
0.0,
0.0,
0.0,
0.0,
0.0,
0.0,
0.0,
0.0,
0.0,
0.0,
0.0,
0.0,
0.0,
0.0,
0.0,
0.0,
0.0,
0.0,
0.0,
0.0,
0.0,
0.0,
0.0,
0.0,
0.0,
0.0
],
"di_loss": [
0.0,
0.0,
0.0,
0.0,
0.0,
0.0,
0.0,
0.0,
0.0,
0.0,
0.0,
0.0,
0.0,
0.0,
0.0,
0.0,
0.0,
0.0,
0.0,
0.0,
0.0,
0.0,
0.0,
0.0,
0.0,
0.0,
0.0,
0.0,
0.0,
0.0,
0.0,
0.0,
0.0,
0.0,
0.0,
0.0,
0.0,
0.0,
0.0,
0.0,
0.0,
0.0,
0.0,
0.0,
0.0,
0.0,
0.0,
0.0,
0.0,
0.0,
0.0,
0.0,
0.0,
0.0,
0.0,
0.0,
0.0,
0.0,
0.0,
0.0,
0.0,
0.0,
0.0,
0.0,
0.0,
0.0,
0.0,
0.0,
0.0,
0.0,
0.0,
0.0,
0.0,
0.0,
0.0,
0.0,
0.0,
0.0,
0.0,
0.0,
0.0,
0.0,
0.0,
0.0,
0.0,
0.0,
0.0,
0.0,
0.0,
0.0,
0.0,
0.0,
0.0,
0.0,
0.0,
0.0,
0.0,
0.0,
0.0,
0.0
],
"si_cv": [
0.0039117224514484406,
0.019904881715774536,
0.029245207086205482,
0.03690790385007858,
0.050582628697156906,
0.2082626074552536,
0.028863247483968735,
0.04948732256889343,
0.10555999726057053,
0.1839684098958969,
0.22388572990894318,
0.31972864270210266,
0.32633841037750244,
0.42787790298461914,
0.362631618976593,
0.26240813732147217,
0.3361680805683136,
0.3131093382835388,
0.3098067343235016,
0.3442876935005188,
0.29787370562553406,
0.30754491686820984,
0.2926238179206848,
0.2903025150299072,
0.31407684087753296,
0.29455381631851196,
0.34582656621932983,
0.3575122356414795,
0.29151734709739685,
0.33597731590270996,
0.3317471146583557,
0.3134518265724182,
0.37124645709991455,
0.33154064416885376,
0.26346543431282043,
0.32368138432502747,
0.4158531427383423,
0.3666353225708008,
0.4160315692424774,
0.5331788659095764,
0.43293485045433044,
0.4939087927341461,
0.4246040880680084,
0.4399973452091217,
0.4379202425479889,
0.48330605030059814,
0.3755836486816406,
0.41547220945358276,
0.41381528973579407,
0.4575120210647583,
0.43073219060897827,
0.4538678526878357,
0.4115157723426819,
0.4851885735988617,
0.4714854061603546,
0.444827139377594,
0.4518240690231323,
0.40124526619911194,
0.3965463936328888,
0.4240567982196808,
0.40271416306495667,
0.3776646554470062,
0.3775566518306732,
0.3581603169441223,
0.3557876944541931,
0.37422963976860046,
0.3518293797969818,
0.33122801780700684,
0.35998833179473877,
0.3382519483566284,
0.3105957508087158,
0.3282448351383209,
0.3284037709236145,
0.33944952487945557,
0.3258257210254669,
0.306758314371109,
0.3174505829811096,
0.3183060586452484,
0.30894675850868225,
0.30360177159309387,
0.31305164098739624,
0.31531664729118347,
0.3120878040790558,
0.30878254771232605,
0.31044358015060425,
0.315375417470932,
0.31134653091430664,
0.30488497018814087,
0.29992300271987915,
0.2994984984397888,
0.29990795254707336,
0.30027511715888977,
0.29981309175491333,
0.29835245013237,
0.2960616946220398,
0.29503965377807617,
0.2945401072502136,
0.29436802864074707,
0.2942817807197571,
0.2942126989364624
],
"mi_cv": [
0.01449510082602501,
0.029420534148812294,
0.04828215390443802,
0.04590572044253349,
0.041056159883737564,
0.06992435455322266,
0.012460163794457912,
0.026506053283810616,
0.06559199839830399,
0.1427099108695984,
0.18735647201538086,
0.2074890434741974,
0.2080351561307907,
0.2803817093372345,
0.2529379725456238,
0.1835481822490692,
0.2579701840877533,
0.2494388371706009,
0.2555907666683197,
0.2862403094768524,
0.25267407298088074,
0.2616543471813202,
0.25096869468688965,
0.2552624046802521,
0.25698328018188477,
0.24424414336681366,
0.2803560495376587,
0.2896510064601898,
0.2318774312734604,
0.26055145263671875,
0.26576468348503113,
0.22948011755943298,
0.27357348799705505,
0.25107094645500183,
0.18928079307079315,
0.23470182716846466,
0.3418082892894745,
0.2774261236190796,
0.3198525309562683,
0.3981460928916931,
0.33135342597961426,
0.36630186438560486,
0.3271680474281311,
0.33578065037727356,
0.3374166488647461,
0.363242506980896,
0.28653550148010254,
0.3004843294620514,
0.2984335422515869,
0.30677852034568787,
0.27745896577835083,
0.2731951177120209,
0.2402663230895996,
0.28673243522644043,
0.27353325486183167,
0.2557525038719177,
0.2476218342781067,
0.21975789964199066,
0.2228987216949463,
0.2316804677248001,
0.22967250645160675,
0.21759341657161713,
0.2134905308485031,
0.20244483649730682,
0.19279342889785767,
0.20024332404136658,
0.19561436772346497,
0.18786373734474182,
0.1940835416316986,
0.18570196628570557,
0.17794987559318542,
0.1899186372756958,
0.1879897564649582,
0.19349876046180725,
0.19066014885902405,
0.1808566302061081,
0.18238461017608643,
0.18147267401218414,
0.1784379482269287,
0.17695727944374084,
0.18204043805599213,
0.18617650866508484,
0.18689307570457458,
0.18634463846683502,
0.18694859743118286,
0.1884457916021347,
0.18665800988674164,
0.18436630070209503,
0.18300274014472961,
0.1828579306602478,
0.1828986257314682,
0.18279853463172913,
0.18227443099021912,
0.18142256140708923,
0.18035203218460083,
0.1798291653394699,
0.17959316074848175,
0.1794937402009964,
0.17944125831127167,
0.1793980896472931
]
}