{
  "n": 16,
  "pearson_r": 0.6693411039277252,
  "pearson_p": 0.004569721535729821,
  "spearman_r": 0.6029411764705882,
  "spearman_p": 0.013424125397891343,
  "r2": 0.033144794110660514,
  "rmse": 0.7128835353499308,
  "mae": 0.627633946956025
}