{
  "n": 20,
  "pearson_r": 0.5038263239413798,
  "pearson_p": 0.023516563536051423,
  "spearman_r": 0.6165413533834586,
  "spearman_p": 0.0037895555881575995,
  "r2": 0.08885980735662868,
  "rmse": 76.19151861847033,
  "mae": 59.57340890546586
}