{
  "sspg": {
    "rmse": 60.6424639627955,
    "mae": 49.206473456488716,
    "r2": 0.19351848044993247,
    "pearson_r": 0.44382674731634036,
    "pearson_p": 0.006698831749014613,
    "spearman_r": 0.37124251411913234,
    "spearman_p": 0.02580163580960057,
    "n": 36
  },
  "di": {
    "rmse": 1.253568959992556,
    "mae": 1.143846462170283,
    "r2": -3.365256844427404,
    "pearson_r": 0.520363946634606,
    "pearson_p": 0.0828470960483025,
    "spearman_r": 0.24693619429805572,
    "spearman_p": 0.4390793626630547,
    "n": 12
  }
}