{
"epoch": [
1,
2,
3,
4,
5,
6,
7,
8,
9,
10,
11,
12,
13,
14,
15,
16,
17,
18,
19,
20,
21,
22,
23,
24,
25,
26,
27,
28,
29,
30,
31,
32,
33,
34,
35,
36,
37,
38,
39,
40,
41,
42,
43,
44,
45,
46,
47,
48,
49,
50,
51,
52,
53,
54,
55,
56,
57,
58,
59,
60,
61,
62,
63,
64,
65,
66,
67,
68,
69,
70,
71,
72,
73,
74,
75,
76,
77,
78,
79,
80,
81,
82,
83,
84,
85,
86,
87,
88,
89,
90,
91,
92,
93,
94,
95,
96,
97,
98,
99,
100
],
"train_loss": [
104.32670958211102,
19.041821622473048,
9.575485488561196,
5.761763362433967,
3.72761821559095,
2.5697482064014343,
1.9346834871712633,
1.4906383649570736,
1.6661661384612556,
1.2366293377763644,
1.2656971751235602,
1.175958179113433,
1.119356489556981,
1.0994088462018592,
1.0302460428297988,
0.9619107574928464,
0.9754729327254408,
0.9157375036262152,
0.862640895712094,
0.8775163405523525,
0.8890650131571012,
0.9148305429248359,
0.939948022834898,
1.0490614006838461,
1.0724052885385948,
1.0701808075266561,
1.114080246039263,
1.148841880437896,
1.3357443096130852,
1.3831572166578037,
1.3519059551043773,
1.3294687327437513,
1.2755903493701004,
1.2950102851146787,
1.3765126485524215,
1.2851921263642199,
1.3067622391257698,
1.4134598519858412,
1.4868865829753124,
1.5171046463523323,
1.4999987938272672,
1.476503997337161,
1.4848605450682753,
1.424837632442084,
1.38996910861158,
1.3951836176744596,
1.3233875374155721,
1.3272363041329571,
1.3519582429270105,
1.3416970958859902,
1.3319185831415372,
1.3212872659127544,
1.3209351019596491,
1.3432243320885606,
1.318408011451481,
1.3748933996741228,
1.3363366493089932,
1.3474069486452838,
1.3486886381164311,
1.362692357048275,
1.2941142527137215,
1.312954386388223,
1.3142797843677791,
1.3563767286736195,
1.3234850233934057,
1.3242680941979716,
1.3389663996658927,
1.3278802088865145,
1.3552008153885369,
1.3454714938411563,
1.34060398706301,
1.3852992207985224,
1.372973079756489,
1.394695706254854,
1.4425453707927793,
1.4792890126310934,
1.488303376933721,
1.500830261726079,
1.5856338448411837,
1.677258897015429,
1.7696206616604422,
1.8644625990409551,
2.033131437977468,
2.0361858071304684,
2.197433633128489,
2.2276544608469084,
2.301506365378072,
2.405266932615145,
2.75459867387306,
2.9722568894934467,
2.463067691157183,
3.0019767472124474,
2.0131236802874586,
1.438447961657066,
1.2813788746285626,
1.3115067707272026,
1.4004483664129663,
1.4191289661437507,
1.3276787423712062,
1.411661196881392
],
"val_loss": [
1.458728551864624,
1.0070164203643799,
0.9758893847465515,
0.7964697480201721,
0.8954241275787354,
0.7461679577827454,
0.6855613589286804,
0.47020846605300903,
0.5628300905227661,
0.5864765644073486,
0.500687837600708,
0.3866256773471832,
0.4126681983470917,
0.2970227599143982,
0.2655973732471466,
0.26342692971229553,
0.22155754268169403,
0.2067411094903946,
0.15843228995800018,
0.15590059757232666,
0.22567039728164673,
0.24173171818256378,
0.3606736361980438,
0.394844114780426,
0.40990763902664185,
0.5648320913314819,
0.4454426169395447,
0.5159062743186951,
0.5835598111152649,
0.5272806286811829,
0.49556195735931396,
0.45771127939224243,
0.4272076189517975,
0.4524761736392975,
0.4552016258239746,
0.41949665546417236,
0.4372956156730652,
0.5638593435287476,
0.5608012676239014,
0.5373016595840454,
0.5478786826133728,
0.5412321090698242,
0.5620350241661072,
0.49371337890625,
0.49758586287498474,
0.4688434600830078,
0.4696437120437622,
0.468974769115448,
0.5103629231452942,
0.4620516300201416,
0.46993592381477356,
0.4699006974697113,
0.4683057367801666,
0.501544177532196,
0.48047736287117004,
0.4806169867515564,
0.4405832588672638,
0.47224918007850647,
0.44945138692855835,
0.4649660587310791,
0.45958176255226135,
0.4345390200614929,
0.44862625002861023,
0.4594988226890564,
0.4293999969959259,
0.45178431272506714,
0.41890355944633484,
0.44307759404182434,
0.4162883758544922,
0.42124882340431213,
0.402640163898468,
0.4068271219730377,
0.3910568058490753,
0.4013376832008362,
0.41078460216522217,
0.39530861377716064,
0.39734360575675964,
0.35784366726875305,
0.39041927456855774,
0.3499354124069214,
0.35615837574005127,
0.3260798454284668,
0.33642828464508057,
0.3061370253562927,
0.3420827388763428,
0.32412439584732056,
0.36384117603302,
0.3589307367801666,
0.3593893349170685,
0.38417133688926697,
0.37469586730003357,
0.4373491704463959,
0.34405189752578735,
0.3668924570083618,
0.44992607831954956,
0.4326624274253845,
0.4181479811668396,
0.4122633635997772,
0.4209668040275574,
0.39158931374549866
]
}