{
  "n_features": 38,
  "sspg_spearman_r": [
    0.4934020795112001,
    0.469645294278565,
    0.5254522188462573,
    0.46512069223028146,
    0.4825787275117096,
    0.5273418438316193,
    0.5315305125491718,
    0.5028292086048395,
    0.49911294613362756,
    0.4984410794721654,
    0.517799237655541,
    0.4379520841074093,
    0.4790409296224485,
    0.4969713711502172,
    0.4821378150151252,
    0.5007296252877707,
    0.5222608522043125,
    0.5210220980472419,
    0.5026822377726448,
    0.5758107247061557,
    0.530953127136978,
    0.43522262579521975,
    0.4995643565467973,
    0.48728179414194406,
    0.43332250289327234,
    0.4479985902795843,
    0.4915229524424233,
    0.486305487899507,
    0.5188385313974901,
    0.47557661714928473,
    0.45755169437224785,
    0.4961630315731456,
    0.49807365239167833,
    0.4474841923669024,
    0.5222923459540686,
    0.5163295293335928,
    0.4558510318854221,
    0.46886844845124953,
    0.4770358275546476,
    0.48421640249902337,
    0.5572714040164369,
    0.4945568503355878,
    0.5366954875091614,
    0.4867673962292622,
    0.4335009674752232,
    0.429837194586938,
    0.48463631916243716,
    0.45736273187371174,
    0.5120148856170161,
    0.4819698483497596,
    0.4849512566599975,
    0.5083826064784869,
    0.49966933571265076,
    0.4741593984102632,
    0.4961630315731456,
    0.49662493990290074,
    0.5132431418575014,
    0.47160840468002446,
    0.5003307044575275,
    0.5125817731126248,
    0.5048343106726404,
    0.4235699383854872,
    0.49533369616290335,
    0.4967089232355835,
    0.5265545000877185,
    0.5315935000486839,
    0.4689944234502736,
    0.5196993605574884,
    0.40892534474893133,
    0.5038894981799593,
    0.5058001189984921,
    0.5191954605613919,
    0.48308262750780623,
    0.5481487145037724,
    0.4395687632615524,
    0.5042044356775196,
    0.4546227756449367,
    0.5362650729291623,
    0.5320659062950245,
    0.49839908780582404,
    0.5123613168643325,
    0.49797917114241025,
    0.5007191273711853,
    0.5049182940053232,
    0.5387425812433037,
    0.5155946751726187,
    0.48322959834000095,
    0.4808465712751277,
    0.5041519460945929,
    0.5005511607058197,
    0.5197938418067565,
    0.5193109376438306,
    0.4590843901937083,
    0.4366398445342413,
    0.49344407117754135,
    0.5130016897760385,
    0.5087080418926325,
    0.5129177064433558,
    0.5265020105047917,
    0.5219459147067522
  ],
  "di_spearman_r": [
    0.34586628586262985,
    0.3352814814167298,
    0.39002964228089754,
    0.3522747729081067,
    0.29793464305432504,
    0.4063028790480636,
    0.34156995934150486,
    0.3704201519582211,
    0.2770530560522093,
    0.3576271796914076,
    0.26490813303718563,
    0.1830379108944077,
    0.2928702581607085,
    0.28122937345263244,
    0.26255595427143014,
    0.33883375138950345,
    0.2750129010002785,
    0.33110516401630663,
    0.3434180998003128,
    0.2996867762165715,
    0.36974810088229093,
    0.18476604223251383,
    0.23785807723099667,
    0.3719082650549236,
    0.3446421928314713,
    0.38856553100833546,
    0.4191918586114386,
    0.27578095937277003,
    0.3318972242129386,
    0.2932062836986736,
    0.3168720823010714,
    0.2741728371553657,
    0.2408823070726824,
    0.30861545479678654,
    0.34473820012803275,
    0.3455782639729455,
    0.2769330469315075,
    0.3369616091065552,
    0.34481020560045383,
    0.26944447779971425,
    0.326304799188234,
    0.31358383239384163,
    0.32678483567104133,
    0.297070577385272,
    0.2932542873469543,
    0.33955380611371433,
    0.34980258502164935,
    0.2705245598860306,
    0.3237846076534959,
    0.2831255175597211,
    0.36285957735400676,
    0.36206751715737484,
    0.32479268426739116,
    0.29279825268828735,
    0.3564270884843895,
    0.356259075715407,
    0.2542273212947242,
    0.303287049837626,
    0.33321732454065855,
    0.36669986921646486,
    0.3430820742623477,
    0.28382157045979167,
    0.32582476270542676,
    0.2421544037521216,
    0.36564378895428884,
    0.3350894668236068,
    0.3043431300998019,
    0.34425816364522555,
    0.36525975976804304,
    0.35585104470502077,
    0.3285609706574282,
    0.2987507050750974,
    0.31334381415243806,
    0.400638448550938,
    0.27208467845515416,
    0.36792396224762336,
    0.35954732562263664,
    0.40469475683065936,
    0.3037910881445736,
    0.29063808851565476,
    0.3132478068558766,
    0.3236645985327941,
    0.3515787200080362,
    0.3046551538136267,
    0.2974306047473774,
    0.39562206730560223,
    0.3215524380084422,
    0.3402978626620656,
    0.2586676587606913,
    0.36986811000299274,
    0.30319104254106455,
    0.3492025394181403,
    0.27438885357262904,
    0.38573331575977265,
    0.3011508874891337,
    0.34233801771399647,
    0.29044607392253174,
    0.3848212464424388,
    0.35445893890487973,
    0.2732367660138916
  ],
  "sspg_median": 0.4984200836389947,
  "di_median": 0.3265448174296377
}