{
"epoch": [
1,
2,
3,
4,
5,
6,
7,
8,
9,
10,
11,
12,
13,
14,
15,
16,
17,
18,
19,
20,
21,
22,
23,
24,
25,
26,
27,
28,
29,
30,
31,
32,
33,
34,
35,
36,
37,
38,
39,
40,
41,
42,
43,
44,
45,
46,
47,
48,
49,
50,
51,
52,
53,
54,
55,
56,
57,
58,
59,
60,
61,
62,
63,
64,
65,
66,
67,
68,
69,
70,
71,
72,
73,
74,
75,
76,
77,
78,
79,
80,
81,
82,
83,
84,
85,
86,
87,
88,
89,
90,
91,
92,
93,
94,
95,
96,
97,
98,
99,
100
],
"train_loss": [
199.7594622274987,
77.1861581443844,
72.67421897371909,
60.553366969402575,
61.64213054341481,
54.237799106683944,
52.36882853687258,
46.66611945360227,
45.284336462953036,
46.12702517401903,
48.65842480767042,
53.71784376560297,
45.01083563324204,
48.18299472780156,
38.67344830448466,
45.558762170318374,
55.368935434441816,
42.821352392211,
42.69859666752636,
51.54153499746681,
46.62533910650956,
42.5170831608593,
44.87628249835251,
40.632612551065314,
52.89027895246233,
47.626224403094525,
49.01518195016043,
50.28355189732143,
45.72832119016719,
44.973601491827715,
47.41834230351269,
41.669626637509,
41.909184333973364,
44.53246066444799,
41.94377394367878,
46.206821771492635,
83.05511173449065,
41.69775334695228,
42.03631193117988,
41.47705657500073,
43.37337982923464,
45.81329259657322,
45.31294646298975,
40.80254454361765,
40.25927436082883,
41.11124010014355,
46.42520158810723,
41.3632178342432,
44.76142430126219,
43.18440582160663,
40.37615631218243,
44.7428506550036,
38.551746569181745,
37.03747486888914,
39.53661957360748,
34.86143165244196,
43.33791719881216,
36.36526873595732,
40.0044637120756,
47.11355794462046,
42.246791832429125,
39.59882432177551,
41.22879923196663,
38.044113818864176,
39.835650135699964,
35.93197907182507,
43.816966824065474,
50.03345773453103,
42.22477085429027,
34.590972843026755,
35.29522854224184,
35.79048158172378,
37.40712717959755,
38.59430740471173,
35.671672190042365,
35.213932754401874,
40.21559359615011,
38.18734673808392,
40.08733975976929,
39.20687464663857,
37.612581754985605,
36.995805095012926,
36.02914443051905,
42.183847585118805,
37.11181206093695,
34.309190362915956,
41.46357764337296,
35.562180167750306,
37.69098888483263,
34.05782462959003,
37.518621172223774,
33.89991899361288,
37.83470079235565,
38.019879592092416,
39.32451228091591,
41.03498751418035,
34.15625434531305,
37.48395007714293,
42.197869895992426,
39.84998390369846
],
"val_loss": [
2.3712711334228516,
1.9552348852157593,
2.1195192337036133,
1.5674118995666504,
1.6099594831466675,
1.2865378856658936,
1.296237587928772,
1.0789414644241333,
0.9283968210220337,
0.8922162055969238,
0.952926516532898,
0.8975703120231628,
0.9146717190742493,
0.9767553806304932,
1.0861386060714722,
1.0368690490722656,
0.9412147998809814,
1.0596694946289062,
0.9160447716712952,
0.8859428763389587,
1.007124423980713,
1.05043363571167,
0.8530343770980835,
0.9368392825126648,
0.8258993625640869,
0.933973491191864,
0.9986094832420349,
1.377935767173767,
1.0358806848526,
0.8899591565132141,
0.917049765586853,
0.7979146838188171,
0.9870993494987488,
0.858529269695282,
1.062698245048523,
1.1383371353149414,
1.3437658548355103,
1.238252878189087,
1.1927156448364258,
1.292356014251709,
1.1079108715057373,
1.0937483310699463,
0.9007647633552551,
1.0720096826553345,
1.1671161651611328,
1.0185290575027466,
0.9596176147460938,
1.0493860244750977,
1.1500195264816284,
0.8455599546432495,
1.0437510013580322,
1.0641151666641235,
0.9796090126037598,
0.8395398855209351,
0.7966376543045044,
0.8647924661636353,
0.7817766070365906,
0.7459450960159302,
0.8274523615837097,
0.8350762724876404,
0.8293728232383728,
0.8460296392440796,
0.8028104305267334,
0.8227614760398865,
0.8073648810386658,
0.8091667294502258,
0.7945992350578308,
0.8238891363143921,
0.8133959174156189,
0.744881272315979,
0.8003385663032532,
0.7591796517372131,
0.6813054084777832,
0.6903817057609558,
0.6865364909172058,
0.7657516598701477,
0.7554894685745239,
0.7324731349945068,
0.7085331678390503,
0.7678297758102417,
0.7457697987556458,
0.7236977815628052,
0.6827160120010376,
0.7397662401199341,
0.6557812690734863,
0.646350622177124,
0.5958965420722961,
0.6867412328720093,
0.6843290328979492,
0.7345033884048462,
0.7264572381973267,
0.7430076599121094,
0.8162078857421875,
0.91476970911026,
0.7261583209037781,
0.6459087133407593,
0.7091231942176819,
0.6529443264007568,
0.7207455635070801,
0.6274060606956482
]
}