{
  "sspg": {
    "spearman_r": 0.7857142857142859,
    "rmse": NaN,
    "n": 7
  },
  "di": {
    "spearman_r": -0.5714285714285715,
    "rmse": NaN,
    "n": 7
  }
}