{
"epoch": [
1,
2,
3,
4,
5,
6,
7,
8,
9,
10,
11,
12,
13,
14,
15,
16,
17,
18,
19,
20,
21,
22,
23,
24,
25,
26,
27,
28,
29,
30,
31,
32,
33,
34,
35,
36,
37,
38,
39,
40,
41,
42,
43,
44,
45,
46,
47,
48,
49,
50,
51,
52,
53,
54,
55,
56,
57,
58,
59,
60,
61,
62,
63,
64,
65,
66,
67,
68,
69,
70,
71,
72,
73,
74,
75,
76,
77,
78,
79,
80,
81,
82,
83,
84,
85,
86,
87,
88,
89,
90,
91,
92,
93,
94,
95,
96,
97,
98,
99,
100
],
"train_loss": [
2611472.0089935698,
971.4836402001318,
680.7049671519886,
743.4336452731839,
574.7585825734325,
546.1300132057884,
553.9096822367086,
510.1123094434862,
559.0701432661576,
550.510876147778,
553.3079136439732,
536.213474025974,
579.14845929827,
580.9741852995637,
508.02092792461445,
458.4503558270343,
501.30236023741884,
599.301647632153,
515.1201163948356,
559.8272681298193,
507.7673942268669,
641.6909183650822,
603.9542006455458,
557.4200701032366,
556.577898297991,
520.4653986150569,
470.58507389217226,
544.2267995066456,
489.85631531554384,
475.04398018973217,
522.0922566203328,
539.5956444678369,
503.72213110985695,
489.19446117846996,
519.5271828391335,
554.8496307769379,
544.7511814662388,
547.1358095639712,
620.0809976156656,
485.6430481749696,
591.353999546596,
519.8953690962358,
542.9493804535308,
520.7571316013089,
493.27856524578937,
512.340772752638,
585.3262535194298,
465.72617369812804,
527.8767739828531,
468.5666369153308,
474.2586479682427,
476.7110984108665,
503.7380275974026,
506.04969886680703,
494.6014935382001,
486.9473512327516,
495.211568460836,
518.9366070635907,
577.7147454596185,
535.5160490754363,
547.9146082494166,
545.5388461026279,
479.53741217278815,
489.2709838074523,
484.3615651316457,
510.03431245878147,
473.3386872526887,
546.0061320515422,
525.3257862437855,
492.1793236670556,
491.7653594574371,
589.9800034560167,
481.3304372019582,
513.8300151081828,
520.0742139940138,
515.4690920346743,
569.3602445528105,
557.4957640016233,
531.6850811846845,
513.6418595747514,
498.3491424956879,
509.6167222060166,
537.0766672902294,
471.18097637226055,
534.0984699199726,
570.8969861315443,
554.5417417055601,
419.4872178907518,
475.07544103845373,
461.12748183213273,
579.4803768009334,
537.4525836102374,
498.99289178229,
512.321896243405,
495.83454320337864,
504.4917428152902,
505.01903979809254,
476.9910074209238,
519.4488192471591,
497.9367834314123
],
"val_loss": [
2.621065139770508,
3.3761093616485596,
3.3849055767059326,
4.067113399505615,
3.8933730125427246,
3.7476534843444824,
3.234422206878662,
2.325864315032959,
1.7343494892120361,
1.348912000656128,
1.3552932739257812,
1.2601802349090576,
1.45561683177948,
1.559228539466858,
1.3554797172546387,
1.13701593875885,
1.105756402015686,
1.1053473949432373,
1.1990214586257935,
1.2521603107452393,
1.026922583580017,
0.9113587737083435,
0.8784553408622742,
0.8539778590202332,
0.8551790714263916,
0.8119937777519226,
0.7364516258239746,
0.6921491622924805,
0.6858250498771667,
0.6347731947898865,
0.6493077874183655,
0.6640998125076294,
0.6458144187927246,
0.6192488074302673,
0.6154407858848572,
0.630608856678009,
0.643282413482666,
0.6221706867218018,
0.6092868447303772,
0.609897792339325,
0.6249215006828308,
0.6176782846450806,
0.6168406009674072,
0.637435257434845,
0.6053215265274048,
0.5973528027534485,
0.6589637994766235,
0.5873385667800903,
0.5841425061225891,
0.6234363913536072,
0.600418210029602,
0.5750012993812561,
0.5821627378463745,
0.5826385617256165,
0.5800303220748901,
0.5820690393447876,
0.5593011379241943,
0.5621662735939026,
0.563055694103241,
0.5595285296440125,
0.5512291193008423,
0.5488002896308899,
0.5441691279411316,
0.5411666631698608,
0.5584433078765869,
0.5519691705703735,
0.6190409660339355,
0.5197277069091797,
0.5219893455505371,
0.725610077381134,
0.5597034096717834,
0.7524644732475281,
0.5805823802947998,
0.6225627064704895,
0.539385974407196,
0.5253831148147583,
0.5330729484558105,
0.4992944300174713,
0.4996378719806671,
0.5073598027229309,
0.516411304473877,
0.5122085213661194,
0.5206417441368103,
0.48413437604904175,
0.4715823531150818,
0.47725915908813477,
0.4618988633155823,
0.45782271027565,
0.49731209874153137,
0.46241554617881775,
0.481120228767395,
0.4395287334918976,
0.47628918290138245,
0.43736714124679565,
0.4517951011657715,
0.4609023630619049,
0.46697714924812317,
0.5801103711128235,
1.8374781608581543,
0.4491153359413147
]
}