{
  "sspg": {
    "rmse": 114.81285914329469,
    "mae": 93.46323076883952,
    "r2": -1.8908250325325016,
    "pearson_r": 0.2541094756657608,
    "pearson_p": 0.13477853287083308,
    "spearman_r": 0.39484451448989555,
    "spearman_p": 0.01716289717836743,
    "n": 36
  },
  "di": {
    "rmse": 15.78128757386962,
    "mae": 15.575782239437103,
    "r2": -690.8281191402581,
    "pearson_r": 0.3719118154025629,
    "pearson_p": 0.23387724239302837,
    "spearman_r": 0.44376939265157844,
    "spearman_p": 0.14842613343207536,
    "n": 12
  }
}