{
"epoch": [
1,
2,
3,
4,
5,
6,
7,
8,
9,
10,
11,
12,
13,
14,
15,
16,
17,
18,
19,
20,
21,
22,
23,
24,
25,
26,
27,
28,
29,
30,
31,
32,
33,
34,
35,
36,
37,
38,
39,
40,
41,
42,
43,
44,
45,
46,
47,
48,
49,
50,
51,
52,
53,
54,
55,
56,
57,
58,
59,
60,
61,
62,
63,
64,
65,
66,
67,
68,
69,
70,
71,
72,
73,
74,
75,
76,
77,
78,
79,
80,
81,
82,
83,
84,
85,
86,
87,
88,
89,
90,
91,
92,
93,
94,
95,
96,
97,
98,
99,
100
],
"train_loss": [
8.427066346791786,
2.206479885446744,
1.5462859859616738,
0.9469419952452652,
0.7418835524498947,
0.6003331391830143,
0.5134622670534089,
0.46570367254610134,
0.4200480939365747,
0.39680519911247913,
0.40736741555018685,
0.37973761464667133,
0.33977050340081766,
0.3138864012215081,
0.307302490463407,
0.27901243436054923,
0.2853022039405943,
0.277988028338575,
0.2709866527497299,
0.25983498380409453,
0.26039614710282155,
0.27175114239294695,
0.3054115748780919,
0.3645652356579548,
0.28432067125801025,
0.27301179236314427,
0.3082591712944151,
0.311480552427412,
0.2976639125290818,
0.3126289921952045,
0.36937750277556775,
0.283541908883673,
0.28626752732776284,
0.3459431601790931,
0.3860226217217333,
0.3749893096488292,
0.39384540915489197,
0.4272787017146433,
0.5176963533942155,
0.7455265390591359,
0.5745616667852627,
0.4477258918322916,
0.4509038099153774,
0.43197647347224977,
0.494874464714621,
0.5141770138045935,
0.5016316855986287,
0.48552921719438447,
0.4798702362954147,
0.4430297251761429,
0.4850080928464574,
0.4512339736532977,
0.4085203805777032,
0.4003313697698548,
0.3982047067852471,
0.39157039208674993,
0.38222043955419943,
0.40414973788374053,
0.40226476023516317,
0.41051789766221536,
0.4159877823563073,
0.40725230443196037,
0.400391957656605,
0.4123567577422135,
0.4091122626788973,
0.3616372206079678,
0.3904375333016313,
0.4506189841923751,
0.3994158928788553,
0.3895683626490315,
0.39080279009548696,
0.4273758598669307,
0.39835620137650196,
0.38813400808281784,
0.40670275547373014,
0.4097966349969699,
0.41219716841780296,
0.43264093971627904,
0.3893585599313571,
0.41477755251831894,
0.39398013465986476,
0.4115602134719608,
0.43294956271103985,
0.4497691852839913,
0.42417343113366074,
0.40981923407457005,
0.39138698225884927,
0.4039787734587362,
0.4164245978115112,
0.42394914636461756,
0.39877036988265874,
0.402104362024097,
0.4130670618353866,
0.41645474602856974,
0.4695750822232464,
0.42049220650214847,
0.42818220910124893,
0.4380240923776401,
0.4263468250984282,
0.42626021180565904
],
"val_loss": [
1.561658501625061,
1.5081672668457031,
0.7006233930587769,
0.6290613412857056,
0.6313015222549438,
0.47399160265922546,
0.355821430683136,
0.34058570861816406,
0.3005831241607666,
0.3316589891910553,
0.29037001729011536,
0.25185343623161316,
0.18535968661308289,
0.18473362922668457,
0.1880589872598648,
0.15102921426296234,
0.1530136615037918,
0.17423368990421295,
0.12759196758270264,
0.1271030604839325,
0.14364312589168549,
0.1704220026731491,
0.19620685279369354,
0.184001624584198,
0.15777237713336945,
0.19112031161785126,
0.19803451001644135,
0.2173973172903061,
0.17976519465446472,
0.22637133300304413,
0.17839370667934418,
0.19874824583530426,
0.22781576216220856,
0.26472458243370056,
0.245906800031662,
0.2978729009628296,
0.26559436321258545,
0.3083430528640747,
0.38598042726516724,
0.5078409910202026,
0.39285266399383545,
0.21066349744796753,
0.18524013459682465,
0.23438717424869537,
0.32661691308021545,
0.38442695140838623,
0.3493475317955017,
0.3393746614456177,
0.29596707224845886,
0.288910835981369,
0.27097195386886597,
0.2751518189907074,
0.2715589106082916,
0.2832384407520294,
0.28635287284851074,
0.2563798725605011,
0.27110978960990906,
0.2736685276031494,
0.2723263204097748,
0.2600754499435425,
0.2043449431657791,
0.2066795378923416,
0.21206073462963104,
0.24023057520389557,
0.24531251192092896,
0.20307263731956482,
0.23890988528728485,
0.29239901900291443,
0.1982954889535904,
0.1858561933040619,
0.22329562902450562,
0.259875625371933,
0.2327575981616974,
0.20999343693256378,
0.2447717934846878,
0.2723384201526642,
0.2350635975599289,
0.2090519368648529,
0.23797117173671722,
0.20640277862548828,
0.20404671132564545,
0.2419041246175766,
0.2395572066307068,
0.2535969018936157,
0.2197159379720688,
0.20205621421337128,
0.17875434458255768,
0.19681686162948608,
0.23585177958011627,
0.2255759835243225,
0.1797899454832077,
0.1697656363248825,
0.2264481782913208,
0.21758387982845306,
0.1840921938419342,
0.17388130724430084,
0.1620437353849411,
0.20687945187091827,
0.17688168585300446,
0.16579431295394897
]
}