{
"epoch": [
1,
2,
3,
4,
5,
6,
7,
8,
9,
10,
11,
12,
13,
14,
15,
16,
17,
18,
19,
20,
21,
22,
23,
24,
25,
26,
27,
28,
29,
30,
31,
32,
33,
34,
35,
36,
37,
38,
39,
40,
41,
42,
43,
44,
45,
46,
47,
48,
49,
50,
51,
52,
53,
54,
55,
56,
57,
58,
59,
60,
61,
62,
63,
64,
65,
66,
67,
68,
69,
70,
71,
72,
73,
74,
75,
76,
77,
78,
79,
80,
81,
82,
83,
84,
85,
86,
87,
88,
89,
90,
91,
92,
93,
94,
95,
96,
97,
98,
99,
100
],
"recon_loss": [
0.2951444983482361,
0.2944699227809906,
0.2939525842666626,
0.29494303464889526,
0.2944016754627228,
0.29379862546920776,
0.2982078492641449,
0.29334327578544617,
0.2951495051383972,
0.29195892810821533,
0.29488062858581543,
0.2946414649486542,
0.2971971929073334,
0.2930334210395813,
0.29112672805786133,
0.2912185490131378,
0.2929462790489197,
0.2901245951652527,
0.2964803874492645,
0.2943096458911896,
0.290657103061676,
0.29452505707740784,
0.29218268394470215,
0.29107972979545593,
0.2946018576622009,
0.2932570278644562,
0.2938324213027954,
0.29573872685432434,
0.29364094138145447,
0.2953316271305084,
0.2939610779285431,
0.29230591654777527,
0.29182589054107666,
0.2932547926902771,
0.28955578804016113,
0.2922479212284088,
0.2942243814468384,
0.29357925057411194,
0.29175668954849243,
0.29546457529067993,
0.2986294627189636,
0.2894863784313202,
0.2902413308620453,
0.2963198721408844,
0.29705923795700073,
0.29685211181640625,
0.29416123032569885,
0.2943635582923889,
0.2928934395313263,
0.29596418142318726,
0.29303085803985596,
0.2921028435230255,
0.28957894444465637,
0.29741817712783813,
0.29035019874572754,
0.29426512122154236,
0.2890576124191284,
0.2908816635608673,
0.2938942313194275,
0.295049250125885,
0.29301875829696655,
0.29519397020339966,
0.2928575575351715,
0.29113179445266724,
0.29151177406311035,
0.29287633299827576,
0.29479068517684937,
0.29748156666755676,
0.2940655052661896,
0.29438167810440063,
0.2900731861591339,
0.29475805163383484,
0.2902587056159973,
0.28955262899398804,
0.29389145970344543,
0.29271015524864197,
0.29441654682159424,
0.29243865609169006,
0.29400989413261414,
0.2946847975254059,
0.2935965955257416,
0.2925860583782196,
0.29633429646492004,
0.29657164216041565,
0.2944481670856476,
0.2908969223499298,
0.2996370196342468,
0.29417118430137634,
0.29241329431533813,
0.2944354712963104,
0.29113996028900146,
0.2964867353439331,
0.2939437925815582,
0.29398420453071594,
0.2924572825431824,
0.29111021757125854,
0.29580268263816833,
0.29463788866996765,
0.29472988843917847,
0.2920836806297302
],
"sspg_loss": [
28.018417358398438,
18.64150047302246,
11.115818977355957,
8.520705223083496,
16.13435935974121,
8.688651084899902,
14.133397102355957,
15.916447639465332,
11.615394592285156,
13.605290412902832,
7.595966815948486,
7.985323429107666,
7.615553379058838,
6.458370208740234,
7.240743637084961,
4.586984634399414,
6.990076065063477,
6.182912826538086,
4.344641208648682,
5.148529529571533,
6.725496768951416,
4.727853298187256,
2.5984764099121094,
6.270620346069336,
6.21711540222168,
7.1610107421875,
3.7570388317108154,
4.130205154418945,
5.483449459075928,
2.829238176345825,
3.6296193599700928,
2.550612211227417,
3.2282445430755615,
2.4400880336761475,
3.711217164993286,
2.660781145095825,
3.796064615249634,
3.572148084640503,
1.854570746421814,
2.7222278118133545,
2.247199296951294,
3.456528663635254,
2.3325138092041016,
3.618696451187134,
2.475612163543701,
1.68873929977417,
2.1483633518218994,
2.468210220336914,
2.1121938228607178,
1.747812271118164,
2.1836068630218506,
2.041468858718872,
2.073237657546997,
2.5412399768829346,
2.455282211303711,
1.933879017829895,
2.978719711303711,
2.457580327987671,
2.526653528213501,
1.3902711868286133,
1.288467526435852,
1.8223499059677124,
2.7109572887420654,
1.549515724182129,
2.0657236576080322,
1.4714428186416626,
2.0414538383483887,
1.4039835929870605,
1.747684121131897,
1.657812476158142,
1.6390509605407715,
2.0736312866210938,
1.8872703313827515,
1.1308764219284058,
1.6031678915023804,
2.9239437580108643,
1.9624124765396118,
2.656405210494995,
1.2407430410385132,
2.0288050174713135,
1.9822109937667847,
1.6668981313705444,
2.280665159225464,
1.1289058923721313,
1.0909596681594849,
2.640873670578003,
1.7824211120605469,
1.8106507062911987,
1.2001005411148071,
1.170539140701294,
2.025390386581421,
2.2071373462677,
1.9422086477279663,
1.2900280952453613,
1.8204957246780396,
1.9895583391189575,
1.4522844552993774,
1.5931624174118042,
1.6964138746261597,
1.3375120162963867
],
"di_loss": [
47.561405181884766,
21.865835189819336,
17.252891540527344,
12.367252349853516,
14.25944995880127,
15.65438461303711,
7.155341625213623,
5.464933395385742,
8.600592613220215,
5.5300612449646,
5.968176364898682,
4.1832051277160645,
5.318104267120361,
5.080799102783203,
5.982553482055664,
8.100783348083496,
6.740304946899414,
5.821157932281494,
4.890419960021973,
6.524440765380859,
5.045162200927734,
2.0286378860473633,
3.124919891357422,
3.670872449874878,
4.197991847991943,
4.627372741699219,
4.51300573348999,
3.2656755447387695,
4.3516459465026855,
2.3609254360198975,
3.4728505611419678,
4.0882744789123535,
2.278724431991577,
2.984247922897339,
2.007373094558716,
2.11747670173645,
3.7091407775878906,
3.779151678085327,
1.579063057899475,
3.119011163711548,
1.746009349822998,
1.2152748107910156,
2.715850591659546,
2.877293348312378,
2.173229932785034,
1.8902868032455444,
2.641174793243408,
2.0596425533294678,
0.7041493058204651,
2.2955265045166016,
1.942578911781311,
2.4981374740600586,
1.9473079442977905,
1.7031012773513794,
1.9053773880004883,
2.556644916534424,
1.8448435068130493,
1.985642433166504,
1.5205745697021484,
2.5053277015686035,
2.0559189319610596,
1.3781205415725708,
2.1197173595428467,
1.71963632106781,
2.040780782699585,
2.3047902584075928,
3.201801061630249,
1.8167890310287476,
2.8819379806518555,
1.7995452880859375,
1.5315545797348022,
2.0999703407287598,
2.2976033687591553,
1.7531028985977173,
1.487998604774475,
1.2305368185043335,
1.4121637344360352,
1.4876399040222168,
2.160416841506958,
1.3455944061279297,
1.8445830345153809,
1.340344786643982,
1.2654343843460083,
2.1407768726348877,
1.3018527030944824,
1.0638993978500366,
1.7913707494735718,
1.3450483083724976,
2.6892826557159424,
1.891769528388977,
1.5660632848739624,
2.0994973182678223,
1.995162010192871,
1.1070809364318848,
1.9644904136657715,
1.6840075254440308,
1.3302556276321411,
1.3460512161254883,
1.2503894567489624,
1.331164836883545
],