{
"epoch": [
1,
2,
3,
4,
5,
6,
7,
8,
9,
10,
11,
12,
13,
14,
15,
16,
17,
18,
19,
20,
21,
22,
23,
24,
25,
26,
27,
28,
29,
30,
31,
32,
33,
34,
35,
36,
37,
38,
39,
40,
41,
42,
43,
44,
45,
46,
47,
48,
49,
50,
51,
52,
53,
54,
55,
56,
57,
58,
59,
60,
61,
62,
63,
64,
65,
66,
67,
68,
69,
70,
71,
72,
73,
74,
75,
76,
77,
78,
79,
80,
81,
82,
83,
84,
85,
86,
87,
88,
89,
90,
91,
92,
93,
94,
95,
96,
97,
98,
99,
100
],
"train_loss": [
7.936024188995361,
4.4281005859375,
3.2137210369110107,
2.4666361808776855,
3.416679859161377,
2.8109993934631348,
2.509979009628296,
2.514378547668457,
2.3996453285217285,
2.288391351699829,
1.7341923713684082,
1.5943917036056519,
1.6734602451324463,
1.5298476219177246,
1.6963536739349365,
1.642892599105835,
1.7488815784454346,
1.5734291076660156,
1.3028838634490967,
1.544503927230835,
1.5506203174591064,
1.0530714988708496,
0.9474196434020996,
1.3681262731552124,
1.4190099239349365,
1.55499267578125,
1.2037341594696045,
1.118224024772644,
1.3600478172302246,
0.8972452878952026,
1.087105393409729,
1.0390918254852295,
0.9254200458526611,
0.9185856580734253,
0.9443120956420898,
0.8529709577560425,
1.1276421546936035,
1.111606478691101,
0.7180173397064209,
0.9624857902526855,
0.7808476090431213,
0.8395640254020691,
0.8779751062393188,
1.0288162231445312,
0.8448407053947449,
0.7376520037651062,
0.8560123443603516,
0.8300461173057556,
0.657425045967102,
0.7831953763961792,
0.7885467410087585,
0.8289607167243958,
0.774530827999115,
0.804749608039856,
0.8093134760856628,
0.8262147903442383,
0.8543112277984619,
0.8181012272834778,
0.7815143465995789,
0.7675063610076904,
0.7103546857833862,
0.6981382966041565,
0.8588223457336426,
0.7009442448616028,
0.7850595116615295,
0.7533968687057495,
0.9020134806632996,
0.7024561166763306,
0.8399250507354736,
0.7230147123336792,
0.6900309920310974,
0.7950155138969421,
0.7916433811187744,
0.6608478426933289,
0.6859054565429688,
0.79105544090271,
0.7147714495658875,
0.7897404432296753,
0.7170231342315674,
0.7150220274925232,
0.7591732740402222,
0.6762076616287231,
0.7338415384292603,
0.7064372301101685,
0.6166266798973083,
0.7442715167999268,
0.7399134635925293,
0.6926383972167969,
0.7642488479614258,
0.6835636496543884,
0.7331826090812683,
0.8100475072860718,
0.770578145980835,
0.6165924072265625,
0.7538532018661499,
0.7413641214370728,
0.6569539904594421,
0.671456515789032,
0.6723074913024902,
0.641848623752594
],
"val_loss": [
0.27674663066864014,
0.27674663066864014,
0.27674663066864014,
0.27674663066864014,
0.27674663066864014,
0.27674663066864014,
0.27674663066864014,
0.27674663066864014,
0.27674663066864014,
0.27674663066864014,
0.27674663066864014,
0.27674663066864014,
0.27674663066864014,
0.27674663066864014,
0.27674663066864014,
0.27674663066864014,
0.27674663066864014,
0.27674663066864014,
0.27674663066864014,
0.27674663066864014,
0.27674663066864014,
0.27674663066864014,
0.27674663066864014,
0.27674663066864014,
0.27674663066864014,
0.27674663066864014,
0.27674663066864014,
0.27674663066864014,
0.27674663066864014,
0.27674663066864014,
0.27674663066864014,
0.27674663066864014,
0.27674663066864014,
0.27674663066864014,
0.27674663066864014,
0.27674663066864014,
0.27674663066864014,
0.27674663066864014,
0.27674663066864014,
0.27674663066864014,
0.27674663066864014,
0.27674663066864014,
0.27674663066864014,
0.27674663066864014,
0.27674663066864014,
0.27674663066864014,
0.27674663066864014,
0.27674663066864014,
0.27674663066864014,
0.27674663066864014,
0.27674663066864014,
0.27674663066864014,
0.27674663066864014,
0.27674663066864014,
0.27674663066864014,
0.27674663066864014,
0.27674663066864014,
0.27674663066864014,
0.27674663066864014,
0.27674663066864014,
0.27674663066864014,
0.27674663066864014,
0.27674663066864014,
0.27674663066864014,
0.27674663066864014,
0.27674663066864014,
0.27674663066864014,
0.27674663066864014,
0.27674663066864014,
0.27674663066864014,
0.27674663066864014,
0.27674663066864014,
0.27674663066864014,
0.27674663066864014,
0.27674663066864014,
0.27674663066864014,
0.27674663066864014,
0.27674663066864014,
0.27674663066864014,
0.27674663066864014,
0.27674663066864014,
0.27674663066864014,
0.27674663066864014,
0.27674663066864014,
0.27674663066864014,
0.27674663066864014,
0.27674663066864014,
0.27674663066864014,
0.27674663066864014,
0.27674663066864014,
0.27674663066864014,
0.27674663066864014,
0.27674663066864014,
0.27674663066864014,
0.27674663066864014,
0.27674663066864014,
0.27674663066864014,
0.27674663066864014,
0.27674663066864014,
0.27674663066864014
]
}