{
"epoch": [
1,
2,
3,
4,
5,
6,
7,
8,
9,
10,
11,
12,
13,
14,
15,
16,
17,
18,
19,
20,
21,
22,
23,
24,
25,
26,
27,
28,
29,
30,
31,
32,
33,
34,
35,
36,
37,
38,
39,
40,
41,
42,
43,
44,
45,
46,
47,
48,
49,
50,
51,
52,
53,
54,
55,
56,
57,
58,
59,
60,
61,
62,
63,
64,
65,
66,
67,
68,
69,
70,
71,
72,
73,
74,
75,
76,
77,
78,
79,
80,
81,
82,
83,
84,
85,
86,
87,
88,
89,
90,
91,
92,
93,
94,
95,
96,
97,
98,
99,
100
],
"train_loss": [
1900.7510344269988,
600.2554364885602,
714.4851383357853,
539.9809170016995,
613.5856608601359,
568.9068254743304,
501.0609606457995,
548.0322733296977,
468.5351380187196,
595.3727940150669,
504.5813761129008,
563.0879744492568,
515.4394697709517,
525.5418146306819,
503.1570668406301,
595.9180559430804,
541.4194359717432,
539.0889833128298,
498.3577563793628,
597.8839594853389,
561.1161471280185,
502.58882279829544,
621.0819353376116,
536.9334669237013,
545.3681157099736,
513.086328679865,
576.2136103642451,
516.5254369958654,
524.3702915736607,
593.9722773564326,
508.23005973518667,
551.1684602019075,
562.8223076362115,
507.2863222592837,
516.4358393681514,
571.3382393973214,
473.85367574320213,
554.0698353160511,
478.085511839235,
535.0803492162134,
439.0364673168628,
502.4850285517705,
515.9551748300528,
446.46398489815846,
575.4082118443081,
494.802710595069,
541.3844913631291,
535.4422728303191,
569.2281803279728,
605.0175511744116,
549.4807545055043,
542.7204914836141,
530.9134188565341,
594.8445965655438,
502.80585469828026,
558.7938842773438,
477.0736579399604,
587.9499321479302,
465.0765539392248,
556.8726184399097,
556.0658918108259,
541.9847566678926,
490.00112954672284,
505.70357047737417,
484.33496886414366,
460.2256913618608,
566.9789349444501,
490.5864669997971,
518.5968834022423,
528.2303660999645,
500.78106649819904,
485.2070276830103,
489.02050464184254,
518.926349590351,
510.71400669642856,
508.3290892762023,
583.8620209136567,
516.2375932173295,
498.62513990526077,
539.8385945109578,
571.0407437411221,
480.10983870865465,
496.70349041827313,
572.0458932851816,
539.6191548929586,
462.9507042030235,
488.60811387099227,
581.4039076767958,
507.51232593090504,
576.4051323432427,
675.5610185102983,
761.8386349368405,
603.1696460278004,
460.50094406326093,
605.6771026214996,
532.8160376610693,
540.6682984983767,
611.225326736252,
559.8787639667462,
508.64373779296875
],
"val_loss": [
2.556424856185913,
1.5867913961410522,
1.4960347414016724,
1.4499446153640747,
1.4215306043624878,
1.495947241783142,
1.4169354438781738,
1.388109803199768,
1.3458240032196045,
1.3285598754882812,
1.3000876903533936,
1.2729196548461914,
1.2564406394958496,
1.2506541013717651,
1.1959089040756226,
1.2266430854797363,
1.1840741634368896,
1.2390726804733276,
1.213757872581482,
1.1727733612060547,
1.1092005968093872,
1.0525786876678467,
0.9498323798179626,
0.8496102094650269,
0.7982825636863708,
0.7290230393409729,
0.6845400929450989,
0.6590443849563599,
0.6127389073371887,
0.5720821022987366,
0.5527344346046448,
0.5003992319107056,
0.44373953342437744,
0.4168154001235962,
0.4219439923763275,
0.4226965010166168,
0.42689186334609985,
0.4224552512168884,
0.4177340865135193,
0.4330780506134033,
0.43809664249420166,
0.4200432300567627,
0.41604071855545044,
0.4358510673046112,
0.4352843463420868,
0.42910709977149963,
0.43323418498039246,
0.46288350224494934,
0.6564071178436279,
0.624710738658905,
0.511684775352478,
0.4367726743221283,
0.4223639667034149,
0.4200168251991272,
0.41253942251205444,
0.4471611976623535,
0.47023606300354004,
0.4930873513221741,
0.4432542026042938,
0.4321727752685547,
0.4242180287837982,
0.42490264773368835,
0.46925368905067444,
0.4836774170398712,
0.4353559613227844,
0.4175000786781311,
0.41413792967796326,
0.40647491812705994,
0.4053785502910614,
0.4128332734107971,
0.4272040128707886,
0.42331740260124207,
0.41196948289871216,
0.4077138602733612,
0.42910346388816833,
0.4576699137687683,
0.4061323404312134,
0.3956863284111023,
0.40385276079177856,
0.4143074154853821,
0.4121320843696594,
0.4075130820274353,
0.4130546748638153,
0.4225931763648987,
0.41053926944732666,
0.4019928276538849,
0.4118443727493286,
0.5397034287452698,
0.88434237241745,
0.4996121823787689,
0.45079824328422546,
0.5428100228309631,
0.5122339129447937,
0.4759294390678406,
0.6601823568344116,
0.7329695820808411,
0.7678724527359009,
0.7047556042671204,
0.5713219046592712,
0.5068332552909851
]
}