{
  "n": 16,
  "pearson_r": 0.6757701155169474,
  "pearson_p": 0.004060827623261452,
  "spearman_r": 0.6911764705882353,
  "spearman_p": 0.0030247187950434044,
  "r2": 0.19242552235355992,
  "rmse": 0.6515221078266864,
  "mae": 0.48132405206911444
}