{
  "n": 20,
  "pearson_r": 0.4677124045693794,
  "pearson_p": 0.03756847759023498,
  "spearman_r": 0.706766917293233,
  "spearman_p": 0.0004940441153149169,
  "r2": -0.28434586673754425,
  "rmse": 90.45967510855274,
  "mae": 81.67147101345046
}