{
"epoch": [
1,
2,
3,
4,
5,
6,
7,
8,
9,
10,
11,
12,
13,
14,
15,
16,
17,
18,
19,
20,
21,
22,
23,
24,
25,
26,
27,
28,
29,
30,
31,
32,
33,
34,
35,
36,
37,
38,
39,
40,
41,
42,
43,
44,
45,
46,
47,
48,
49,
50,
51,
52,
53,
54,
55,
56,
57,
58,
59,
60,
61,
62,
63,
64,
65,
66,
67,
68,
69,
70,
71,
72,
73,
74,
75,
76,
77,
78,
79,
80,
81,
82,
83,
84,
85,
86,
87,
88,
89,
90,
91,
92,
93,
94,
95,
96,
97,
98,
99,
100,
101,
102,
103,
104,
105,
106,
107,
108,
109,
110,
111,
112,
113,
114,
115,
116,
117,
118,
119,
120,
121,
122,
123,
124,
125,
126,
127,
128,
129,
130,
131,
132,
133,
134,
135,
136,
137,
138,
139,
140,
141,
142,
143,
144,
145,
146,
147,
148,
149,
150,
151,
152,
153,
154,
155,
156,
157,
158,
159,
160,
161,
162,
163,
164,
165,
166,
167,
168,
169,
170,
171,
172,
173,
174,
175,
176,
177,
178,
179,
180
],
"train_loss": [
5.340206945097291,
4.00345990564916,
3.712526544347986,
2.955363654471063,
3.2122279390112145,
2.228044472731553,
2.3721736777912485,
2.072396727351399,
1.7718237189503458,
1.7801438229424613,
1.2499980508507071,
1.3922454691552497,
1.007916041782924,
0.8570581527499409,
0.9282888205020459,
0.9881037643977574,
0.8274969775955399,
0.7142111868053288,
0.6876187378709967,
0.7436169718767142,
0.5722935068142878,
0.672424345434486,
0.6856317969111653,
0.6288772883353295,
0.5487331484819388,
0.568579059142571,
0.5373843505785063,
0.5677856392674632,
0.5834485718182155,
0.5534562127930778,
0.573741889619208,
0.4899890852438939,
0.481938126412305,
0.5034755274846956,
0.5489360519817897,
0.46877222556572457,
0.4963527414705846,
0.5392249187865814,
0.47870014085398094,
0.5207284085162274,
0.491269347729621,
0.48147756403142755,
0.4443269120408343,
0.4464810533182962,
0.5023766550924871,
0.47396230852449095,
0.4825713282281702,
0.46731709969508184,
0.44336988322146526,
0.4494424071404841,
0.44214408506046643,
0.4835480768959244,
0.4485949533326285,
0.4914900010282343,
0.44039251355381753,
0.44035650615568284,
0.5037656767027718,
0.46707351950855996
],
"val_loss": [
0.12077275663614273,
0.12077275663614273,
0.12077275663614273,
0.12077275663614273,
0.12077275663614273,
0.12077275663614273,
0.12077275663614273,
0.12077275663614273,
0.12077275663614273,
0.12077275663614273,
0.12077275663614273,
0.12077275663614273,
0.12077275663614273,
0.12077275663614273,
0.12077275663614273,
0.12077275663614273,
0.12077275663614273,
0.12077275663614273,
0.12077275663614273,
0.12077275663614273,
0.12077275663614273,
0.12077275663614273,
0.12077275663614273,
0.12077275663614273,
0.12077275663614273,
0.12077275663614273,
0.12077275663614273,
0.12077275663614273,
0.12077275663614273,
0.12077275663614273,
0.12077275663614273,
0.12077275663614273,
0.12077275663614273,
0.12077275663614273,
0.12077275663614273,
0.12077275663614273,
0.12077275663614273,
0.12077275663614273,
0.12077275663614273,
0.12077275663614273,
0.12077275663614273,
0.12077275663614273,
0.12077275663614273,
0.12077275663614273,
0.12077275663614273,
0.12077275663614273,
0.12077275663614273,
0.12077275663614273,
0.12077275663614273,
0.12077275663614273,
0.12077275663614273,
0.12077275663614273,
0.12077275663614273,
0.12077275663614273,
0.12077275663614273,
0.12077275663614273,
0.12077275663614273,
0.12077275663614273
]
}