{
"epoch": [
1,
2,
3,
4,
5,
6,
7,
8,
9,
10,
11,
12,
13,
14,
15,
16,
17,
18,
19,
20,
21,
22,
23,
24,
25,
26,
27,
28,
29,
30,
31,
32,
33,
34,
35,
36,
37,
38,
39,
40,
41,
42,
43,
44,
45,
46,
47,
48,
49,
50,
51,
52,
53,
54,
55,
56,
57,
58,
59,
60,
61,
62,
63,
64,
65,
66,
67,
68,
69,
70,
71,
72,
73,
74,
75,
76,
77,
78,
79,
80,
81,
82,
83,
84,
85,
86,
87,
88,
89,
90,
91,
92,
93,
94,
95,
96,
97,
98,
99,
100,
101,
102,
103,
104,
105,
106,
107,
108,
109,
110,
111,
112,
113,
114,
115,
116,
117,
118,
119,
120,
121,
122,
123,
124,
125,
126,
127,
128,
129,
130,
131,
132,
133,
134,
135,
136,
137,
138,
139,
140,
141,
142,
143,
144,
145,
146,
147,
148,
149,
150,
151,
152,
153,
154,
155,
156,
157,
158,
159,
160,
161,
162,
163,
164,
165,
166,
167,
168,
169,
170,
171,
172,
173,
174,
175,
176,
177,
178,
179,
180
],
"recon_loss": [
0.14684979133791737,
0.15153836139610835,
0.1478927882460805,
0.15130656647991825,
0.15768897920459896,
0.13753904218410518,
0.15670504043628644,
0.14134364313893505,
0.14947601978654984,
0.15166120792364146,
0.15973818031224338,
0.15151000603452905,
0.14625354536942073,
0.16583809217849335,
0.16329688124068373,
0.15884893977796877,
0.13704664395614105,
0.18424666431043055,
0.18379889138333208,
0.16046440378799068,
0.15147706788855714,
0.13809117074910696,
0.15907242778059724,
0.15436845205046915,
0.14841378228617952,
0.1559126309373162,
0.14736785091362992,
0.16711351236739716,
0.14905596127757778,
0.14342738900865828,
0.15632004900412125,
0.15227572997282077,
0.13725694955943465,
0.14618962432269927,
0.14580846742376105,
0.17059163323470525,
0.14675835142662,
0.16469229390094806,
0.14900444138359714,
0.16393232094003007,
0.15701105377890848,
0.1474275788316479,
0.16509809335330863,
0.14398157799785788,
0.1533136996742967,
0.14386057679529313,
0.16266329528449416,
0.15644257854331622,
0.15451008739409508,
0.15031015485912175,
0.13341725375745203,
0.14536984961528282,
0.14489992582178735,
0.16911849437595963,
0.14469719407233325,
0.15340460062801065,
0.16102617533950062,
0.1616101006602312
],
"sspg_loss": [
25.260368248084923,
18.264864376613072,
15.099948907827402,
8.658021443850034,
6.935852001239727,
8.209105522601636,
9.19417938628754,
7.839416132344828,
5.97005878795277,
6.310958670331286,
3.12233516457793,
3.8799893623822697,
3.683339190173459,
3.083016860020625,
3.248374986958194,
2.4470318199752215,
3.4166228430611745,
2.285146224034297,
1.7125142766283703,
1.9956602678670512,
1.4972994126282728,
1.963682736669268,
1.911312426839556,
1.8418812953032457,
1.5073815212621318,
1.5244779308120926,
1.4238428357359652,
0.9938918940432659,
1.5417949688899053,
1.825234267618749,
1.4758272782548683,
1.3132158873917221,
1.15350476797525,
1.3191275859807994,
1.5049645157603475,
0.8002083889849774,
0.9926120058282629,
1.125361036944699,
0.9889601678043217,
1.1448028861702262,
1.2009504739340249,
1.0885366232364209,
0.8999313472153304,
0.9977736271821059,
1.2812516658337085,
1.1789245636432202,
1.0155881140139196,
0.9101425037755595,
0.973041269686315,
0.9604836965536142,
0.9677923987438153,
1.2246051453924798,
0.9624891869433514,
1.2041608327394957,
0.885755916694542,
0.8387476647054994,
1.1893607470896337,
1.0029380166685427
],
"di_loss": [
25.569702941101866,
19.15084999877137,
19.442889770904145,
18.27904986096667,
22.5060389134791,
11.592448779514857,
11.85700715052617,
10.367616145641772,
9.149918872040587,
8.870367917147549,
6.676764717349759,
7.4238661728896105,
3.829787217177354,
2.7256850081604798,
3.298045440153642,
4.742017488975029,
2.3843817710876465,
1.9110005025739794,
2.2221852742232286,
2.7323668003082275,
1.6073661903282264,
2.276150177825581,
2.2507826817500125,
1.799708298274449,
1.392313458702781,
1.4986875521672236,
1.37282323682463,
1.909330846427323,
1.698632462458177,
1.1715552373365923,
1.5948923764290748,
0.960419005968354,
1.1898081581313888,
1.1502326448242386,
1.4228125686769362,
1.0780988428499791,
1.3998331497241925,
1.5164666872519952,
1.204498272437554,
1.3196592454786424,
1.0381337450696277,
1.1484645883758346,
0.7888580475534711,
0.9237225195030113,
1.1058789538098621,
1.018594032371199,
1.0799936582515766,
1.0951039698216822,
0.8120580493629753,
0.9273402396734659,
1.0159772216499625,
1.0536787509918213,
0.9709625042878188,
0.916055553532266,
0.9676984997538777,
0.9272724897056431,
1.134535527848578,
0.9481972618536516
],
"si_cv": [
0.25661277770996094,
0.25661277770996094,
0.25661277770996094,
0.25661277770996094,
0.25661277770996094,
0.25661277770996094,
0.25661277770996094,
0.25661277770996094,
0.25661277770996094,
0.25661277770996094,
0.25661277770996094,
0.25661277770996094,
0.25661277770996094,
0.25661277770996094,
0.25661277770996094,
0.25661277770996094,
0.25661277770996094,
0.25661277770996094,
0.25661277770996094,
0.25661277770996094,
0.25661277770996094,
0.25661277770996094,
0.25661277770996094,
0.25661277770996094,
0.25661277770996094,
0.25661277770996094,
0.25661277770996094,
0.25661277770996094,
0.25661277770996094,
0.25661277770996094,
0.25661277770996094,
0.25661277770996094,
0.25661277770996094,
0.25661277770996094,
0.25661277770996094,
0.25661277770996094,
0.25661277770996094,
0.25661277770996094,
0.25661277770996094,
0.25661277770996094,
0.25661277770996094,
0.25661277770996094,
0.25661277770996094,
0.25661277770996094,
0.25661277770996094,
0.25661277770996094,
0.25661277770996094,
0.25661277770996094,
0.25661277770996094,
0.25661277770996094,
0.25661277770996094,
0.25661277770996094,
0.25661277770996094,
0.25661277770996094,
0.25661277770996094,
0.25661277770996094,
0.25661277770996094,
0.25661277770996094
],
"mi_cv": [
0.17924611270427704,
0.17924611270427704,
0.17924611270427704,
0.17924611270427704,
0.17924611270427704,
0.17924611270427704,
0.17924611270427704,
0.17924611270427704,
0.17924611270427704,
0.17924611270427704,
0.17924611270427704,
0.17924611270427704,
0.17924611270427704,
0.17924611270427704,
0.17924611270427704,
0.17924611270427704,
0.17924611270427704,
0.17924611270427704,
0.17924611270427704,
0.17924611270427704,
0.17924611270427704,
0.17924611270427704,
0.17924611270427704,
0.17924611270427704,
0.17924611270427704,
0.17924611270427704,
0.17924611270427704,
0.17924611270427704,
0.17924611270427704,
0.17924611270427704,
0.17924611270427704,
0.17924611270427704,
0.17924611270427704,
0.17924611270427704,
0.17924611270427704,
0.17924611270427704,
0.17924611270427704,
0.17924611270427704,
0.17924611270427704,
0.17924611270427704,
0.17924611270427704,
0.17924611270427704,
0.17924611270427704,
0.17924611270427704,
0.17924611270427704,
0.17924611270427704,
0.17924611270427704,
0.17924611270427704,
0.17924611270427704,
0.17924611270427704,
0.17924611270427704,
0.17924611270427704,
0.17924611270427704,
0.17924611270427704,
0.17924611270427704,
0.17924611270427704,
0.17924611270427704,
0.17924611270427704
]
}