{
"epoch": [
1,
2,
3,
4,
5,
6,
7,
8,
9,
10,
11,
12,
13,
14,
15,
16,
17,
18,
19,
20,
21,
22,
23,
24,
25,
26,
27,
28,
29,
30,
31,
32,
33,
34,
35,
36,
37,
38,
39,
40,
41,
42,
43,
44,
45,
46,
47,
48,
49,
50,
51,
52,
53,
54,
55,
56,
57,
58,
59,
60,
61,
62,
63,
64,
65,
66,
67,
68,
69,
70,
71,
72,
73,
74,
75,
76,
77,
78,
79,
80,
81,
82,
83,
84,
85,
86,
87,
88,
89,
90,
91,
92,
93,
94,
95,
96,
97,
98,
99,
100
],
"train_loss": [
18437.29974183942,
8795.546662283416,
7763.787844214109,
6993.416044631807,
6143.756470935179,
6938.677657023515,
6834.698000464109,
5504.138285117574,
5529.811550027073,
5482.515936823174,
4632.112627388227,
4916.848507116337,
4400.850481392134,
4585.419694655013,
5001.567098183207,
5111.345026299505,
4317.620392752166,
4761.191304726176,
4653.829241762067,
5125.032681002475,
6098.598420095916,
5622.229410001547,
4989.686289721196,
5516.068707456683,
4948.522661567915,
6106.466052366955,
3958.337581823368,
4884.5476581837875,
4107.70219194771,
3695.7616510674507,
4008.931669631807,
4531.119027015006,
5166.492100479579,
3448.3714660040223,
3909.084791731126,
3850.9710705445545,
4753.357397702661,
4589.7513729888615,
5447.600544844524,
5783.64333230198,
3944.396677753713,
4801.78493386448,
3621.7477181311883,
4928.8539120513615,
3591.404867342203,
3492.2655246847926,
4542.869643409654,
4421.749383907507,
4469.908120939047,
4160.145481222927,
4520.289306640625,
5068.4493516978655,
4316.01590660775,
4037.0397006497524,
4881.776608910891,
4319.705597830291,
4091.4614451191214,
4178.871011564047,
4325.912177057549,
3868.0984509156483,
5066.605355140006,
4385.082708075495,
4591.844100498917,
5914.965936339728,
4786.650061881188,
4504.276705600248,
4596.379338330562,
4620.06047133644,
4279.724931471419,
4444.326635983911,
3603.0467033763925,
4271.295091081373,
3655.7544380414606,
3413.4296149829825,
4178.463610960705,
3890.4849919989556,
3948.1151691096843,
4339.077532777692,
3537.3400467976485,
3576.1022006497524,
3725.638918432859,
5693.2949122060645,
4628.268641707921,
4312.007193688119,
4083.212893042234,
4066.1822494657913,
3901.938462663405,
4249.93683284344,
3136.6013546178838,
3742.3922989344833,
4859.302197749072,
4300.78782004177,
3851.4017068088647,
3552.047740974049,
3119.0513686378404,
3451.4871572362313,
4417.025719368812,
3200.4852367438893,
4828.808729115099,
3537.8641889213336
],
"val_loss": [
2.1969897747039795,
3.085325002670288,
4.39266300201416,
4.4279093742370605,
4.2897114753723145,
4.216907024383545,
3.4478118419647217,
3.0694546699523926,
2.782047986984253,
1.9334129095077515,
2.3671112060546875,
2.0799202919006348,
2.4185521602630615,
1.9710313081741333,
1.9006788730621338,
1.4528653621673584,
1.7191637754440308,
1.5902081727981567,
1.3797268867492676,
1.289923906326294,
1.4678651094436646,
1.400948166847229,
1.3568379878997803,
1.4258078336715698,
1.4552233219146729,
1.4030497074127197,
1.4416909217834473,
1.3966807126998901,
1.475438117980957,
1.477200984954834,
1.4799903631210327,
2.0356011390686035,
1.7816672325134277,
1.535455346107483,
1.4864052534103394,
1.494279384613037,
1.575758695602417,
1.5053688287734985,
1.4864660501480103,
1.4666997194290161,
1.2712351083755493,
1.3501856327056885,
1.3448909521102905,
1.3902145624160767,
1.3226892948150635,
1.2779518365859985,
1.831577181816101,
2.4432077407836914,
2.3294811248779297,
4.515636444091797,
3.960022449493408,
4.912130355834961,
4.310034275054932,
4.033341884613037,
3.8369693756103516,
3.6507821083068848,
3.482330560684204,
3.4890804290771484,
3.4879512786865234,
4.071013927459717,
3.920119285583496,
4.084310054779053,
4.168171405792236,
4.213512420654297,
4.519942760467529,
4.215218544006348,
3.982847213745117,
3.5452780723571777,
3.6914846897125244,
4.438036918640137,
4.75095796585083,
4.058528900146484,
3.7889645099639893,
3.685253381729126,
3.5310399532318115,
3.4533376693725586,
3.452711820602417,
3.4113621711730957,
3.0119450092315674,
2.869821071624756,
2.706918478012085,
2.4351000785827637,
2.5049736499786377,
8.592448234558105,
2.907519817352295,
3.0103635787963867,
2.9864935874938965,
3.01080322265625,
2.8482444286346436,
2.8562870025634766,
2.843386173248291,
2.847994565963745,
2.9390604496002197,
2.892465829849243,
2.8104069232940674,
2.8416757583618164,
2.984743356704712,
2.938204050064087,
3.0097529888153076,
2.8075850009918213
]
}