{
  "sspg": {
    "rmse": 69.20100269942046,
    "mae": 49.45610470241971,
    "r2": -0.05018428936104469,
    "pearson_r": 0.4148848559242024,
    "pearson_p": 0.011869300777472105,
    "spearman_r": 0.4929671031646843,
    "spearman_p": 0.002252934902062812,
    "n": 36
  },
  "di": {
    "rmse": 0.6959523826295091,
    "mae": 0.6295303503672282,
    "r2": -0.34546496707000074,
    "pearson_r": 0.41661337004727517,
    "pearson_p": 0.17790473657631622,
    "spearman_r": 0.3793512550086074,
    "spearman_p": 0.22391371762255155,
    "n": 12
  }
}