{
"epoch": [
1,
2,
3,
4,
5,
6,
7,
8,
9,
10,
11,
12,
13,
14,
15,
16,
17,
18,
19,
20,
21,
22,
23,
24,
25,
26,
27,
28,
29,
30,
31,
32,
33,
34,
35,
36,
37,
38,
39,
40,
41,
42,
43,
44,
45,
46,
47,
48,
49,
50,
51,
52,
53,
54,
55,
56,
57,
58,
59,
60,
61,
62,
63,
64,
65,
66,
67,
68,
69,
70,
71,
72,
73,
74,
75,
76,
77,
78,
79,
80,
81,
82,
83,
84,
85,
86,
87,
88,
89,
90,
91,
92,
93,
94,
95,
96,
97,
98,
99,
100
],
"train_loss": [
101.57576208039532,
25.270589693324773,
17.29799689645842,
12.873625875458004,
9.492539450878233,
6.989089650431956,
5.128556101340947,
3.877072195368489,
2.880715255662212,
2.2319314611239696,
1.8387117892738403,
1.511528709742028,
1.2925609293885119,
1.190379246013371,
1.1225097414076797,
1.0598422063617257,
1.0659610436657283,
1.1011361850528267,
1.176551793973277,
1.3722427454520398,
1.4938442509944045,
1.5179936698102576,
1.4907074171727097,
1.3727126731647281,
1.3712912488171434,
1.3081496418930414,
1.2824544606246346,
1.2627865404594603,
1.2571022078746885,
1.258866947466933,
1.2661991128771324,
1.2914285997706136,
1.274849921699584,
1.289306290506378,
1.3097839524426798,
1.3270155792161236,
1.3464611975226815,
1.340091697813019,
1.3371952715821154,
1.3540504063208272,
1.3344741139824934,
1.3235983764092754,
1.3216327128447884,
1.3228486626166998,
1.311185397501067,
1.2941031427833978,
1.3002593367118536,
1.3438428771777415,
1.3093720120707835,
1.3311389130870188,
1.326259327685739,
1.3227747950966902,
1.3621290030441886,
1.332395400587968,
1.36503385277245,
1.3932014196876465,
1.3852924080345574,
1.390879999934219,
1.408786468618498,
1.468626926264425,
1.4460941844099149,
1.4640776519700298,
1.44355549023846,
1.4535945128268144,
1.4556836894178016,
1.4787126845262182,
1.4763813769723486,
1.4975599942244882,
1.4642533176527248,
1.4409388134798666,
1.4438443324697299,
1.4525292398422722,
1.4628224250838513,
1.490334785829379,
1.5177260900106955,
1.4941250526998926,
1.4935619042614314,
1.487536439745445,
1.4828569363421342,
1.5747711480133177,
1.53554082386137,
1.578962174926217,
1.5574381802025743,
1.5824368694635826,
1.5785900373158492,
1.604852541225163,
1.5973622141860602,
1.6116422602510827,
1.6664767744034295,
1.6515971666245948,
1.7069990813262819,
1.6666579133882298,
1.6510576263187438,
1.6499637956694355,
1.7237766521183524,
1.7925862439974087,
1.847834587097168,
1.8228818168790322,
1.8686400154444176,
1.9506024507087047
],
"val_loss": [
1.1827548742294312,
1.0255402326583862,
0.974811315536499,
0.8963085412979126,
0.8911129832267761,
0.6716800928115845,
0.7652281522750854,
0.7069301009178162,
0.6017633676528931,
0.5116603970527649,
0.5178288221359253,
0.4741051197052002,
0.3625487983226776,
0.41166678071022034,
0.3605708181858063,
0.2886008322238922,
0.35498085618019104,
0.384381502866745,
0.5902242660522461,
0.6829355359077454,
0.8392516374588013,
0.8155731558799744,
0.5678474307060242,
0.833401620388031,
0.48717039823532104,
0.5355053544044495,
0.5031561851501465,
0.5242262482643127,
0.47492289543151855,
0.46292513608932495,
0.4490242302417755,
0.46172821521759033,
0.4220654368400574,
0.4189751148223877,
0.412725567817688,
0.4284624755382538,
0.4299025237560272,
0.41813504695892334,
0.4216644763946533,
0.37749722599983215,
0.4038618803024292,
0.3999810814857483,
0.38103726506233215,
0.4042757749557495,
0.38410234451293945,
0.3791345953941345,
0.37166741490364075,
0.3746887743473053,
0.40871575474739075,
0.39257603883743286,
0.3854121267795563,
0.34646835923194885,
0.3671922981739044,
0.34513649344444275,
0.3697201609611511,
0.34779348969459534,
0.35312142968177795,
0.33127152919769287,
0.33751368522644043,
0.3223845958709717,
0.336412250995636,
0.3198836147785187,
0.3279956579208374,
0.331579327583313,
0.32945409417152405,
0.3183879852294922,
0.3297211229801178,
0.3163565397262573,
0.31844115257263184,
0.3136899173259735,
0.3122848868370056,
0.3151952028274536,
0.305357426404953,
0.3099052906036377,
0.3158712685108185,
0.30229809880256653,
0.2999979555606842,
0.3098035156726837,
0.2985050082206726,
0.29858365654945374,
0.3024883568286896,
0.33160600066185,
0.29111406207084656,
0.3172180652618408,
0.3145996928215027,
0.30040034651756287,
0.30084550380706787,
0.3052788972854614,
0.3104299306869507,
0.307228684425354,
0.2909081280231476,
0.2926883101463318,
0.28934189677238464,
0.28817108273506165,
0.2566433250904083,
0.2760046720504761,
0.2620202302932739,
0.2914421558380127,
0.2636639177799225,
0.2716064751148224
]
}