{
"epoch": [
1,
2,
3,
4,
5,
6,
7,
8,
9,
10,
11,
12,
13,
14,
15,
16,
17,
18,
19,
20,
21,
22,
23,
24,
25,
26,
27,
28,
29,
30,
31,
32,
33,
34,
35,
36,
37,
38,
39,
40,
41,
42,
43,
44,
45,
46,
47,
48,
49,
50,
51,
52,
53,
54,
55,
56,
57,
58,
59,
60,
61,
62,
63,
64,
65,
66,
67,
68,
69,
70,
71,
72,
73,
74,
75,
76,
77,
78,
79,
80,
81,
82,
83,
84,
85,
86,
87,
88,
89,
90,
91,
92,
93,
94,
95,
96,
97,
98,
99,
100
],
"train_loss": [
14.30011763195,
1.9749885667668712,
1.3089000730231257,
0.958343488155025,
0.8354158484109557,
0.7083990438149708,
0.755584444149886,
0.6947487279920295,
0.610521668844884,
0.6765261735066329,
0.5677127242088318,
0.6266149707359843,
0.5563123515336821,
0.5465754707260887,
0.49799853976410213,
0.6379655652707166,
0.5272107112525714,
0.5096624529007638,
0.45087602882101985,
0.5025591699793788,
0.4311792989178459,
0.46065401499814324,
0.45500115238794003,
0.5002237481646018,
0.4385113078768891,
0.39509960256590704,
0.4697720281558462,
0.49440202854647497,
0.535178129920865,
0.4335857541254251,
0.47386783951579936,
0.40124481444311616,
0.5878174841994106,
0.5419391877580397,
0.5211756981835507,
0.45159554953622344,
0.4241644350608977,
0.45776010326819844,
0.5924327830867012,
0.45703534265555956,
0.46714953148719107,
0.48024214051737646,
0.5929393815522147,
0.49602808781189495,
0.5066783572777663,
0.4992855592529372,
0.44547582439856953,
0.47871912086364066,
0.556070341332124,
0.5252679114294524,
0.4658493485191081,
0.5190601005117492,
0.5397824733564169,
0.5965336065481205,
0.5072976468813302,
0.47674809411020563,
0.5286750333143933,
0.5066653280565054,
0.4573744311191068,
0.44784810224382005,
0.4856508787315671,
0.4566607625767736,
0.517967682073612,
0.4147556961172878,
0.5722036308581286,
0.4617094081817287,
0.46856800223341083,
0.4982327444128471,
0.5051073151649815,
0.4431770107533672,
0.4902275502681732,
0.44722931013248934,
0.41285286888037576,
0.4390898783608238,
0.4211406330070873,
0.4437267266877807,
0.440064930974847,
0.5160930823571611,
0.46214402017026845,
0.41614943359157824,
0.42334431468850314,
0.4729476479610594,
0.407119354399124,
0.4313573790068674,
0.49380065308939114,
0.4415106386831491,
0.434080436678216,
0.452703723517975,
0.4216469319740144,
0.4271651503473225,
0.4283669888973236,
0.4259185194969177,
0.43593268819374614,
0.4448588980306493,
0.4136207192250998,
0.43005360117053043,
0.4089772606840228,
0.38735376991847953,
0.41158675970417435,
0.3939728866709341
],
"val_loss": [
0.7691017389297485,
1.3045300245285034,
1.1359976530075073,
0.7760732173919678,
0.8176766633987427,
0.8108855485916138,
0.5986153483390808,
0.7312723398208618,
0.6085669994354248,
0.6063610315322876,
0.49230289459228516,
0.4650628864765167,
0.45310747623443604,
0.44371429085731506,
0.6869434714317322,
0.39778411388397217,
0.46564772725105286,
0.41463327407836914,
0.5273566246032715,
0.38558152318000793,
0.4697844684123993,
0.33070600032806396,
0.41899099946022034,
0.3023281693458557,
0.40527915954589844,
0.24591262638568878,
0.49629437923431396,
0.2508731186389923,
0.2688383162021637,
0.2597928047180176,
0.2712647020816803,
0.21967951953411102,
0.3746962547302246,
0.39782455563545227,
0.3288080394268036,
0.34378689527511597,
0.24723948538303375,
0.3810345530509949,
0.23450738191604614,
0.2692616581916809,
0.25654855370521545,
0.37403956055641174,
0.3046741783618927,
0.31873443722724915,
0.300906777381897,
0.3243090808391571,
0.28711625933647156,
0.27359724044799805,
0.3572612404823303,
0.3873450458049774,
0.3428182601928711,
0.4075775146484375,
0.5794153809547424,
0.43853452801704407,
0.39454561471939087,
0.378130167722702,
0.41031911969184875,
0.3395797908306122,
0.31754937767982483,
0.23393958806991577,
0.19906273484230042,
0.2534742057323456,
0.2781129479408264,
0.3061267137527466,
0.28091326355934143,
0.29721587896347046,
0.3158940374851227,
0.26079240441322327,
0.2829076051712036,
0.37456220388412476,
0.25988513231277466,
0.24639390408992767,
0.25141850113868713,
0.19391398131847382,
0.19814591109752655,
0.3152211606502533,
0.3037266135215759,
0.26084819436073303,
0.2602246403694153,
0.20619291067123413,
0.20109857618808746,
0.22250357270240784,
0.23125813901424408,
0.2659638524055481,
0.21223890781402588,
0.18452034890651703,
0.20986045897006989,
0.20126910507678986,
0.240924671292305,
0.20406047999858856,
0.2178085297346115,
0.19250915944576263,
0.19387571513652802,
0.19991597533226013,
0.2041863352060318,
0.20223887264728546,
0.18486325442790985,
0.19297991693019867,
0.1735266000032425,
0.2468365877866745
]
}