{
"epoch": [
1,
2,
3,
4,
5,
6,
7,
8,
9,
10,
11,
12,
13,
14,
15,
16,
17,
18,
19,
20,
21,
22,
23,
24,
25,
26,
27,
28,
29,
30,
31,
32,
33,
34,
35,
36,
37,
38,
39,
40,
41,
42,
43,
44,
45,
46,
47,
48,
49,
50,
51,
52,
53,
54,
55,
56,
57,
58,
59,
60,
61,
62,
63,
64,
65,
66,
67,
68,
69,
70,
71,
72,
73,
74,
75,
76,
77,
78,
79,
80,
81,
82,
83,
84,
85,
86,
87,
88,
89,
90,
91,
92,
93,
94,
95,
96,
97,
98,
99,
100
],
"train_loss": [
684584.7144188819,
533.9547963328175,
1065.041039404931,
655.9608867694806,
627.7167144379058,
646.9611705433239,
598.1994343547078,
565.0834358512582,
634.8833003849178,
514.5022376915077,
586.0629549893466,
477.55055930397725,
528.0042478883421,
481.03700474330356,
547.4825209580458,
484.4703805106027,
472.8474168653612,
466.82416484882305,
402.88567877435065,
585.3209838867188,
455.54468803901176,
517.2064914455661,
504.70541183669843,
453.1792487602729,
524.5842340642756,
410.945604200487,
461.636679909446,
504.29352995637174,
441.6857236391538,
449.7679189706778,
430.63810432731333,
471.06211595411423,
389.6829580331778,
417.1710014838677,
522.7396073774858,
406.4587901722301,
449.96411291345373,
438.51677951565034,
442.47599415964896,
436.0173157530946,
378.13115741680195,
532.9252398602374,
359.78964352298095,
432.9643130612064,
387.53619146966315,
492.72675273944805,
374.7280130757914,
432.45612999061484,
489.4592356496043,
427.55039046646715,
345.044007932985,
388.2885536094765,
453.91002030806106,
332.14585143250304,
532.7073443524249,
361.3127702985491,
435.12691824776783,
424.16643335912136,
386.1007959935572,
393.20478047953026,
416.23832167588273,
307.42561994280135,
339.6748189554586,
419.01963588169644,
428.8044263170911,
305.18154689243863,
475.85609654017856,
531.7811643922483,
338.83450475915686,
429.0956147429231,
436.7033433790331,
465.13504226486407,
406.052447034167,
346.88209513874796,
411.3181612089083,
343.65545178698255,
351.63669179941155,
456.55645751953125,
330.7584799233969,
238.01516584916547,
306.6359241039722,
467.7036707494166,
376.899178641183,
427.7908285562094,
275.8280983466607,
402.70791903409093,
441.206858449168,
359.75955140745486,
408.4530053076806,
306.1893358106737,
314.292054807985,
413.56998116629467,
351.9777332652699,
340.54599117923095,
338.93162556437704,
321.6420600197532,
331.39536077325994,
360.0967137720678,
291.29786047997413,
353.0608199478744
],
"val_loss": [
12.961029052734375,
2.4898252487182617,
3.025148630142212,
3.5229272842407227,
3.573148488998413,
3.3111822605133057,
2.6140506267547607,
1.6731053590774536,
1.2177793979644775,
1.3458571434020996,
1.3642983436584473,
1.5055979490280151,
1.4491326808929443,
1.2500438690185547,
1.2595406770706177,
1.284358263015747,
1.3005765676498413,
1.2454601526260376,
1.6835519075393677,
2.1270875930786133,
1.6083024740219116,
1.60490083694458,
1.5543773174285889,
1.4430018663406372,
1.24485445022583,
1.0242292881011963,
1.0897271633148193,
2.161529064178467,
1.4768677949905396,
1.730065107345581,
1.8004544973373413,
1.757356882095337,
1.6366349458694458,
1.4193109273910522,
1.2032396793365479,
1.0023150444030762,
0.9676960706710815,
0.9246820211410522,
0.8396633863449097,
0.7729594111442566,
0.7404876947402954,
0.7472498416900635,
0.7331850528717041,
0.7126601338386536,
0.6843156814575195,
0.6788718700408936,
0.6720712780952454,
0.7444302439689636,
0.7547042369842529,
0.9557662010192871,
0.6704232692718506,
0.6909648180007935,
0.7053467035293579,
0.9895813465118408,
1.0654343366622925,
0.9975561499595642,
0.705996572971344,
0.8804458975791931,
0.8654155731201172,
0.787591814994812,
1.1804803609848022,
0.9212233424186707,
0.7146233320236206,
0.7658299803733826,
0.7166557908058167,
0.7916299700737,
0.9336677193641663,
0.6827148199081421,
0.6608982086181641,
0.6367010474205017,
0.6574200987815857,
0.8574743866920471,
0.8008174300193787,
0.718594491481781,
0.6839144229888916,
0.6759124994277954,
0.6349130868911743,
0.665199875831604,
0.8641875386238098,
0.7326745390892029,
0.6688400506973267,
0.7027197480201721,
0.8241794109344482,
0.8219843506813049,
0.7257494330406189,
0.7666140794754028,
0.8014727830886841,
0.8319823741912842,
0.8446972370147705,
0.721201479434967,
0.7035276889801025,
0.7266952991485596,
0.7756540179252625,
0.7613824009895325,
0.6812970042228699,
0.6965556144714355,
0.843883216381073,
0.7517299652099609,
0.7980645895004272,
0.7427383065223694
]
}