{
  "n": 16,
  "pearson_r": 0.28713746207828567,
  "pearson_p": 0.28090171242658574,
  "spearman_r": 0.18151504736054436,
  "spearman_p": 0.5010827183970763,
  "r2": -0.10165585977446567,
  "rmse": 0.7609582658047429,
  "mae": 0.628409509063464
}