{
"epoch": [
1,
2,
3,
4,
5,
6,
7,
8,
9,
10,
11,
12,
13,
14,
15,
16,
17,
18,
19,
20,
21,
22,
23,
24,
25,
26,
27,
28,
29,
30,
31,
32,
33,
34,
35,
36,
37,
38,
39,
40,
41,
42,
43,
44,
45,
46,
47,
48,
49,
50,
51,
52,
53,
54,
55,
56,
57,
58,
59,
60,
61,
62,
63,
64,
65,
66,
67,
68,
69,
70,
71,
72,
73,
74,
75,
76,
77,
78,
79,
80,
81,
82,
83,
84,
85,
86,
87,
88,
89,
90,
91,
92,
93,
94,
95,
96,
97,
98,
99,
100
],
"train_loss": [
1556.1816264307777,
800.7663890188054,
621.1442078583,
503.2010971187621,
459.78528824517895,
481.64910084332604,
460.0171390503876,
519.9479172580926,
449.63026700278584,
416.35311506700145,
426.2306259510129,
452.13762836308445,
489.9244270916133,
397.7892110661943,
432.41608792682024,
552.5795974140019,
460.7307667103849,
461.7434470431749,
433.8107207542242,
547.3885604503542,
518.0231810577156,
443.35793312575464,
414.4690199267957,
421.2427441500878,
448.74295777313466,
356.50074283097143,
424.546692367672,
413.304445251938,
418.9051620128543,
433.2976786295573,
439.9447825269182,
490.2450689271439,
467.05652588836904,
397.40771602660186,
467.6442151919816,
431.1661708151647,
461.83291010893595,
405.5375825989154,
390.0959680838178,
456.4162342160247,
381.8350919974867,
410.49688389504604,
469.08234419563945,
406.29416248410246,
435.3315202579942,
374.4960165097732,
385.4833070030508,
438.78485012793726,
428.67215441178905,
388.4325433775436,
425.3439494288245,
433.86073669906733,
373.43236736918607,
398.5507535675699,
428.8897625531337,
405.5343658683836,
394.83339105650435,
401.43309174766836,
392.75563889141233,
367.7161691355151,
381.5097566353258,
418.125597340192,
375.6616218034611,
368.6146847037382,
378.38417325278584,
422.36244047889414,
414.05253116104956,
384.86137299574625,
382.2793011332667,
310.99115362832714,
380.53146057720335,
405.9599741854409,
341.02167369044105,
386.85533816315404,
336.3851237925448,
347.3931092846301,
372.53914624591204,
401.7008030026458,
402.3946334484012,
307.1972709478334,
343.06299871252486,
333.1864902289339,
356.554829309153,
360.60525477209757,
331.33708233057064,
496.40760690851727,
435.12062581380206,
364.67393410852713,
366.65694705460425,
355.3034413655599,
371.8485904664032,
356.696269722872,
324.06711599069047,
285.0033706546754,
327.45265721165856,
270.0656019107316,
348.1387049874594,
314.17786312842554,
302.6244194563045,
332.2084059012953
],
"val_loss": [
6.704050540924072,
2.0336718559265137,
2.5637028217315674,
2.780506134033203,
2.4216606616973877,
11.275209426879883,
8.822601318359375,
5.91840934753418,
4.141269207000732,
3.074141502380371,
2.9402577877044678,
3.1351616382598877,
2.9536802768707275,
2.670811653137207,
2.4598805904388428,
2.599472999572754,
2.458954334259033,
2.9854238033294678,
3.2296102046966553,
3.7953288555145264,
3.613880157470703,
3.1079964637756348,
3.0155303478240967,
3.2548656463623047,
2.784355401992798,
2.3669755458831787,
2.3023688793182373,
2.312795877456665,
2.321059465408325,
2.365847110748291,
2.6613407135009766,
3.862204074859619,
3.759716272354126,
3.682964324951172,
3.6412718296051025,
3.7339394092559814,
3.574800968170166,
3.576906681060791,
3.4731459617614746,
3.07682466506958,
3.144474506378174,
3.174377918243408,
3.0603015422821045,
3.4767773151397705,
3.2102537155151367,
3.363348960876465,
3.225018262863159,
2.992295742034912,
2.869002103805542,
2.7381179332733154,
2.707273006439209,
5.144369125366211,
7.196536064147949,
6.3119096755981445,
6.319826602935791,
6.697756290435791,
4.024229526519775,
1.7230197191238403,
1.3720767498016357,
1.2083921432495117,
1.7238492965698242,
1.1370271444320679,
1.4658457040786743,
1.5604255199432373,
1.4606772661209106,
1.4124624729156494,
1.383393406867981,
1.6757651567459106,
3.067868232727051,
3.127056837081909,
3.1337404251098633,
3.1025030612945557,
3.0887033939361572,
3.0625011920928955,
3.0477328300476074,
3.0338058471679688,
3.0151920318603516,
3.0027310848236084,
2.9762754440307617,
2.937297821044922,
2.892536163330078,
2.827234983444214,
2.7433922290802,
2.6162800788879395,
2.3275489807128906,
12.395792007446289,
1.9393036365509033,
2.553971290588379,
1.9743958711624146,
2.782578229904175,
1.833855152130127,
1.7630358934402466,
2.0628762245178223,
1.3026905059814453,
2.0075154304504395,
1.7705820798873901,
1.3891630172729492,
1.2637251615524292,
1.4366981983184814,
1.5940269231796265
]
}