n,pearson_r,spearman_r,r2,rmse,mae
20,0.7105121387632038,0.793984962406015,-0.4442819869981878,95.92681493597894,91.5896337127003
