n,pearson_r,spearman_r,r2,rmse,mae
16,0.5654761208146256,0.5441176470588236,-5.321041896899705,1.8227713714177438,1.7154487595005556
