{
  "sspg": {
    "spearman_r": -0.07142857142857144,
    "rmse": NaN,
    "n": 8
  },
  "di": {
    "spearman_r": -0.08571428571428573,
    "rmse": NaN,
    "n": 6
  }
}