{
"epoch": [
1,
2,
3,
4,
5,
6,
7,
8,
9,
10,
11,
12,
13,
14,
15,
16,
17,
18,
19,
20,
21,
22,
23,
24,
25,
26,
27,
28,
29,
30,
31,
32,
33,
34,
35,
36,
37,
38,
39,
40,
41,
42,
43,
44,
45,
46,
47,
48,
49,
50,
51,
52,
53,
54,
55,
56,
57,
58,
59,
60,
61,
62,
63,
64,
65,
66,
67,
68,
69,
70,
71,
72,
73,
74,
75,
76,
77,
78,
79,
80,
81,
82,
83,
84,
85,
86,
87,
88,
89,
90,
91,
92,
93,
94,
95,
96,
97,
98,
99,
100
],
"train_loss": [
754.4328809681505,
767.4805207205291,
395.39953583065824,
408.3421467318393,
348.61695484123607,
388.97724778581374,
327.29021129041615,
350.32919492815984,
327.36140985772164,
265.91093550578205,
218.45180670105586,
281.9004302072053,
200.851318359375,
359.42737798407524,
355.54216500084,
247.51731283357827,
237.0465344721728,
249.30276972704596,
241.34136872244352,
222.50323184173885,
236.3752379464631,
249.46627479024454,
209.6845827008238,
222.84075440510665,
280.089220103651,
210.84276618579827,
184.30008508663366,
210.33378548197226,
197.00519191628635,
216.14473308903155,
178.0875259248337,
211.81958370397587,
241.99485718377747,
283.1247506472144,
259.29793918722925,
261.62584331248064,
234.6592822688641,
209.65723154804493,
212.74762446337408,
212.77366320921644,
227.58309604153774,
212.0565995320235,
225.52750630898052,
230.07243483137376,
219.78208878016707,
228.6375860082041,
240.2398411212581,
242.32345188254178,
324.5631892138188,
197.6547354990893,
227.75197442687383,
198.05297209484743,
263.27064476390876,
237.52127218718576,
206.37944045869432,
251.11489732194656,
257.59787591613167,
279.66929550926284,
241.29220429977568,
231.7512261419013,
201.25916252513923,
211.9649736763227,
244.78901294670482,
264.01459582489315,
256.8642156619837,
262.7416191478767,
214.34776170182937,
186.86286479647796,
204.32334023182935,
226.7797431568108,
212.33344585588662,
167.71520404060288,
218.04754170332805,
160.8338413049679,
170.74075181413406,
229.1432917661006,
210.90682560382504,
202.49090938756962,
199.51996782510588,
178.26577698358216,
196.28585498167737,
232.86847516805818,
156.39086906508643,
182.64745315702834,
207.62615479573165,
160.42251768206606,
163.5901632403383,
145.8935419214834,
209.53539706692837,
197.61623971769126,
217.88667743040784,
205.07328615094175,
231.3875539043162,
235.6720118758702,
230.71756298707263,
241.27217661036124,
189.1381490726282,
214.70225657094824,
203.75159114422183,
185.63573554010674
],
"val_loss": [
4.667842864990234,
2.7937495708465576,
3.1063413619995117,
2.7162320613861084,
2.9582412242889404,
1.946434497833252,
1.7387129068374634,
2.2485291957855225,
1.828683614730835,
0.9873750805854797,
1.624371886253357,
2.5487842559814453,
1.4986035823822021,
1.191110372543335,
1.3506547212600708,
1.5461698770523071,
1.3407829999923706,
0.9707460999488831,
1.3484328985214233,
1.4646166563034058,
1.267035722732544,
1.2270437479019165,
1.260676622390747,
1.2513521909713745,
1.1507093906402588,
1.1266008615493774,
1.3525949716567993,
1.376435399055481,
1.061299204826355,
1.0709643363952637,
1.2898797988891602,
1.522560477256775,
1.6143878698349,
1.2742847204208374,
1.158280849456787,
1.161537528038025,
1.054842472076416,
0.9356153011322021,
1.7278424501419067,
0.9759753942489624,
1.0622632503509521,
1.2279281616210938,
1.4574601650238037,
1.496948480606079,
1.2363616228103638,
0.8440664410591125,
0.6616812348365784,
2.346349000930786,
3.170966148376465,
1.3189524412155151,
2.0088515281677246,
1.6322128772735596,
1.258605718612671,
1.2660996913909912,
1.3004820346832275,
2.1031112670898438,
1.8681011199951172,
1.9642510414123535,
1.1922274827957153,
1.1920336484909058,
0.9626495242118835,
0.9684517979621887,
0.8850982785224915,
0.9160610437393188,
0.8931593894958496,
0.8380874991416931,
0.7725302577018738,
0.7301034927368164,
0.7010389566421509,
0.65265953540802,
0.6460625529289246,
0.662600040435791,
0.6393821239471436,
0.6351405382156372,
0.690072774887085,
0.8193550109863281,
0.8488063812255859,
0.9329025745391846,
0.737608790397644,
0.7164327502250671,
0.6508156657218933,
0.6685788631439209,
0.7377390265464783,
0.9724636077880859,
0.7967383861541748,
0.7608255743980408,
0.8753774166107178,
2.4783663749694824,
0.6476649045944214,
0.6656842231750488,
0.6162800192832947,
0.6019885540008545,
0.6002075672149658,
0.5461136102676392,
0.5068417191505432,
0.6226910948753357,
0.697351336479187,
0.7413210272789001,
0.742518424987793,
0.7606424689292908
]
}