{
  "sspg": {
    "rmse": 66.40714643538601,
    "mae": 59.323133196149556,
    "r2": -0.09103256547062077,
    "pearson_r": 0.6069699157852549,
    "pearson_p": 0.1483784909905248,
    "spearman_r": 0.5714285714285715,
    "spearman_p": 0.1802019889115274,
    "n": 7
  },
  "di": {
    "rmse": 1.4210399662383784,
    "mae": 1.3113008737564087,
    "r2": -1.1758767589554067,
    "pearson_r": 0.4154816314838208,
    "pearson_p": 0.41263880820421384,
    "spearman_r": 0.4285714285714286,
    "spearman_p": 0.3965014577259474,
    "n": 6
  }
}