{
"epoch": [
1,
2,
3,
4,
5,
6,
7,
8,
9,
10,
11,
12,
13,
14,
15,
16,
17,
18,
19,
20,
21,
22,
23,
24,
25,
26,
27,
28,
29,
30,
31,
32,
33,
34,
35,
36,
37,
38,
39,
40,
41,
42,
43,
44,
45,
46,
47,
48,
49,
50,
51,
52,
53,
54,
55,
56,
57,
58,
59,
60,
61,
62,
63,
64,
65,
66,
67,
68,
69,
70,
71,
72,
73,
74,
75,
76,
77,
78,
79,
80,
81,
82,
83,
84,
85,
86,
87,
88,
89,
90,
91,
92,
93,
94,
95,
96,
97,
98,
99,
100
],
"train_loss": [
15.510121045726361,
1.5129207655935004,
1.91127873883389,
1.24138874228638,
0.8334903386559817,
0.8680657266390206,
0.7534796940808249,
0.7856763400653801,
0.69428288700557,
0.6240238697812108,
0.6280473417574817,
0.5592258908961079,
0.5504765545967782,
0.5561541153652834,
0.6015331453025932,
0.4924475072634102,
0.47818660322982487,
0.47874936727013917,
0.5579236073069053,
0.5657530981715363,
0.5729271695755496,
0.560615584401801,
0.5596360345878223,
0.5389218141536901,
0.5597598877283606,
0.5175198930324895,
0.5784172758017436,
0.5993129971003769,
0.5487273199723499,
0.538873287710813,
0.548325240021885,
0.5083039385257381,
0.5595091023657581,
0.5128793943636488,
0.5119984208947361,
0.4561991018824058,
0.4860730059076064,
0.4809566541473464,
0.48255964169407833,
0.4619667205480066,
0.5785581611170627,
0.5051058076395847,
0.474741921271428,
0.4979474137325098,
0.4787291896225202,
0.45410616031967765,
0.5143148996452294,
0.4644902265898072,
0.5337015537932368,
0.48636683703649164,
0.4737741631446498,
0.4597208541218597,
0.45376668088506944,
0.45266972496958063,
0.4932246184585118,
0.491601837153482,
0.4927700427499148,
0.5140593730577148,
0.5921071310444633,
0.6531476012550959,
0.6179731405607545,
0.5059727436245078,
0.469661012144372,
0.5148102688317252,
0.4970573830132437,
0.5415951972550684,
0.5572073412413644,
0.6435596736350863,
0.4923096541130897,
0.5412116876923212,
0.5019416567122582,
0.4774123931875323,
0.4686756774340526,
0.47613667025424466,
0.4551711114916471,
0.767064228211299,
0.5632962242211446,
0.7798919335450276,
0.5579255772109079,
0.500321078418505,
0.5085056949369978,
0.4893229922445694,
0.5697197158737938,
0.5298423300875296,
0.5494801638149979,
0.6636686148029742,
0.684684176256161,
0.6312946547376047,
0.5379118282015961,
0.5129623389480138,
0.5676669147935244,
0.5346376116913144,
0.5087013374460806,
0.4999788211713923,
0.5240293230750773,
0.48441163797189696,
0.4901229779023935,
0.4804440105315482,
0.47112402113357393,
0.4582233780091352
],
"val_loss": [
0.7794192433357239,
1.3631176948547363,
1.210523009300232,
0.6092239618301392,
0.6989554762840271,
0.438820481300354,
0.5420663952827454,
0.5222632884979248,
0.40856942534446716,
0.40951651334762573,
0.33429133892059326,
0.32307928800582886,
0.3088255226612091,
0.33920687437057495,
0.31707924604415894,
0.2856738567352295,
0.29141291975975037,
0.3250937759876251,
0.4092523455619812,
0.36215007305145264,
0.29975640773773193,
0.4174656271934509,
0.38905227184295654,
0.3281554877758026,
0.32615214586257935,
0.34939825534820557,
0.43216371536254883,
0.3759686052799225,
0.3463527262210846,
0.32592111825942993,
0.3012239933013916,
0.3062335252761841,
0.34979069232940674,
0.3088798224925995,
0.2879932224750519,
0.28106197714805603,
0.2727840840816498,
0.27881288528442383,
0.27782008051872253,
0.2717761695384979,
0.3009434938430786,
0.29774001240730286,
0.2849736511707306,
0.2894382178783417,
0.2728525698184967,
0.2721485495567322,
0.314297080039978,
0.33424055576324463,
0.329029381275177,
0.30975356698036194,
0.2670230567455292,
0.2836892306804657,
0.2778494358062744,
0.28666502237319946,
0.29048770666122437,
0.3085070550441742,
0.341774582862854,
0.3906073570251465,
0.4514303505420685,
0.4348848760128021,
0.3131946921348572,
0.2572379410266876,
0.23012499511241913,
0.263807088136673,
0.353413462638855,
0.3300356864929199,
0.3056449592113495,
0.26704952120780945,
0.2562814950942993,
0.2513290345668793,
0.24650903046131134,
0.24481414258480072,
0.23648717999458313,
0.2401815801858902,
0.24263782799243927,
0.25990045070648193,
0.2673281133174896,
0.2876001000404358,
0.287604957818985,
0.27675360441207886,
0.2837164103984833,
0.3387118875980377,
0.3703043758869171,
0.27658089995384216,
0.3669038414955139,
0.4199373722076416,
0.4118250012397766,
0.3496086001396179,
0.26425305008888245,
0.36275869607925415,
0.33202582597732544,
0.2941837012767792,
0.25948938727378845,
0.29341456294059753,
0.28603219985961914,
0.26272711157798767,
0.26293671131134033,
0.25961604714393616,
0.24779722094535828,
0.23917444050312042
]
}