{
  "mechanism_10d_share_sspg": 87.487497535827,
  "nonseq_16d_share_sspg": 12.512502464173018
}