{
  "sspg": {
    "rmse": 69.19940127463569,
    "mae": 49.45322502983941,
    "r2": -0.05013568394712742,
    "pearson_r": 0.0829769391540323,
    "pearson_p": 0.6304295270804459,
    "spearman_r": 0.3017404909278793,
    "spearman_p": 0.07369589208386557,
    "n": 36
  },
  "di": {
    "rmse": 0.7020976476375709,
    "mae": 0.651312122742335,
    "r2": -0.36933080414650177,
    "pearson_r": 0.5196833900991513,
    "pearson_p": 0.08332160629587447,
    "spearman_r": 0.38650882585782637,
    "spearman_p": 0.2145724681826325,
    "n": 12
  }
}