{
"epoch": [
1,
2,
3,
4,
5,
6,
7,
8,
9,
10,
11,
12,
13,
14,
15,
16,
17,
18,
19,
20,
21,
22,
23,
24,
25,
26,
27,
28,
29,
30,
31,
32,
33,
34,
35,
36,
37,
38,
39,
40,
41,
42,
43,
44,
45,
46,
47,
48,
49,
50,
51,
52,
53,
54,
55,
56,
57,
58,
59,
60,
61,
62,
63,
64,
65,
66,
67,
68,
69,
70,
71,
72,
73,
74,
75,
76,
77,
78,
79,
80,
81,
82,
83,
84,
85,
86,
87,
88,
89,
90,
91,
92,
93,
94,
95,
96,
97,
98,
99,
100
],
"train_loss": [
186.37323691901258,
46.797606130284585,
32.37048665745052,
23.860522187600925,
17.349123038644866,
12.556032090675174,
9.026853531364381,
6.48652833277785,
4.516941577430785,
3.241711199752928,
2.3971779928432673,
1.8970498850965125,
1.5611800518561536,
1.3266169555543914,
1.2435617606470903,
1.1322687179084838,
1.1380881333914328,
1.0230456393534744,
1.0168635418095926,
0.9996754663197074,
1.0054968435933271,
0.9492431986988998,
1.0031419757782944,
1.075177252761961,
1.166178620706393,
1.2426285968990776,
1.253695829646794,
1.2116759424134502,
1.1944134211915685,
1.1595549480182918,
1.1972072293439249,
1.1923445913735338,
1.2165706730264378,
1.1927007718349065,
1.2131761284325067,
1.243051598391195,
1.2958056335374126,
1.3921085014117984,
1.36459357438125,
1.4146654577705804,
1.3523268812284694,
1.4040577439811286,
1.4277047791818933,
1.3692668770241925,
1.4004651261126901,
1.3414780201874381,
1.3227007389068604,
1.3403722197990717,
1.2970413739287008,
1.2720319220400231,
1.3580758994019877,
1.323862378991495,
1.3677494995237336,
1.3658937488015241,
1.3286271789881188,
1.3526516458180946,
1.3259937359592107,
1.3312739640708984,
1.2993221742900338,
1.2822719634048583,
1.3129456418705738,
1.2941624742793285,
1.2992261939161405,
1.3143590163058183,
1.346360386825922,
1.3577689138923104,
1.3228939255391519,
1.3067615661095446,
1.209049779599107,
1.2867707577277356,
1.3398047563597912,
1.2944710386081004,
1.3059821016206516,
1.317328319774838,
1.251709801944222,
1.168666815194558,
1.2574850949715441,
1.291418524239007,
1.3259831329030314,
1.2627419702650056,
1.2197506850160014,
1.2841214035439679,
1.2727992881940107,
1.3031431389605905,
1.3372523812797126,
1.3462792860241386,
1.3663287697814581,
1.3857867210868775,
1.436230320630111,
1.4580013789529875,
1.5180739070486835,
1.515241631372707,
1.4701797596112949,
1.4724443615890863,
1.5111125097500058,
1.5151202556655163,
1.5665403332297259,
1.5607486540876974,
1.5364917404069676,
1.553809457876551
],
"val_loss": [
1.1838709115982056,
1.0284247398376465,
0.9859740138053894,
0.9899073243141174,
0.9577933549880981,
0.8069441914558411,
0.8492693305015564,
0.7825456261634827,
0.8235071301460266,
0.7049627900123596,
0.7224981784820557,
0.682867169380188,
0.7086039781570435,
0.6578935384750366,
0.6151756048202515,
0.5522302389144897,
0.482850581407547,
0.5173232555389404,
0.5335376858711243,
0.5172334313392639,
0.42440035939216614,
0.4169699251651764,
0.4658021628856659,
0.6252265572547913,
0.5664222240447998,
0.6163121461868286,
0.5828839540481567,
0.6696354746818542,
0.5929589867591858,
0.5562993884086609,
0.5761130452156067,
0.6105433106422424,
0.5906875729560852,
0.5519810318946838,
0.502441942691803,
0.4694645404815674,
0.5107468962669373,
0.4632338285446167,
0.4450988471508026,
0.4400043785572052,
0.46962064504623413,
0.45215103030204773,
0.4527395963668823,
0.44579070806503296,
0.4704045355319977,
0.43899011611938477,
0.4481724202632904,
0.43426036834716797,
0.41522449254989624,
0.41381964087486267,
0.407228946685791,
0.45385727286338806,
0.4485267400741577,
0.4190356433391571,
0.4381359815597534,
0.4448513090610504,
0.4374708831310272,
0.42732125520706177,
0.41424843668937683,
0.4149884283542633,
0.39131954312324524,
0.4028105139732361,
0.3623272478580475,
0.3852905333042145,
0.4055744707584381,
0.36216363310813904,
0.3533875048160553,
0.38253191113471985,
0.3835251033306122,
0.3725457489490509,
0.39617443084716797,
0.3853255808353424,
0.37116730213165283,
0.3694450259208679,
0.35591721534729004,
0.3572445213794708,
0.38062798976898193,
0.3874530494213104,
0.392764687538147,
0.3700645864009857,
0.353588730096817,
0.32385292649269104,
0.31604713201522827,
0.33157607913017273,
0.32869985699653625,
0.3466441333293915,
0.3099246025085449,
0.3307807445526123,
0.33107098937034607,
0.3158603608608246,
0.30231720209121704,
0.30049288272857666,
0.3000645339488983,
0.31004902720451355,
0.29170340299606323,
0.300883024930954,
0.29969802498817444,
0.2873321771621704,
0.2555222511291504,
0.27784183621406555
]
}