{
  "sspg": {
    "rmse": 67.43408856773853,
    "mae": 60.91088104248047,
    "r2": -0.13584521068105526,
    "pearson_r": 0.3373696617346229,
    "pearson_p": 0.4137914974367701,
    "spearman_r": 0.261904761904762,
    "spearman_p": 0.530922861565801,
    "n": 8
  },
  "di": {
    "rmse": 2.374125903888836,
    "mae": 1.254391372203827,
    "r2": -0.33745983880993013,
    "pearson_r": 0.13192368203687557,
    "pearson_p": 0.8032624674514175,
    "spearman_r": 0.4285714285714286,
    "spearman_p": 0.3965014577259474,
    "n": 6
  }
}