{
"epoch": [
1,
2,
3,
4,
5,
6,
7,
8,
9,
10,
11,
12,
13,
14,
15,
16,
17,
18,
19,
20,
21,
22,
23,
24,
25,
26,
27,
28,
29,
30,
31,
32,
33,
34,
35,
36,
37,
38,
39,
40,
41,
42,
43,
44,
45,
46,
47,
48,
49,
50,
51,
52,
53,
54,
55,
56,
57,
58,
59,
60,
61,
62,
63,
64,
65,
66,
67,
68,
69,
70,
71,
72,
73,
74,
75,
76,
77,
78,
79,
80,
81,
82,
83,
84,
85,
86,
87,
88,
89,
90,
91,
92,
93,
94,
95,
96,
97,
98,
99,
100
],
"train_loss": [
32.67801337194915,
3.035711710995967,
1.8006275195886594,
1.0217516469483328,
0.8474046074517882,
0.8066630870989053,
0.7889055922479913,
0.7116010442818745,
0.6773778135233587,
0.5170413656990127,
0.5951175491998691,
0.6117795581864839,
0.5681391724265448,
0.43852422969176036,
0.44766921365615164,
0.47158124541292096,
0.44234106534778483,
0.5796417838866168,
0.4872583316104247,
0.42431932215643403,
0.4603150941357754,
0.4126894509438241,
0.40760537790189877,
0.40402448442902894,
0.3955137502438951,
0.39000680186960957,
0.3970318539897994,
0.4206819587414808,
0.3929886950714753,
0.5047857841052631,
0.4015574036258282,
0.3622350486198274,
0.39868610448176317,
0.3952246151938297,
0.4238354835179773,
0.5147317562362935,
0.4416942069731136,
0.44560681504778343,
0.35106950009813404,
0.34974529660574283,
0.3474021905129499,
0.37742358151048716,
0.37721538189614173,
0.3650439461269001,
0.3485613282364194,
0.3732524824024427,
0.454822850699472,
0.34280994416463495,
0.38230886465252034,
0.4367112068846674,
0.4808321772235455,
0.45227683593731116,
0.5650042159722584,
0.5778988664693171,
0.4683424789126557,
0.5271815350740263,
0.5199987489988308,
0.4248737616114097,
0.4807400951291075,
0.4273721062310851,
0.4436821489050837,
0.39892737818236396,
0.41266865807004494,
0.3787433676200338,
0.37937447340181557,
0.38693210217032104,
0.38935651519511005,
0.47820653065596475,
0.4218213174602773,
0.4436250609336513,
0.38833205121578557,
0.42445332077470155,
0.3694297992947078,
0.3297616460240713,
0.36072311218422237,
0.3361154170614658,
0.4160879121558501,
0.40077638419547884,
0.44277349675055777,
0.44834037582473,
0.4794654604231957,
0.42195034735273607,
0.36916341344908915,
0.37216230725297833,
0.4184781714241103,
0.4801872467050458,
0.4374523475618646,
0.4131591963295889,
0.37036575539277333,
0.42722572696090927,
0.47981112133158316,
0.4916205559626664,
0.611887012377824,
0.45244251265384183,
0.566253418379491,
0.5438512849925768,
0.5901035058616412,
0.4941539714241972,
0.49812840943289277,
0.48377843363450307
],
"val_loss": [
1.2174911499023438,
0.7857680916786194,
0.6101091504096985,
0.2713010609149933,
0.8257364630699158,
0.2143428921699524,
0.3220531642436981,
0.2544172406196594,
0.25287893414497375,
0.2372279316186905,
0.3419642746448517,
0.19606785476207733,
0.16269779205322266,
0.17910543084144592,
0.30545103549957275,
0.2639985680580139,
0.5148318409919739,
0.12893211841583252,
0.12792867422103882,
0.13968563079833984,
0.2167610377073288,
0.1862083077430725,
0.1439506560564041,
0.20366902649402618,
0.26795876026153564,
0.17933300137519836,
0.17311573028564453,
0.18446671962738037,
0.29051172733306885,
0.18640148639678955,
0.1555631011724472,
0.23553013801574707,
0.25255441665649414,
0.3642432391643524,
0.3246871531009674,
0.16575990617275238,
0.2040317952632904,
0.1834419220685959,
0.1506696343421936,
0.15737150609493256,
0.1741236001253128,
0.1549770087003708,
0.1546916961669922,
0.12342339009046555,
0.11688800156116486,
0.13771051168441772,
0.11902303993701935,
0.1153094694018364,
0.11867966502904892,
0.2573438286781311,
0.17412599921226501,
0.25317081809043884,
0.3290569484233856,
0.34866663813591003,
0.2586207985877991,
0.28560692071914673,
0.29647940397262573,
0.1707218885421753,
0.2017124593257904,
0.2669525146484375,
0.16337931156158447,
0.2567412555217743,
0.20882374048233032,
0.1637510508298874,
0.19414806365966797,
0.13160346448421478,
0.16251933574676514,
0.27527910470962524,
0.22914068400859833,
0.17493493854999542,
0.31745895743370056,
0.35849714279174805,
0.16927890479564667,
0.23584434390068054,
0.17776070535182953,
0.12484107911586761,
0.12606115639209747,
0.16561943292617798,
0.17670761048793793,
0.4518882930278778,
0.19741955399513245,
0.14237064123153687,
0.11635104566812515,
0.18367040157318115,
0.1601206213235855,
0.2119656801223755,
0.24056945741176605,
0.2367786467075348,
0.20185595750808716,
0.16571247577667236,
0.23962104320526123,
0.30104562640190125,
0.2400461584329605,
0.16185623407363892,
0.1521098017692566,
0.20562830567359924,
0.2291816920042038,
0.23551517724990845,
0.2087627351284027,
0.1708652377128601
]
}