{
  "sspg": {
    "rmse": 69.13327642724042,
    "mae": 49.403148863050674,
    "r2": -0.048129687272034705,
    "pearson_r": -0.07496765591834882,
    "pearson_p": 0.6638935190624743,
    "spearman_r": 0.09101765888835771,
    "spearman_p": 0.5975473240077538,
    "n": 36
  },
  "di": {
    "rmse": 0.9473611205889569,
    "mae": 0.8697079022725424,
    "r2": -1.493127315790808,
    "pearson_r": 0.36274527326848544,
    "pearson_p": 0.24651033573852488,
    "spearman_r": 0.533239028266816,
    "spearman_p": 0.07421338145762568,
    "n": 12
  }
}