{
"epoch": [
1,
2,
3,
4,
5,
6,
7,
8,
9,
10,
11,
12,
13,
14,
15,
16,
17,
18,
19,
20,
21,
22,
23,
24,
25,
26,
27,
28,
29,
30,
31,
32,
33,
34,
35,
36,
37,
38,
39,
40,
41,
42,
43,
44,
45,
46,
47,
48,
49,
50,
51,
52,
53,
54,
55,
56,
57,
58,
59,
60,
61,
62,
63,
64,
65,
66,
67,
68,
69,
70,
71,
72,
73,
74,
75,
76,
77,
78,
79,
80,
81,
82,
83,
84,
85,
86,
87,
88,
89,
90,
91,
92,
93,
94,
95,
96,
97,
98,
99,
100,
101,
102,
103,
104,
105,
106,
107,
108,
109,
110,
111,
112,
113,
114,
115,
116,
117,
118,
119,
120,
121,
122,
123,
124,
125,
126,
127,
128,
129,
130,
131,
132,
133,
134,
135,
136,
137,
138,
139,
140,
141,
142,
143,
144,
145,
146,
147,
148,
149,
150,
151,
152,
153,
154,
155,
156,
157,
158,
159,
160,
161,
162,
163,
164,
165,
166,
167,
168,
169,
170,
171,
172,
173,
174,
175,
176,
177,
178,
179,
180,
181,
182,
183,
184,
185,
186,
187,
188,
189,
190,
191,
192,
193,
194,
195,
196,
197,
198,
199,
200
],
"train_loss": [
16.919750164812942,
3.542622645070234,
2.596070006137758,
1.894237421628997,
1.4995049895264032,
1.2550036419095016,
1.202877896038566,
1.3914295228447502,
1.2731613249290648,
1.2721839814674196,
1.1893869056476383,
1.2580710114456537,
1.256383144010709,
1.2165365763536589,
1.2387103612028707,
1.2159325935709195,
1.1873309687366636,
1.2393608938051959,
1.2358762739211555,
1.2095953385660967,
1.2643242285946223,
1.2154736894322193,
1.2649628975259977,
1.2871055546707995,
1.2941782934459176,
1.3162310818048912,
1.410241887325377,
1.3879412346937525,
1.4714023982446025,
1.427771806716919,
1.4093131652967197,
1.5172536973878155,
1.565078758817958,
1.6199869893667267,
1.6729395474035909,
1.6696169207415243,
1.7058045244592381,
1.7993438844605694,
1.762865147252721,
1.8520649521369634,
1.7727615758190005,
1.9047724205677903,
1.9849816288535052,
3.730224183225256,
2.2528595868058092,
2.4178543222232127,
2.6931376363348773,
2.560311698538112,
2.4568618958390602,
2.6470905514213983,
2.6572380685430814,
2.704723724230068,
2.8360518301565816,
2.9126709652697946,
2.9376380030564437,
3.083158891032061,
3.162624986152949,
3.3088871400187334,
3.473221172497967,
3.778475932248934,
3.924613997692198,
4.140065591166339,
4.553368200467327,
4.845384211052121,
4.9215540247639336,
5.277217943837323,
5.81175707644365,
5.559475587108943,
5.838988394249142,
6.178398151097335,
5.953889854311004,
7.002289524228554,
7.499371168181652,
7.740122123027411,
7.880714138661783,
8.180557626438892,
8.821838514072688,
9.374292238490789,
9.79631218196839,
10.50233884496013,
11.285759310084066,
11.876959485331858,
12.282914296848567,
13.352497070793092,
14.221399329778716,
15.121272470068744,
16.730144816120777,
18.327071392630028,
18.585725078432578,
18.863074400293545,
19.5171615420364,
19.897388067771132,
20.318571661400984,
21.38005985049751,
22.731426163921206,
23.84286909028301,
25.04105706102266,
26.37753336448369,
27.375455931415708,
28.591274036197213,
30.438713103767455,
32.445850192092536,
34.19761582622378,
34.50409271961122,
35.77000418234998,
36.78723757285771,
38.775974003348765,
39.87851291566383,
41.028454397607035,
43.01775885754683,
44.15251748392901,
51.36333832027405,
54.229492217536986,
56.2741030595434,
57.699017412080536,
57.53216552734375,
59.84516459187185,
63.76667250986174,
64.06187306802104,
67.28080455149252,
66.67893861785649,
69.79718606303058,
72.63508341631551,
75.23652708999754,
77.23467230609083,
79.03665623702402,
80.82211525984637,
84.85516447532834,
87.2204607265202,
86.77997817392425,
90.05546966312438,
92.85823509636826,
94.81167290154404,
96.96561293714629,
99.91829489159771,
102.5400762482891,
102.63826661598026,
106.71216817540447,
108.87296535461907,
109.01420863594596,
109.99321007916308,
113.44063916544276,
117.68745188074787,
120.11848918284018,
122.58699750524806,
124.83607164518101,
125.1352481992226,
125.67525331992803,
129.36200443778452,
131.77522974690115,
134.25448596383643,
136.94530156653698,
137.12926356998955,
139.04557055375707,
142.23826683224655,
144.2005157470703,
146.4698009340782,
149.00684170460138,
154.1923775259904,
158.03389890175166,
157.76462741160955,
158.59989652858945,
162.1596288005198,
164.95910632516456,
163.3061155784787,
168.31451440045214,
171.37551879882812,
171.56152199572466,
174.66043487308534,
175.02453661340428,
176.93159100389855,
178.74090888556532,
184.32096334142008,
186.4512560987097,
187.20549383689098,
186.84721999281035,
189.62874032568743,
194.84680656373033,
196.5161174864281,
195.57788866899145,
200.68394145815392,
202.8077414204755,
203.6960849311408,
203.48614501953125,
215.6563909335399,
222.32328315794936,
219.04810267170583,
208.38194046621248,
218.09688874492494,
211.2916741558886,
216.62122338963306,
218.91271143635427,
219.16748984028973,
223.95879249873124,
225.8861523725855,
225.9208915890671,
226.311032993587,
230.1783007524145,
232.9363160621463,
235.18794502798966
],