{
  "sspg": {
    "rmse": 69.2419927869634,
    "mae": 49.4873349931505,
    "r2": -0.051428776967164413,
    "pearson_r": 0.19013432007328326,
    "pearson_p": 0.2666911709843377,
    "spearman_r": 0.1146344136724226,
    "spearman_p": 0.5055820491627027,
    "n": 36
  },
  "di": {
    "rmse": 1.015742432576283,
    "mae": 0.9402713676293691,
    "r2": -1.866028687020599,
    "pearson_r": 0.09582365087208886,
    "pearson_p": 0.7670473006701137,
    "spearman_r": 0.14673020240898965,
    "spearman_p": 0.6490730213318352,
    "n": 12
  }
}