{
"epoch": [
1,
2,
3,
4,
5,
6,
7,
8,
9,
10,
11,
12,
13,
14,
15,
16,
17,
18,
19,
20,
21,
22,
23,
24,
25,
26,
27,
28,
29,
30,
31,
32,
33,
34,
35,
36,
37,
38,
39,
40,
41,
42,
43,
44,
45,
46,
47,
48,
49,
50,
51,
52,
53,
54,
55,
56,
57,
58,
59,
60,
61,
62,
63,
64,
65,
66,
67,
68,
69,
70,
71,
72,
73,
74,
75,
76,
77,
78,
79,
80,
81,
82,
83,
84,
85,
86,
87,
88,
89,
90,
91,
92,
93,
94,
95,
96,
97,
98,
99,
100
],
"train_loss": [
16.90363155199787,
3.531219985541396,
2.6025534314433423,
1.9071565537940798,
1.4930120359255572,
1.1974708451999454,
1.3729275230347642,
1.2621584511178685,
1.3069288411478357,
1.2818329108981636,
1.165797790204446,
1.2030234881273405,
1.238109231933834,
1.2438581731375746,
1.2932857716177393,
1.276605868902732,
1.2782340528458123,
1.262279891592311,
1.2426413813913901,
1.2343045895493876,
1.224136573123181,
1.2317308412762138,
1.2454851152390007,
1.251014662539865,
1.30605668627371,
1.3155245602600218,
1.4478285857072966,
1.474608579019862,
1.6503174286189042,
1.5996185062438484,
1.6837001353736938,
1.779613483609177,
1.7466915104332872,
1.6835053107869906,
1.6332823300924826,
1.6400055397213913,
1.6452447166593056,
1.7034320521542405,
1.7480292489209512,
1.903572215808658,
1.983590649807547,
1.9999855315591406,
1.9576945473828653,
2.1564776052640178,
2.2173737052857407,
2.3635206710635206,
2.5284329136525554,
2.5996972913817156,
2.68810832218861,
2.753487558815423,
2.753753682759803,
2.75864812145083,
2.709728291654211,
2.8062727845559907,
2.641969063150601,
2.2277578481539027,
2.1869948924057128,
2.6178299930151994,
2.6874418934499187,
2.608701600803165,
2.6900016566899816,
2.5920418773110456,
2.7017941193317805,
2.9487669561791607,
3.1234278059381198,
3.181916863899531,
3.433780334127231,
3.725444367551428,
3.7788421075175127,
3.912031511622151,
4.249888033378781,
4.737619328686572,
5.047364978339728,
5.459446099799449,
6.627868881375771,
7.844596877811462,
8.346506599366196,
8.506595273656169,
8.459386337460495,
8.747344925647646,
9.322641575430321,
9.905620642534391,
10.587812243484137,
11.477546789514737,
12.206669236731342,
13.054873909537248,
14.48309004776121,
16.252344116451233,
17.993976953461413,
19.448546041653852,
20.2488866340457,
19.426752495953416,
19.45556673665685,
20.114597741074448,
20.655722445390357,
21.899266701044997,
22.37790743009312,
22.79923230268824,
23.28250058992641,
24.12453454685962
],
"val_loss": [
0.8477323055267334,
0.7165418267250061,
0.555999755859375,
0.42086100578308105,
0.41863736510276794,
0.3672959506511688,
0.5359412431716919,
0.4943974018096924,
0.48526236414909363,
0.3944166302680969,
0.3606055676937103,
0.3373766541481018,
0.36852556467056274,
0.3708207905292511,
0.37972185015678406,
0.35937443375587463,
0.3229738175868988,
0.32647332549095154,
0.3255104422569275,
0.32098060846328735,
0.3479842245578766,
0.3340266942977905,
0.32648706436157227,
0.3557731509208679,
0.3455199599266052,
0.37275245785713196,
0.35286185145378113,
0.34851402044296265,
0.37045741081237793,
0.3289033770561218,
0.35563281178474426,
0.3334348499774933,
0.3311987519264221,
0.31241902709007263,
0.29532843828201294,
0.32838132977485657,
0.29195892810821533,
0.30340203642845154,
0.29576826095581055,
0.3217522203922272,
0.4559997022151947,
0.2853207588195801,
0.3270837366580963,
0.31730225682258606,
0.2652831971645355,
0.2854900658130646,
0.27079498767852783,
0.285880982875824,
0.3074001371860504,
0.3599306046962738,
0.2856815457344055,
0.2631990313529968,
0.32846638560295105,
0.261274516582489,
0.26147928833961487,
0.34007686376571655,
0.36845770478248596,
0.4367309510707855,
0.3586563169956207,
0.356175035238266,
0.3215676546096802,
0.29872947931289673,
0.32281163334846497,
0.2911170721054077,
0.32312819361686707,
0.3120901882648468,
0.29044947028160095,
0.3248383104801178,
0.279681533575058,
0.29121753573417664,
0.2728346884250641,
0.26394224166870117,
0.24608412384986877,
0.2602415680885315,
0.27123287320137024,
0.29091760516166687,
0.3136478662490845,
0.3702335059642792,
0.27882084250450134,
0.22866778075695038,
0.2641333341598511,
0.37245413661003113,
0.2556644380092621,
0.2563576102256775,
0.2747373878955841,
0.24390709400177002,
0.21093018352985382,
0.15721476078033447,
0.2873038053512573,
0.23375388979911804,
0.2564387023448944,
0.2798217535018921,
0.23125530779361725,
0.2248210906982422,
0.19246873259544373,
0.21977277100086212,
0.2418545037508011,
0.2513138949871063,
0.2200063169002533,
0.26996612548828125
]
}