{
"epoch": [
1,
2,
3,
4,
5,
6,
7,
8,
9,
10,
11,
12,
13,
14,
15,
16,
17,
18,
19,
20,
21,
22,
23,
24,
25,
26,
27,
28,
29,
30,
31,
32,
33,
34,
35,
36,
37,
38,
39,
40,
41,
42,
43,
44,
45,
46,
47,
48,
49,
50,
51,
52,
53,
54,
55,
56,
57,
58,
59,
60,
61,
62,
63,
64,
65,
66,
67,
68,
69,
70,
71,
72,
73,
74,
75,
76,
77,
78,
79,
80,
81,
82,
83,
84,
85,
86,
87,
88,
89,
90,
91,
92,
93,
94,
95,
96,
97,
98,
99,
100
],
"train_loss": [
32.67632903061904,
2.7433391670127967,
1.9723801179365679,
1.400809114629572,
1.0862657621309355,
0.9705083617916355,
0.8287926145962307,
0.781256032454503,
0.7507611745363706,
0.6396379548233825,
0.6030581821868946,
0.5849549166567913,
0.5958338526936321,
0.5494117233660314,
0.5521144750830415,
0.5116688353674752,
0.5280953436702877,
0.5768498259705382,
0.5615650694091598,
0.49656911252380964,
0.526450130072507,
0.4820580196070981,
0.5159779872213092,
0.5456582431669359,
0.5097276398113796,
0.5534364929446927,
0.5190209285779432,
0.5085757537321611,
0.5444229036182552,
0.5503914944537274,
0.5481708463910339,
0.52956451688494,
0.529721590605649,
0.5436988004616329,
0.5196601794911669,
0.5674975978863703,
0.5094091342641162,
0.5137621001763777,
0.5012793475157254,
0.5477401219405137,
0.6001854244764749,
0.5280206389241404,
0.5222091117462555,
0.49323076474202143,
0.48532606796784833,
0.4909167374883379,
0.5122753660400192,
0.5116761164231733,
0.5631600587398975,
0.5318278167154882,
0.5032214855218863,
0.5145842193009017,
0.5153987910840419,
0.544056909424918,
0.5159897339808477,
0.5149550561781053,
0.514996708213509,
0.5208421752050325,
0.5328293342094916,
0.5259233109362713,
0.5363459761266585,
0.5014084275666769,
0.4849298805385441,
0.505149129923288,
0.5067150027720959,
0.49776870012283325,
0.4858456977776119,
0.5122695038845013,
0.49947416240518744,
0.5123235490415003,
0.5170859605460972,
0.5180238787229959,
0.5228727955322761,
0.49899314982550486,
0.5340193262347928,
0.5348429076083294,
0.5305142696801718,
0.5255152703105629,
0.5396416481439169,
0.5475363762347729,
0.5184285718125182,
0.5078480429463572,
0.5203412794447565,
0.5345064424849176,
0.5159180977127769,
0.5063123687521204,
0.49040248719128693,
0.5053369108732645,
0.5047789169596387,
0.4982515856043085,
0.5182334203998764,
0.5115111632780596,
0.5123521259852818,
0.531851341198017,
0.4931494523952534,
0.5142663546970913,
0.5185087733454519,
0.5139486588440932,
0.5092733378534193,
0.506893970749595
],
"val_loss": [
0.7161720991134644,
0.6826871633529663,
0.6029524207115173,
0.3480270504951477,
0.3889285624027252,
0.32968440651893616,
0.4614495635032654,
0.26261159777641296,
0.24809813499450684,
0.22232484817504883,
0.22498591244220734,
0.15935899317264557,
0.15751589834690094,
0.15824930369853973,
0.23464256525039673,
0.14496706426143646,
0.13402913510799408,
0.10836576670408249,
0.18105223774909973,
0.2664667069911957,
0.1599818766117096,
0.1292549967765808,
0.11772572994232178,
0.13365162909030914,
0.18073506653308868,
0.13365182280540466,
0.13614130020141602,
0.14143170416355133,
0.21430855989456177,
0.1384453922510147,
0.22442467510700226,
0.12215466052293777,
0.1388714611530304,
0.2227766215801239,
0.1400386244058609,
0.16501322388648987,
0.15122458338737488,
0.11843524873256683,
0.16243667900562286,
0.14986100792884827,
0.20074529945850372,
0.1362902671098709,
0.1879749745130539,
0.13279487192630768,
0.16188372671604156,
0.1485617458820343,
0.13199123740196228,
0.20479293167591095,
0.13269144296646118,
0.1698904037475586,
0.12653382122516632,
0.12662537395954132,
0.20518818497657776,
0.177954763174057,
0.1342983990907669,
0.17847663164138794,
0.1680179089307785,
0.14694862067699432,
0.14562608301639557,
0.15650969743728638,
0.15598072111606598,
0.12975262105464935,
0.15754564106464386,
0.14221425354480743,
0.1374695748090744,
0.1472172737121582,
0.14150552451610565,
0.11805818974971771,
0.1146254688501358,
0.1650131642818451,
0.18078914284706116,
0.12639355659484863,
0.12379089742898941,
0.13368992507457733,
0.14676877856254578,
0.13945508003234863,
0.13833026587963104,
0.14671538770198822,
0.1594749242067337,
0.17591619491577148,
0.16979902982711792,
0.147894024848938,
0.13383284211158752,
0.12885718047618866,
0.12812834978103638,
0.1329052597284317,
0.13768169283866882,
0.1409880816936493,
0.14139553904533386,
0.14090843498706818,
0.14041703939437866,
0.1400660276412964,
0.13866202533245087,
0.13808202743530273,
0.13726851344108582,
0.13677051663398743,
0.13649603724479675,
0.13620498776435852,
0.1361933797597885,
0.13619688153266907
]
}