{
  "sspg": {
    "rmse": 55.16536507993801,
    "mae": 46.776408937242294,
    "r2": 0.3326191576899735,
    "pearson_r": 0.5938179302877349,
    "pearson_p": 0.00013461850188066076,
    "spearman_r": 0.5458451577459389,
    "spearman_p": 0.0005744428930668035,
    "n": 36
  },
  "di": {
    "rmse": 0.974131297740682,
    "mae": 0.8966092765331268,
    "r2": -1.6360177850601758,
    "pearson_r": 0.26259553762001053,
    "pearson_p": 0.4096165831098091,
    "spearman_r": 0.3793512550086074,
    "spearman_p": 0.22391371762255155,
    "n": 12
  }
}