{
"epoch": [
1,
2,
3,
4,
5,
6,
7,
8,
9,
10,
11,
12,
13,
14,
15,
16,
17,
18,
19,
20,
21,
22,
23,
24,
25,
26,
27,
28,
29,
30,
31,
32,
33,
34,
35,
36,
37,
38,
39,
40,
41,
42,
43,
44,
45,
46,
47,
48,
49,
50,
51,
52,
53,
54,
55,
56,
57,
58,
59,
60,
61,
62,
63,
64,
65,
66,
67,
68,
69,
70,
71,
72,
73,
74,
75,
76,
77,
78,
79,
80,
81,
82,
83,
84,
85,
86,
87,
88,
89,
90,
91,
92,
93,
94,
95,
96,
97,
98,
99,
100
],
"train_loss": [
50.8936858815471,
5.645589738380252,
1.646258835717449,
1.2028992054030652,
0.9196167339490154,
0.8220804047396802,
0.7017206591883982,
0.7172437230433066,
0.7153812022659722,
0.5877114548457889,
0.5603121218718882,
0.5272979874779858,
0.5117764965755733,
0.5036843052999241,
0.5066503122096925,
0.5082090295205904,
0.5134474902641116,
0.5380879715671689,
0.5130864407603196,
0.5027051403766541,
0.44782560711770547,
0.44305338071087214,
0.43004079878799556,
0.4768791287902772,
0.4710368180838157,
0.4365490064846249,
0.4301692801197683,
0.4300028172534282,
0.45943023815868406,
0.4912294773604926,
0.4846556787415752,
0.46170918983737314,
0.4513162543454508,
0.5079331731233071,
0.45667036311832937,
0.43482069143160124,
0.5256703228462399,
0.5852694056165499,
0.6023503297895897,
0.6525715659922502,
0.5900753271861339,
0.5971213335127342,
0.5650153493318032,
0.5676344163774505,
0.56581096902607,
0.5790575015263295,
0.5232563955108012,
0.5271975914324363,
0.5681624548641715,
0.6237918171356982,
0.6029007467697924,
0.5967998072856994,
0.5706760538375284,
0.5391742878072844,
0.5346985909882493,
0.5889190303997731,
0.5293057621933344,
0.5264713966001676,
0.5171115602564624,
0.5262284931235426,
0.5030268989210054,
0.497916823297035,
0.5402541784789618,
0.5207963750118346,
0.49284471677044245,
0.5181143617066811,
0.5314097395093422,
0.5164007690009169,
0.5354039415599793,
0.5002911156556737,
0.6503852202197699,
0.5977952743139793,
0.5991680284184734,
0.5878955707775326,
0.5631919216921949,
0.5940896666894747,
0.5920246309182775,
0.5957228499134695,
0.5512235033230519,
0.518110204869368,
0.5943035131364357,
0.5663670071466701,
0.6051128919669023,
0.6327073804036839,
0.6061505827847429,
0.544776822168996,
0.5872227169397309,
0.5187582012236588,
0.5467058582099404,
0.5777898041282113,
0.5331248204539142,
0.5468052794614177,
0.572502888563111,
0.5699799717880609,
0.5647330382677513,
0.5627494224413173,
0.5247718677746029,
0.5422428165833781,
0.5611521634529895,
0.5605906226972895
],
"val_loss": [
1.6945338249206543,
0.9472729563713074,
0.8320227265357971,
0.5808994770050049,
0.644086480140686,
0.3807174861431122,
0.3603545129299164,
0.36239102482795715,
0.3043425679206848,
0.22652935981750488,
0.23572342097759247,
0.18086092174053192,
0.1994485855102539,
0.19049572944641113,
0.29915866255760193,
0.19071416556835175,
0.23373866081237793,
0.22492051124572754,
0.14946261048316956,
0.15485306084156036,
0.1607191115617752,
0.1690112203359604,
0.1740618497133255,
0.1355253905057907,
0.15700483322143555,
0.17611458897590637,
0.1497042328119278,
0.12378666549921036,
0.18004325032234192,
0.21488738059997559,
0.14830563962459564,
0.13576988875865936,
0.3648333251476288,
0.16204078495502472,
0.18853574991226196,
0.15138477087020874,
0.3016771972179413,
0.23700781166553497,
0.24737100303173065,
0.23039698600769043,
0.23813091218471527,
0.27348315715789795,
0.2414959818124771,
0.2919807732105255,
0.22158163785934448,
0.21815672516822815,
0.21450339257717133,
0.20919877290725708,
0.2614666223526001,
0.2941133677959442,
0.23094190657138824,
0.38652417063713074,
0.1755332201719284,
0.20705243945121765,
0.21191048622131348,
0.1877060830593109,
0.17899854481220245,
0.13390931487083435,
0.1766372174024582,
0.140965536236763,
0.15272748470306396,
0.18989114463329315,
0.14639559388160706,
0.15144562721252441,
0.13992802798748016,
0.14646129310131073,
0.16984309256076813,
0.142103910446167,
0.17537760734558105,
0.4124351739883423,
0.29806602001190186,
0.24049372971057892,
0.2961726784706116,
0.18582478165626526,
0.22196680307388306,
0.2062046229839325,
0.2398294359445572,
0.2012614756822586,
0.15411841869354248,
0.17334161698818207,
0.2866722345352173,
0.23727552592754364,
0.25133979320526123,
0.22834305465221405,
0.2379116415977478,
0.1935996413230896,
0.17809438705444336,
0.2014521062374115,
0.1851944476366043,
0.18069782853126526,
0.1740078330039978,
0.18660807609558105,
0.21045273542404175,
0.23765598237514496,
0.2037193328142166,
0.1975395232439041,
0.17765489220619202,
0.18118272721767426,
0.2725018560886383,
0.20359386503696442
]
}