{
  "sspg": {
    "n": 16,
    "pearson_r": 0.3952833541893569,
    "pearson_p": 0.12967533279818605,
    "spearman_r": 0.5823529411764706,
    "spearman_p": 0.017932734131035355,
    "rmse": 81.09464771858632,
    "mae": 59.15078343789509,
    "r2": 0.08841100447524552
  },
  "di": {
    "n": 16,
    "pearson_r": 0.6641931398115793,
    "pearson_p": 0.005013023920690356,
    "spearman_r": 0.711764705882353,
    "spearman_p": 0.0019840432477699634,
    "rmse": 0.7365589628868873,
    "mae": 0.6311703756437392,
    "r2": -0.0321416616252308
  }
}