{
  "sspg": {
    "spearman_r": -0.10259783520851541,
    "rmse": NaN,
    "n": 5
  },
  "di": {
    "spearman_r": -0.19999999999999998,
    "rmse": NaN,
    "n": 4
  }
}