{
"epoch": [
1,
2,
3,
4,
5,
6,
7,
8,
9,
10,
11,
12,
13,
14,
15,
16,
17,
18,
19,
20,
21,
22,
23,
24,
25,
26,
27,
28,
29,
30,
31,
32,
33,
34,
35,
36,
37,
38,
39,
40,
41,
42,
43,
44,
45,
46,
47,
48,
49,
50,
51,
52,
53,
54,
55,
56,
57,
58,
59,
60,
61,
62,
63,
64,
65,
66,
67,
68,
69,
70,
71,
72,
73,
74,
75,
76,
77,
78,
79,
80,
81,
82,
83,
84,
85,
86,
87,
88,
89,
90,
91,
92,
93,
94,
95,
96,
97,
98,
99,
100
],
"train_loss": [
1103.4889375290068,
1074.8456269821318,
1026.2520703608448,
972.0145617192335,
901.9545729231127,
821.6562771183429,
774.2091958829672,
669.487896758731,
619.4438839147587,
538.8915163550047,
446.27020716903235,
406.66988667403115,
360.79088509436883,
307.7108722346844,
289.01062736888923,
251.6435462271813,
309.2149129433207,
287.87925010152384,
315.42245845983524,
308.1654881392375,
253.50532312676458,
269.0992208801874,
274.92749204730046,
315.3174075891476,
256.93251959168083,
286.3478009818804,
292.2924529727143,
287.96188007014814,
288.3439343140857,
294.9271040812577,
289.29595494034265,
296.8633770328937,
243.54551500377087,
281.5903997137995,
270.7221927076283,
266.70728838325726,
294.969450846757,
262.44564577612545,
277.8109949697362,
278.31339981532335,
271.90599860767327,
290.1394242390548,
260.390298673422,
292.75932040072905,
286.58596046372213,
315.9569720277692,
292.3608256425008,
258.96297084695044,
259.83267604714575,
255.1352865389078,
291.42200522847696,
285.8731993118135,
280.60365431379563,
289.91316910545424,
267.94193562422646,
270.83903412771696,
272.04908329425473,
292.782058262589,
281.7846153939124,
288.3264167710106,
279.25433651763615,
275.9605752170676,
277.1540207060257,
276.3638269405554,
261.8327929808362,
258.75938339988784,
262.18478189600575,
288.69085089050895,
291.28150939941406,
262.70224452254797,
248.0269693053595,
240.37943909900022,
229.38768171555924,
273.3840464979115,
294.0831377388227,
247.57780652943225,
277.3437010510133,
270.0444810319655,
274.2030989391969,
261.66459187422646,
269.86196083597616,
275.2910531676642,
284.46738501822597,
283.21777102026607,
287.05190194007196,
250.54100104605797,
251.69546032896136,
246.37384667727028,
277.92578638662206,
274.95486419979886,
270.27189318968516,
260.0862757616704,
240.4933187654703,
267.7174415210686,
210.83980923832053,
272.3339804469949,
242.6311860037322,
286.18058610670636,
257.6241760253906,
265.8119866399482
],
"val_loss": [
0.29294195771217346,
0.29294195771217346,
0.29294195771217346,
0.29294195771217346,
0.29294195771217346,
0.29294195771217346,
0.29294195771217346,
0.29294195771217346,
0.29294195771217346,
0.29294195771217346,
0.29294195771217346,
0.29294195771217346,
0.29294195771217346,
0.29294195771217346,
0.29294195771217346,
0.29294195771217346,
0.29294195771217346,
0.29294195771217346,
0.29294195771217346,
0.29294195771217346,
0.29294195771217346,
0.29294195771217346,
0.29294195771217346,
0.29294195771217346,
0.29294195771217346,
0.29294195771217346,
0.29294195771217346,
0.29294195771217346,
0.29294195771217346,
0.29294195771217346,
0.29294195771217346,
0.29294195771217346,
0.29294195771217346,
0.29294195771217346,
0.29294195771217346,
0.29294195771217346,
0.29294195771217346,
0.29294195771217346,
0.29294195771217346,
0.29294195771217346,
0.29294195771217346,
0.29294195771217346,
0.29294195771217346,
0.29294195771217346,
0.29294195771217346,
0.29294195771217346,
0.29294195771217346,
0.29294195771217346,
0.29294195771217346,
0.29294195771217346,
0.29294195771217346,
0.29294195771217346,
0.29294195771217346,
0.29294195771217346,
0.29294195771217346,
0.29294195771217346,
0.29294195771217346,
0.29294195771217346,
0.29294195771217346,
0.29294195771217346,
0.29294195771217346,
0.29294195771217346,
0.29294195771217346,
0.29294195771217346,
0.29294195771217346,
0.29294195771217346,
0.29294195771217346,
0.29294195771217346,
0.29294195771217346,
0.29294195771217346,
0.29294195771217346,
0.29294195771217346,
0.29294195771217346,
0.29294195771217346,
0.29294195771217346,
0.29294195771217346,
0.29294195771217346,
0.29294195771217346,
0.29294195771217346,
0.29294195771217346,
0.29294195771217346,
0.29294195771217346,
0.29294195771217346,
0.29294195771217346,
0.29294195771217346,
0.29294195771217346,
0.29294195771217346,
0.29294195771217346,
0.29294195771217346,
0.29294195771217346,
0.29294195771217346,
0.29294195771217346,
0.29294195771217346,
0.29294195771217346,
0.29294195771217346,
0.29294195771217346,
0.29294195771217346,
0.29294195771217346,
0.29294195771217346,
0.29294195771217346
]
}