{
"epoch": [
1,
2,
3,
4,
5,
6,
7,
8,
9,
10,
11,
12,
13,
14,
15,
16,
17,
18,
19,
20,
21,
22,
23,
24,
25,
26,
27,
28,
29,
30,
31,
32,
33,
34,
35,
36,
37,
38,
39,
40,
41,
42,
43,
44,
45,
46,
47,
48,
49,
50,
51,
52,
53,
54,
55,
56,
57,
58,
59,
60,
61,
62,
63,
64,
65,
66,
67,
68,
69,
70,
71,
72,
73,
74,
75,
76,
77,
78,
79,
80,
81,
82,
83,
84,
85,
86,
87,
88,
89,
90,
91,
92,
93,
94,
95,
96,
97,
98,
99,
100
],
"train_loss": [
1.8853264938701282,
1.711848790769453,
1.4436189818691898,
1.4577710876217136,
1.2820806812930416,
1.1364092052756967,
1.0164537174361092,
1.0021381246579157,
0.976435998817543,
0.8850637751740295,
0.8893847906744325,
0.8677283788656259,
0.859799100207044,
0.7769155904844209,
0.7500956755179864,
0.7501794517814339,
0.6944568404903659,
0.7452550677510051,
0.7350768803001998,
0.7282085109066654,
0.6991915284813225,
0.6931635714196539,
0.6860645041837321,
0.7153091368737159,
0.6675996339166319,
0.6894612018164102,
0.6588388340813773,
0.660874529318376,
0.6824374702069667,
0.7024636872403034,
0.6958745911523894,
0.6835050126174828,
0.6675971723222113,
0.6475322772930194,
0.6419009163782194,
0.6650088944218375,
0.6511391230991909,
0.6646123954227993,
0.6485331027538745,
0.690656552841137,
0.6092112358514364,
0.6292180627971501,
0.6476798057556152,
0.6170866264925374,
0.6536392886917313,
0.624008719023172,
0.654692875874507,
0.6532616073435004,
0.6448438035977351,
0.6355274838286561,
0.632429356698866,
0.6580347674233573,
0.6339665628098822,
0.634109731231417,
0.6265042207457803,
0.6359878321746727,
0.6577186785735093,
0.6547455687027472,
0.6333726056210407,
0.63847200978886,
0.6338504158057175,
0.6381410546117015,
0.65038219287798,
0.6258250165295292,
0.6227308233062943,
0.6217696682199255,
0.6116112296457414,
0.6361260948243079,
0.6251266598701477,
0.6643624499246672,
0.614434074271809,
0.6470074235618889,
0.6415176128412222,
0.6186937109216467,
0.6362745800575653,
0.6329225023071487,
0.6270926377990029,
0.6490812804791835,
0.6170852563597939,
0.621369604166452,
0.6359372022864106,
0.6418866809312399,
0.6248387787249181,
0.6235273263671182,
0.6186972005026681,
0.6042040075574603,
0.6032850370778666,
0.6166610686809986,
0.6017655943121228,
0.6384171920937377,
0.6241411744774162,
0.6318023700218696,
0.6322803822430697,
0.6313737150910613,
0.6372853277565597,
0.6197079350421955,
0.6319428512028286,
0.6373344922994638,
0.6251554597507823,
0.606452046276687
],
"val_loss": [
3.4885013103485107,
3.5036306381225586,
3.64459490776062,
3.6960182189941406,
3.8316993713378906,
3.992138624191284,
4.091951847076416,
4.156292915344238,
4.264318943023682,
4.471105575561523,
4.774521350860596,
5.005686283111572,
5.153511047363281,
5.282644271850586,
5.4334330558776855,
5.4616217613220215,
5.422341346740723,
5.41896915435791,
5.39970588684082,
5.3975510597229,
5.39996862411499,
5.425445079803467,
5.390091419219971,
5.388177871704102,
5.4146575927734375,
5.481935501098633,
5.578227519989014,
5.637549877166748,
5.672916412353516,
5.7067131996154785,
5.7960357666015625,
5.867729663848877,
5.942409038543701,
5.99497652053833,
6.0191569328308105,
6.023142337799072,
6.035347938537598,
6.078355312347412,
6.138333320617676,
6.161927223205566,
6.202998161315918,
6.2615437507629395,
6.287192344665527,
6.294081211090088,
6.271892070770264,
6.236778736114502,
6.210634231567383,
6.20566987991333,
6.214761734008789,
6.221543312072754,
6.21427583694458,
6.1891632080078125,
6.153430461883545,
6.097949028015137,
6.027276515960693,
5.965217113494873,
5.890063285827637,
5.857336521148682,
5.846301555633545,
5.8465070724487305,
5.861241817474365,
5.880745887756348,
5.874449253082275,
5.862186908721924,
5.833979606628418,
5.782809257507324,
5.756175518035889,
5.740193843841553,
5.7183027267456055,
5.702240943908691,
5.667814254760742,
5.625789165496826,
5.594590187072754,
5.56635046005249,
5.538334369659424,
5.5296430587768555,
5.525887489318848,
5.5244460105896,
5.5093278884887695,
5.500975608825684,
5.495543956756592,
5.505648136138916,
5.519302845001221,
5.530056476593018,
5.53483247756958,
5.539832592010498,
5.523937225341797,
5.509801387786865,
5.501036643981934,
5.491791248321533,
5.4838104248046875,
5.477030277252197,
5.472926139831543,
5.471008777618408,
5.470296382904053,
5.469841003417969,
5.4692206382751465,
5.468978404998779,
5.468878269195557,
5.469143867492676
]
}