{
"epoch": [
1,
2,
3,
4,
5,
6,
7,
8,
9,
10,
11,
12,
13,
14,
15,
16,
17,
18,
19,
20,
21,
22,
23,
24,
25,
26,
27,
28,
29,
30,
31,
32,
33,
34,
35,
36,
37,
38,
39,
40,
41,
42,
43,
44,
45,
46,
47,
48,
49,
50,
51,
52,
53,
54,
55,
56,
57,
58,
59,
60,
61,
62,
63,
64,
65,
66,
67,
68,
69,
70,
71,
72,
73,
74,
75,
76,
77,
78,
79,
80,
81,
82,
83,
84,
85,
86,
87,
88,
89,
90,
91,
92,
93,
94,
95,
96,
97,
98,
99,
100
],
"recon_loss": [
0.3712549147667823,
0.37616019125108596,
0.3843803626376313,
0.38813497532497754,
0.3811822355567635,
0.3884778216287687,
0.38462420446532114,
0.38614639446332855,
0.3815410528090093,
0.37696907427403836,
0.37293532568138915,
0.37778009648446914,
0.38314945008847623,
0.3779145781095926,
0.3782437296656819,
0.3817787996747277,
0.3772762998357996,
0.3796607956483767,
0.37736041592313097,
0.3785757449540225,
0.37833878436645907,
0.38718958837645395,
0.3849808480832484,
0.38742870479435115,
0.37934928280966623,
0.38113417892487017,
0.38218195794464704,
0.3755179186920067,
0.38276587446014604,
0.3807293695288819,
0.38501687444649735,
0.3779840376469996,
0.3776521942058167,
0.3886270294715832,
0.3755623587927261,
0.38185659360575985,
0.3771056869587341,
0.37838703858387934,
0.3807241301257889,
0.37319875305349176,
0.3720777359875766,
0.3804315866587998,
0.3735734084983925,
0.3835382956963081,
0.3726498921970268,
0.3777519150987848,
0.37824896016678256,
0.38058872230641255,
0.3793601118899011,
0.37483965769990696,
0.37336801708518685,
0.37351095173266025,
0.3810181368093986,
0.3712019661030212,
0.37334723867379227,
0.37630555111092406,
0.3759404428593524,
0.37631657680907804,
0.3740094575014981,
0.37329029108022715,
0.3720018252149805,
0.3785478077925645,
0.37814530962473386,
0.3727127929012497,
0.3761797918901815,
0.3725213919367109,
0.3724354695190083,
0.377302379964234,
0.3757577178540168,
0.3731369585185856,
0.3794989972919613,
0.3761290071846603,
0.37219063182929896,
0.3725292883910142,
0.37217949001820055,
0.37370491801918326,
0.37753991298861317,
0.3781794092871926,
0.3772187163303425,
0.3792348163468497,
0.3741216880160493,
0.3805695330941832,
0.38106967992596813,
0.3785607447097828,
0.36919215089314944,
0.36945891883466153,
0.3828105392394128,
0.36797835029564896,
0.3741605959155343,
0.371327479938408,
0.3784157645392728,
0.37273615869608795,
0.3796274383346756,
0.37771479533864305,
0.3728799649647304,
0.37711293898619613,
0.37133288615709775,
0.3816225385511076,
0.37550067940315646,
0.3768375395954429
],
"sspg_loss": [
7.040727219024262,
3.4459952146976027,
2.893249629379867,
3.994801224052132,
3.6905694007873535,
2.8481373740481093,
2.3872245503710463,
2.1786605475784895,
1.7737346748252967,
1.8952295284766656,
2.11119539706738,
2.1280298248513954,
1.4857105419233247,
1.6759704893285579,
1.7729200449856846,
1.5816293227208125,
1.0649636488456231,
1.2869722967023973,
1.5233822689427958,
1.5950021279322637,
1.4834545742381702,
1.2856053191346009,
1.2757233458679993,
1.2223060750342034,
0.9912620117137958,
1.1583033893015477,
0.9819025807566457,
1.1459921559730133,
1.123603890468548,
1.1729999517465566,
1.283099361054309,
1.0322299406125948,
1.1614953132418844,
1.056766322680882,
1.073650028024401,
1.0791305682875894,
1.1027948538978378,
0.9558956491482722,
1.0291176956969421,
1.2879739906880763,
0.8139151845659528,
0.9532099606154801,
0.9387717308936181,
0.889719849283045,
1.125652771491509,
0.8918699235111088,
1.0590986586236335,
1.133719496138684,
0.9305754187819245,
1.0208689423350545,
0.8604484943600444,
1.0337986001720676,
0.9635475215973792,
0.9817529192992619,
1.0100978473564246,
0.9519705106685687,
1.1703101024999247,
1.0792596270511676,
0.9515907547690652,
0.9413062589509147,
0.9005007418719205,
0.9787897223776038,
1.001043457489509,
0.9446869918278286,
0.9793716645860052,
0.9638846787539396,
0.9014701700055754,
0.91326963437068,
0.8808107987626806,
1.248170120375497,
0.9270085436957223,
1.04994679426218,
0.8932236719441105,
0.9601716345006769,
1.0157112548877667,
0.9684120346973468,
0.8942757813961475,
1.1035011217191621,
0.873394243128888,
0.9666260713106626,
1.1117664807802672,
1.0166711853696155,
0.7854862205393902,
0.8754029691993416,
0.989986277245856,
0.8093212223672247,
0.7614147368963663,
0.8926711097940222,
0.8183408317627845,
0.9687890619426579,
0.8683240769745467,
0.9807369538715908,
0.9405774001951341,
0.9250405144381832,
1.0543612427525706,
0.8598205892296581,
0.9906303557482633,
0.9983192496485525,
0.9563248699361627,
0.8827696311009394
],
"di_loss": [
7.470623513320824,
9.27854492447593,
7.064862412291688,
6.065581829516919,
4.681396397677335,
3.9931938617260423,
3.292975202783362,
3.3437957949452586,
3.538734474739471,
2.55043532631614,
2.4195718022135946,
2.139070938159893,
2.6495209731064833,
1.6835630048405041,
1.3157771485192435,
1.4727384300975057,
1.4770633895675858,
1.7397219020050843,
1.4250030966548177,
1.2728396963763546,
1.0976021831685847,
1.1484700836144484,
1.1111193446369914,
1.4338869057692492,
1.2694209318656426,
1.3038123551901284,
1.164170469556536,
1.0879369478721124,
1.2543112310496243,
1.4262356572336965,
1.2081273453576225,
1.4061452506424545,
1.121741703578404,
0.9166761996684136,
0.9742567268284884,
1.1365066642885084,
1.0209141435561242,
1.2891747185162135,
1.031781023198908,
1.2694702535480649,
0.9407471681570078,
0.9185614454281794,
1.1861531053270613,
0.8298902821231198,
1.0686080734451096,
0.9550834971588927,
1.0896646945507495,
0.977199108569653,
1.1082933707670732,
0.9701191001124196,
1.114676343930232,
1.1961664379417123,
0.9509838958839317,
1.032699931751598,
0.9072734659368341,
1.0309889610711631,
1.033854116867115,
1.0916788570292584,
1.0288290791697317,
1.0971206519510839,
1.104353904724121,
1.0032253017673245,
1.107275588945909,
0.9724557724866,
0.8722429486451211,
0.9147350896488536,
0.8767210090315187,
1.0614773027308575,
0.9993571871286863,
1.0507305752147327,
0.809241009997083,
1.0459022204597275,
1.1873034099479773,
0.8887730774941383,
1.0125810573627423,
1.011107799294707,
0.9886081516742706,
0.9929510300809686,
0.9127989419094928,
0.8423534654951715,
0.8941136567623584,
0.9842963899884906,
1.0400069595931412,
0.9620896407536098,
0.8929307042778313,
0.9260287803488892,
0.8312301047436603,
0.9820636595998492,
0.8456410088322379,
1.0900689425406518,
0.9769230813949139,
0.9979400154832122,
0.973977500742132,
0.9995813052375595,
0.9777302145957947,
0.9541637309185871,
1.0034972800836934,
0.9468246249409465,
0.9282488683601479,
0.8014029821792206
],