{
  "sspg": {
    "rmse": 200.62919478218058,
    "mae": 180.6831907272339,
    "r2": -4.578873416540354,
    "pearson_r": -0.6512696613376288,
    "pearson_p": 0.04136587175372983,
    "spearman_r": -0.49090909090909085,
    "spearman_p": 0.14965567342083677,
    "n": 10
  },
  "di": {
    "rmse": 19.046957127180956,
    "mae": 17.49667437374592,
    "r2": -772.3599477364694,
    "pearson_r": -0.14649693794564034,
    "pearson_p": 0.7292229663278152,
    "spearman_r": -0.28571428571428575,
    "spearman_p": 0.4927262450169573,
    "n": 8
  }
}