{
"epoch": [
1,
2,
3,
4,
5,
6,
7,
8,
9,
10,
11,
12,
13,
14,
15,
16,
17,
18,
19,
20,
21,
22,
23,
24,
25,
26,
27,
28,
29,
30,
31,
32,
33,
34,
35,
36,
37,
38,
39,
40,
41,
42,
43,
44,
45,
46,
47,
48,
49,
50,
51,
52,
53,
54,
55,
56,
57,
58,
59,
60,
61,
62,
63,
64,
65,
66,
67,
68,
69,
70,
71,
72,
73,
74,
75,
76,
77,
78,
79,
80,
81,
82,
83,
84,
85,
86,
87,
88,
89,
90,
91,
92,
93,
94,
95,
96,
97,
98,
99,
100
],
"train_loss": [
23.882775920452456,
2.858180650390021,
2.537473489742468,
1.5396952145170457,
0.987322734724177,
1.3287168540576897,
0.7700307941672826,
0.653778614384113,
0.5675629164912913,
0.5364840868676063,
0.5370988114045399,
0.43191919999547523,
0.4226211433363433,
0.4525634366096837,
0.362824285384452,
0.373730866330685,
0.38798641450334304,
0.405249685049057,
0.39701524258840204,
0.4037667188313928,
0.3950216547392382,
0.4128173594132508,
0.40541389112425325,
0.3557291889544761,
0.356471056985383,
0.34492133188955854,
0.36060391676307907,
0.47245404979970196,
0.4431340750491265,
0.3999929374987536,
0.47098527568401677,
0.45292003880632986,
0.3688710594531333,
0.3547772824174107,
0.3977144416606072,
0.4056905159855833,
0.3583638682813928,
0.3941053125527826,
0.43217451486847186,
0.4188171138267706,
0.3922523268968752,
0.3987680223613682,
0.38268113077277005,
0.3801469699581071,
0.37507006791558595,
0.3494084203007198,
0.3454008134874967,
0.3463986126503142,
0.4267703341965628,
0.3962889588115239,
0.4054748725773084,
0.3924663810446711,
0.4021589195374215,
0.37293530661280794,
0.3802176646076807,
0.3939742608235614,
0.3654820443970142,
0.37180700337532724,
0.3513241147640908,
0.3187870955703282,
0.3408388566262651,
0.35865715618180755,
0.3442714606771375,
0.3936272850721189,
0.3991352644297156,
0.326503979982716,
0.37602903140653476,
0.41420953551141343,
0.37333709886758637,
0.43097187504910006,
0.39145840483136696,
0.34138677704452286,
0.3671826369101458,
0.3734950134069613,
0.34262123556420354,
0.3550063713942424,
0.40450185979947006,
0.35537081838834406,
0.34785221738390404,
0.36019281438081574,
0.40382166133068575,
0.35320255868505723,
0.3536795427893648,
0.3462842015346678,
0.3718496080082242,
0.3425648858641634,
0.4011842714677943,
0.31956212502895015,
0.3367714536662149,
0.3774701749334241,
0.35369473090856385,
0.3368988836755847,
0.3460623551123213,
0.3472787369005751,
0.32770309825934985,
0.34363450272248525,
0.4126237459702067,
0.4265290442669746,
0.37055489391383556,
0.3629511742308588
],
"val_loss": [
2.396881341934204,
0.9757550358772278,
0.4862431585788727,
0.45171964168548584,
1.0811541080474854,
0.5062609314918518,
0.38437604904174805,
0.38353341817855835,
0.35878223180770874,
0.38920295238494873,
0.23379196226596832,
0.236227348446846,
0.28801795840263367,
0.2503504157066345,
0.18855638802051544,
0.21716231107711792,
0.21060754358768463,
0.2057635635137558,
0.28321659564971924,
0.2349472939968109,
0.273237943649292,
0.2124462127685547,
0.18001264333724976,
0.17770950496196747,
0.17064829170703888,
0.1796884536743164,
0.3358116149902344,
0.20747363567352295,
0.2691885828971863,
0.2807022035121918,
0.28485730290412903,
0.21234361827373505,
0.1768915355205536,
0.22796110808849335,
0.1784738302230835,
0.20274440944194794,
0.17947083711624146,
0.30049288272857666,
0.2574062645435333,
0.20725016295909882,
0.1993027776479721,
0.20088577270507812,
0.22043940424919128,
0.21068112552165985,
0.20521561801433563,
0.20173393189907074,
0.21384388208389282,
0.21244831383228302,
0.2051442712545395,
0.24027957022190094,
0.21995937824249268,
0.21450433135032654,
0.21547415852546692,
0.20071910321712494,
0.22283753752708435,
0.22252894937992096,
0.2302328497171402,
0.23051214218139648,
0.17916716635227203,
0.18851712346076965,
0.20626625418663025,
0.19808651506900787,
0.1674504578113556,
0.15746749937534332,
0.18637721240520477,
0.21488891541957855,
0.24186526238918304,
0.20059779286384583,
0.22329828143119812,
0.21882693469524384,
0.17394603788852692,
0.18544502556324005,
0.22437864542007446,
0.21781057119369507,
0.21874262392520905,
0.19880583882331848,
0.19317302107810974,
0.1895434707403183,
0.18693216145038605,
0.18708175420761108,
0.17474500834941864,
0.17669063806533813,
0.22517940402030945,
0.18310683965682983,
0.1827126145362854,
0.20948664844036102,
0.20829276740550995,
0.19624513387680054,
0.2716195285320282,
0.16426192224025726,
0.1627117097377777,
0.1740243136882782,
0.16174234449863434,
0.17518295347690582,
0.1715461164712906,
0.1512783318758011,
0.15262094140052795,
0.1535293012857437,
0.17367243766784668,
0.15157750248908997
]
}