{
"epoch": [
1,
2,
3,
4,
5,
6,
7,
8,
9,
10,
11,
12,
13,
14,
15,
16,
17,
18,
19,
20,
21,
22,
23,
24,
25,
26,
27,
28,
29,
30,
31,
32,
33,
34,
35,
36,
37,
38,
39,
40,
41,
42,
43,
44,
45,
46,
47,
48,
49,
50,
51,
52,
53,
54,
55,
56,
57,
58,
59,
60,
61,
62,
63,
64,
65,
66,
67,
68,
69,
70,
71,
72,
73,
74,
75,
76,
77,
78,
79,
80,
81,
82,
83,
84,
85,
86,
87,
88,
89,
90,
91,
92,
93,
94,
95,
96,
97,
98,
99,
100
],
"train_loss": [
24.57284375936678,
11.341124902857413,
25.508132519108234,
10.016982276840965,
8.058770448854654,
6.996809761122901,
6.5353976334675705,
5.482185316557931,
5.228470736210889,
5.744818163390207,
6.030446661580907,
5.567510132742401,
5.619218415553027,
5.767397257361082,
6.0890766417626105,
5.1244155817692825,
7.509899262154456,
5.905927903581373,
5.400449365672499,
5.147521604405771,
4.3799236316492065,
5.175085745235481,
5.444852801832822,
5.545513304153292,
5.5326952320514335,
4.791165979781954,
4.792907880084349,
5.535483690771726,
4.494386295280834,
3.5336212710578843,
4.157313875632711,
4.94226338603709,
4.511423545308633,
3.975886177308489,
4.774241107525212,
3.5484516266548987,
4.650085897728948,
4.366103125090646,
4.8833237024817135,
4.3635337706839685,
5.035572979709889,
6.486346140946492,
4.8005737880669015,
4.55866281112822,
6.2591443675579415,
4.554524125439106,
5.350916532006594,
4.039278987610694,
4.648126547879512,
5.1746999627292745,
4.735782171239947,
4.5577656774237605,
4.033110420302589,
3.5889279110596912,
4.5836062856239845,
4.502519768063385,
4.042991770376073,
4.133380658555739,
3.999657340569071,
4.151745499950825,
4.295301894150158,
3.9906641138662207,
4.717778711035701,
4.9564177966353915,
3.6733628121933135,
6.482495126157704,
4.5279645069991,
5.80024119591949,
5.688476820983509,
4.331189221674853,
4.13208815130857,
4.099102112326292,
4.016111458882247,
4.077013643661348,
3.8422415610587244,
3.8183531430688236,
3.942841340999792,
3.409003744030943,
3.7284827610053637,
5.298406600952148,
3.7310269657928163,
4.184192520557064,
4.13966438557842,
4.0304626096593275,
3.8727362067392557,
3.9046657589992675,
3.823928202732955,
3.686852662870199,
3.8366296692649917,
3.561606531095977,
3.8333786761406623,
4.243477065964501,
3.2547855542437865,
4.144086209854277,
3.1783445861079906,
3.330295424060066,
3.494178741285116,
3.314669153477886,
3.1736690531862846,
3.234112867624453
],
"val_loss": [
1.969537615776062,
3.1104166507720947,
2.472421884536743,
1.0764998197555542,
0.7683295011520386,
1.0205979347229004,
1.0434496402740479,
0.920753002166748,
0.7259048819541931,
0.7392488718032837,
0.7347007393836975,
0.6069062948226929,
0.7478557825088501,
0.8003084659576416,
0.7896600365638733,
0.8369510769844055,
0.775116503238678,
0.6178663969039917,
0.5892651677131653,
0.6059768199920654,
0.6063519716262817,
0.6199140548706055,
0.5526430606842041,
0.5574548840522766,
0.6166044473648071,
0.6061912775039673,
0.50126051902771,
0.48760128021240234,
0.5526226162910461,
0.5244863629341125,
0.537890613079071,
0.5411733388900757,
0.5377203822135925,
0.5499111413955688,
0.5045190453529358,
0.545242190361023,
0.561522364616394,
0.5393233299255371,
0.604077160358429,
0.6584208011627197,
0.7092742323875427,
0.6730640530586243,
0.775402307510376,
0.5912306308746338,
0.5904451608657837,
0.5770271420478821,
0.5444865226745605,
0.5419009327888489,
0.6760348081588745,
0.687900185585022,
0.5769716501235962,
0.5391614437103271,
0.5435518622398376,
0.6267331838607788,
0.5568552613258362,
0.5308217406272888,
0.5492367148399353,
0.7003121376037598,
0.5982546806335449,
0.5426962971687317,
0.6075289845466614,
0.7539926767349243,
0.927773654460907,
1.0340662002563477,
0.7039283514022827,
0.7023494839668274,
0.5682435035705566,
0.637151300907135,
0.6351174712181091,
0.6309205889701843,
0.6736058592796326,
0.533568263053894,
0.5014863014221191,
0.5032110214233398,
0.6177203059196472,
0.575028121471405,
0.5267919301986694,
0.5380243062973022,
0.5716032981872559,
0.5757670402526855,
0.4785727262496948,
0.45186135172843933,
0.5246425271034241,
0.5773903131484985,
0.46440908312797546,
0.4683288037776947,
0.5311205983161926,
0.6991257071495056,
0.5940373539924622,
0.47898054122924805,
0.5008499026298523,
0.5160191655158997,
0.502338171005249,
0.46582576632499695,
0.43251922726631165,
0.45929718017578125,
0.4809442460536957,
0.4636403024196625,
0.43087127804756165,
0.4465324878692627
]
}