{
  "n": 16,
  "pearson_r": 0.660290162250086,
  "pearson_p": 0.0053715271563956534,
  "spearman_r": 0.5411764705882353,
  "spearman_p": 0.03040021888817021,
  "r2": 0.2779658086647596,
  "rmse": 0.6160511126705472,
  "mae": 0.5513117565720882
}