{
  "sspg": {
    "rmse": 69.42008019919321,
    "mae": 49.61853790283203,
    "r2": -0.05684419085380732,
    "pearson_r": 0.3674740950255229,
    "pearson_p": 0.027466880034380255,
    "spearman_r": 0.16067075954997112,
    "spearman_p": 0.3492198168615468,
    "n": 36
  },
  "di": {
    "rmse": 0.9657557844435,
    "mae": 0.8864928583304087,
    "r2": -1.5908840551476162,
    "pearson_r": -0.36028565854407235,
    "pearson_p": 0.24996701762012447,
    "spearman_r": -0.42945425095314044,
    "spearman_p": 0.16354433182391753,
    "n": 12
  }
}