{
"epoch": [
1,
2,
3,
4,
5,
6,
7,
8,
9,
10,
11,
12,
13,
14,
15,
16,
17,
18,
19,
20,
21,
22,
23,
24,
25,
26,
27,
28,
29,
30,
31,
32,
33,
34,
35,
36,
37,
38,
39,
40,
41,
42,
43,
44,
45,
46,
47,
48,
49,
50,
51,
52,
53,
54,
55,
56,
57,
58,
59,
60,
61,
62,
63,
64,
65,
66,
67,
68,
69,
70,
71,
72,
73,
74,
75,
76,
77,
78,
79,
80,
81,
82,
83,
84,
85,
86,
87,
88,
89,
90,
91,
92,
93,
94,
95,
96,
97,
98,
99,
100
],
"train_loss": [
16.857246278777836,
3.4830213287683924,
2.5398369699012577,
1.8385851692965651,
1.4453407526016235,
1.2417671126643504,
1.1888123018535104,
1.269451437972662,
1.1157249897483765,
1.1540209252064622,
1.1499940860928513,
1.1634108447653102,
1.1807945459846436,
1.165238922036539,
1.197890568905928,
1.1822174872000386,
1.1932826032788735,
1.2262495117863332,
1.2995788103013526,
1.2422988170713891,
1.3519670869421772,
1.395816646222993,
1.372868777260067,
1.4524157760650154,
1.40735062839478,
1.450134287668964,
1.5199796928195504,
1.495255878591162,
1.6336420990350677,
1.7457380200934223,
1.6696847470726555,
1.558390693401727,
1.4341150963400293,
1.5914971912939717,
1.3530191793216495,
1.6106885493270995,
1.6606371111757174,
1.8682437327903088,
1.89917783474359,
1.9148264945022704,
1.9318505750866386,
1.8739715542380266,
1.998900914755393,
2.1868282716105303,
2.458248378723625,
2.593151777748048,
2.6906630561107727,
2.8189444954939713,
2.969648817392785,
3.130889648527611,
3.3321345884968916,
3.570840287396288,
3.440190059932198,
3.6905922232650394,
4.025139301780641,
4.54831129359448,
5.150802867619071,
5.324509860962395,
6.2457451820373535,
6.422814365447037,
7.098250336534395,
6.557476456709734,
7.731196745174137,
7.4751070916183355,
7.915128490117591,
8.967636296129601,
8.878826344107079,
9.879597273398572,
9.48406603955847,
10.552617861529974,
11.789267802801659,
10.601477848263237,
11.977889556584396,
13.406400853254663,
14.007688049256332,
15.637620693116677,
16.084523944404182,
16.94865300336222,
17.547693162452518,
20.09233776603158,
21.9189398157315,
22.778890474574773,
22.40293417202206,
25.09030821191983,
26.118039919635443,
25.974267193651574,
26.327367271964004,
28.485426715039832,
31.95151378601555,
34.76304088802788,
37.36847010935385,
38.77596090722272,
40.88979862243172,
42.044449843759615,
43.731421643354764,
45.85866705826887,
47.47786337184155,
48.8087646604523,
50.657637558584135,
54.4973349083127
],
"val_loss": [
0.845899224281311,
0.7255563735961914,
0.4733853042125702,
0.42635178565979004,
0.376348614692688,
0.40386566519737244,
0.5877514481544495,
0.48034635186195374,
0.44027718901634216,
0.3997071087360382,
0.3900527060031891,
0.34726008772850037,
0.3509450852870941,
0.4023610055446625,
0.34359148144721985,
0.3262803852558136,
0.3453467786312103,
0.3373172879219055,
0.3453548550605774,
0.3594243824481964,
0.42111143469810486,
0.35957637429237366,
0.3395642042160034,
0.3333449065685272,
0.4191243648529053,
0.39624348282814026,
0.3585774302482605,
0.30542171001434326,
0.3049730062484741,
0.32802197337150574,
0.32977092266082764,
0.3065459430217743,
0.3045694828033447,
0.283547967672348,
0.35159075260162354,
0.3980306088924408,
0.3079207241535187,
0.2929404079914093,
0.29119768738746643,
0.27657994627952576,
0.27456134557724,
0.3385767638683319,
0.2706974744796753,
0.29537099599838257,
0.29164233803749084,
0.33356741070747375,
0.30192986130714417,
0.29046422243118286,
0.3120824992656708,
0.3008837401866913,
0.29417163133621216,
0.26994892954826355,
0.2583855092525482,
0.27724912762641907,
0.3071553707122803,
0.30662545561790466,
0.3092969059944153,
0.3302389085292816,
0.3079338073730469,
0.2905953824520111,
0.28779610991477966,
0.2877240478992462,
0.3065717816352844,
0.3114553987979889,
0.3342685401439667,
0.27605462074279785,
0.2675054371356964,
0.23578383028507233,
0.2967943251132965,
0.22663825750350952,
0.22893580794334412,
0.306099534034729,
0.24799148738384247,
0.2141914665699005,
0.18048018217086792,
0.2264987677335739,
0.26512032747268677,
0.23281055688858032,
0.1834544837474823,
0.23264509439468384,
0.22783760726451874,
0.1930554360151291,
0.23604203760623932,
0.19466257095336914,
0.18824344873428345,
0.2039666473865509,
0.19127294421195984,
0.22593283653259277,
0.16838490962982178,
0.18789352476596832,
0.18120579421520233,
0.16083493828773499,
0.19504038989543915,
0.19864803552627563,
0.19001036882400513,
0.21078430116176605,
0.19160448014736176,
0.17664451897144318,
0.20410241186618805,
0.18973234295845032
]
}