{
  "model": "RidgeCV",
  "cv_spearman": 0.5702532545617162,
  "cv_pearson": 0.5508732385809764,
  "test_pearson": 0.4083921500723518,
  "test_spearman": 0.5857843137254902,
  "test_r2": 0.1500013602522714,
  "test_rmse": 76.07026263408744
}