{
  "n": 20,
  "pearson_r": 0.6734705023233366,
  "pearson_p": 0.001133756230381523,
  "spearman_r": 0.6872180451127818,
  "spearman_p": 0.0008149369421759723,
  "r2": 0.190038020927065,
  "rmse": 71.83669506086281,
  "mae": 50.76643673204096
}