{
  "n": 16,
  "pearson_r": 0.5917180761955254,
  "pearson_p": 0.01575557957857393,
  "spearman_r": 0.5441176470588236,
  "spearman_p": 0.029336337481376578,
  "r2": 0.2703089445842667,
  "rmse": 0.6193089777895797,
  "mae": 0.5418582333915084
}