{
  "shap_10d_share": 94.37471084189036,
  "shap_16d_share": 5.625289158109649
}