{
"epoch": [
1,
2,
3,
4,
5,
6,
7,
8,
9,
10,
11,
12,
13,
14,
15,
16,
17,
18,
19,
20,
21,
22,
23,
24,
25,
26,
27,
28,
29,
30,
31,
32,
33,
34,
35,
36,
37,
38,
39,
40,
41,
42,
43,
44,
45,
46,
47,
48,
49,
50,
51,
52,
53,
54,
55,
56,
57,
58,
59,
60,
61,
62,
63,
64,
65,
66,
67,
68,
69,
70,
71,
72,
73,
74,
75,
76,
77,
78,
79,
80,
81,
82,
83,
84,
85,
86,
87,
88,
89,
90,
91,
92,
93,
94,
95,
96,
97,
98,
99,
100
],
"recon_loss": [
7.115147089029287,
1.2869971154572128,
1.0075395331754313,
0.5427208767308818,
0.6529809553901871,
0.45722757260520736,
0.44057278973715647,
0.413441439340641,
0.3733722381777578,
0.377088395806102,
0.3667740136772007,
0.35985365897030025,
0.34086907103464203,
0.33033469706386714,
0.3364215675112489,
0.31943984890913035,
0.3057647533230967,
0.3231929432262074,
0.34503943463424586,
0.32488199255683203,
0.3284932893592042,
0.3247932648503935,
0.3450254194148175,
0.3586767122342989,
0.3509877858223853,
0.3363280350511724,
0.33037993698925167,
0.32347449389371,
0.3152107712510344,
0.30138751980546236,
0.29263418796774626,
0.2953473710781568,
0.3169705140126216,
0.3344883620738983,
0.3507431350745164,
0.39283500360204027,
0.3185339407487349,
0.31654577673255624,
0.29575648284577705,
0.29292060725100627,
0.276741283667552,
0.2946868461447877,
0.31037692822419205,
0.30430549267050505,
0.28992867585900545,
0.2950929929683735,
0.3115993898797345,
0.32201017613534805,
0.3055762996921292,
0.29236246161646656,
0.310720921530352,
0.29669758522665346,
0.29042135198394975,
0.29876427371780595,
0.29000712582817323,
0.29920256679708307,
0.2825829065465308,
0.29098306073770897,
0.2724570771316429,
0.2724206108938564,
0.27779437698327103,
0.29767747397546646,
0.2964896966110576,
0.33544261811615583,
0.32979902625083923,
0.3167953419607955,
0.3065004731927599,
0.3030365388114731,
0.3052930131361082,
0.2870484408620116,
0.29077310685987595,
0.28337113346372333,
0.2878906854561397,
0.2852245755009837,
0.28608170500049346,
0.2948090275386711,
0.27684386577699094,
0.2702785467172598,
0.26588502526283264,
0.2602164524716216,
0.26384018032581774,
0.26576382773263113,
0.27752047912641004,
0.2748580811085639,
0.2632311979284534,
0.27365304665132,
0.2576225334173673,
0.2600410990900808,
0.27128353250491155,
0.2657167346446545,
0.26548154342484165,
0.2743005152646597,
0.2666291611922252,
0.27254064806870054,
0.26511829472207404,
0.2721553990593204,
0.2622293975059088,
0.26530270684849133,
0.2699374519772344,
0.28084229803704597
],
"sspg_loss": [
0.0,
0.0,
0.0,
0.0,
0.0,
0.0,
0.0,
0.0,
0.0,
0.0,
0.0,
0.0,
0.0,
0.0,
0.0,
0.0,
0.0,
0.0,
0.0,
0.0,
0.0,
0.0,
0.0,
0.0,
0.0,
0.0,
0.0,
0.0,
0.0,
0.0,
0.0,
0.0,
0.0,
0.0,
0.0,
0.0,
0.0,
0.0,
0.0,
0.0,
0.0,
0.0,
0.0,
0.0,
0.0,
0.0,
0.0,
0.0,
0.0,
0.0,
0.0,
0.0,
0.0,
0.0,
0.0,
0.0,
0.0,
0.0,
0.0,
0.0,
0.0,
0.0,
0.0,
0.0,
0.0,
0.0,
0.0,
0.0,
0.0,
0.0,
0.0,
0.0,
0.0,
0.0,
0.0,
0.0,
0.0,
0.0,
0.0,
0.0,
0.0,
0.0,
0.0,
0.0,
0.0,
0.0,
0.0,
0.0,
0.0,
0.0,
0.0,
0.0,
0.0,
0.0,
0.0,
0.0,
0.0,
0.0,
0.0,
0.0
],
"di_loss": [
0.0,
0.0,
0.0,
0.0,
0.0,
0.0,
0.0,
0.0,
0.0,
0.0,
0.0,
0.0,
0.0,
0.0,
0.0,
0.0,
0.0,
0.0,
0.0,
0.0,
0.0,
0.0,
0.0,
0.0,
0.0,
0.0,
0.0,
0.0,
0.0,
0.0,
0.0,
0.0,
0.0,
0.0,
0.0,
0.0,
0.0,
0.0,
0.0,
0.0,
0.0,
0.0,
0.0,
0.0,
0.0,
0.0,
0.0,
0.0,
0.0,
0.0,
0.0,
0.0,
0.0,
0.0,
0.0,
0.0,
0.0,
0.0,
0.0,
0.0,
0.0,
0.0,
0.0,
0.0,
0.0,
0.0,
0.0,
0.0,
0.0,
0.0,
0.0,
0.0,
0.0,
0.0,
0.0,
0.0,
0.0,
0.0,
0.0,
0.0,
0.0,
0.0,
0.0,
0.0,
0.0,
0.0,
0.0,
0.0,
0.0,
0.0,
0.0,
0.0,
0.0,
0.0,
0.0,
0.0,
0.0,
0.0,
0.0,
0.0
],
"si_cv": [
0.01126965880393982,
0.0482584647834301,
0.2107704132795334,
0.3059118986129761,
0.32297563552856445,
0.2489379644393921,
0.321627676486969,
0.4869900047779083,
0.36203038692474365,
0.3508490324020386,
0.29885101318359375,
0.30828729271888733,
0.26630935072898865,
0.27333447337150574,
0.27787625789642334,
0.24908633530139923,
0.24737627804279327,
0.2462424635887146,
0.22153422236442566,
0.1986202746629715,
0.1807420551776886,
0.14872688055038452,
0.15559715032577515,
0.15952183306217194,
0.15997011959552765,
0.16692125797271729,
0.1621599793434143,
0.16784486174583435,
0.16674381494522095,
0.15212668478488922,
0.14465679228305817,
0.13568522036075592,
0.11831500381231308,
0.11557227373123169,
0.12601789832115173,
0.14467567205429077,
0.17215527594089508,
0.20527374744415283,
0.19901961088180542,
0.19703590869903564,
0.20415200293064117,
0.21374468505382538,
0.21110665798187256,
0.21183668076992035,
0.219956174492836,
0.2196584790945053,
0.23102861642837524,
0.2594142556190491,
0.27663376927375793,
0.26305076479911804,
0.27096837759017944,
0.2820988893508911,
0.2740257978439331,
0.275738388299942,
0.275253564119339,
0.2766563892364502,
0.27916914224624634,
0.27833324670791626,
0.27291011810302734,
0.25534120202064514,
0.24159377813339233,
0.23893368244171143,
0.23960891366004944,
0.23582646250724792,
0.22928187251091003,
0.2296605408191681,
0.2345508337020874,
0.2386721819639206,
0.24194228649139404,
0.24500088393688202,
0.2485637366771698,
0.24989508092403412,
0.24765346944332123,
0.24262335896492004,
0.23807840049266815,
0.23767951130867004,
0.2375037521123886,
0.23615549504756927,
0.23423196375370026,
0.23296067118644714,
0.23102208971977234,
0.2295728474855423,
0.22929884493350983,
0.23047016561031342,
0.23101311922073364,
0.23029035329818726,
0.22951483726501465,
0.22942444682121277,
0.22953513264656067,
0.22964610159397125,
0.22957344353199005,
0.22971640527248383,
0.22963915765285492,
0.22956551611423492,
0.22959446907043457,
0.2296525537967682,
0.2296176701784134,
0.22961381077766418,
0.22962011396884918,
0.22961989045143127
],
"mi_cv": [
0.02514473907649517,
0.032915275543928146,
0.14537353813648224,
0.2707383632659912,
0.2675742506980896,
0.20391817390918732,
0.256051629781723,
0.3683726489543915,
0.2730656862258911,
0.2451297789812088,
0.21626560389995575,
0.20441406965255737,
0.17125654220581055,
0.16861000657081604,
0.17409148812294006,
0.16878174245357513,
0.17048956453800201,
0.172617107629776,
0.15950827300548553,
0.14017488062381744,
0.1306706815958023,
0.13781370222568512,
0.15576104819774628,
0.14583222568035126,
0.14382699131965637,
0.1561126857995987,
0.14202064275741577,
0.13898715376853943,
0.13169555366039276,
0.12311485409736633,
0.1245339885354042,
0.11645763367414474,
0.10065491497516632,
0.09324692189693451,
0.08996192365884781,
0.10183583945035934,
0.12183260172605515,
0.14106157422065735,
0.1435413807630539,
0.14470148086547852,
0.14835605025291443,
0.14823433756828308,
0.1447344869375229,
0.14304707944393158,
0.1441275030374527,
0.14433960616588593,
0.14786703884601593,
0.16118109226226807,
0.17444898188114166,
0.17233291268348694,
0.176925390958786,
0.18300476670265198,
0.17842203378677368,
0.1784736067056656,
0.17909133434295654,
0.18060897290706635,
0.1815321296453476,
0.18046583235263824,
0.17676444351673126,
0.1672898381948471,
0.15899977087974548,
0.15575595200061798,
0.15392853319644928,
0.15109342336654663,
0.1493956446647644,
0.15202854573726654,
0.15667714178562164,
0.16140848398208618,
0.16559545695781708,
0.16898567974567413,
0.17177505791187286,
0.17277531325817108,
0.17093412578105927,
0.16734308004379272,
0.1636907458305359,
0.1617766171693802,
0.16003255546092987,
0.15827064216136932,
0.15710052847862244,
0.15653137862682343,
0.15548989176750183,
0.15464621782302856,
0.15456630289554596,
0.15499767661094666,
0.15503573417663574,
0.1544572114944458,
0.15398886799812317,
0.15390002727508545,
0.15408416092395782,
0.15424776077270508,
0.15436653792858124,
0.15455278754234314,
0.1546323597431183,
0.15467214584350586,
0.1547440141439438,
0.1547900140285492,
0.1547858864068985,
0.1548047959804535,
0.15482549369335175,
0.1548365205526352
]
}