{
"epoch": [
1,
2,
3,
4,
5,
6,
7,
8,
9,
10,
11,
12,
13,
14,
15,
16,
17,
18,
19,
20,
21,
22,
23,
24,
25,
26,
27,
28,
29,
30,
31,
32,
33,
34,
35,
36,
37,
38,
39,
40,
41,
42,
43,
44,
45,
46,
47,
48,
49,
50,
51,
52,
53,
54,
55,
56,
57,
58,
59,
60,
61,
62,
63,
64,
65,
66,
67,
68,
69,
70,
71,
72,
73,
74,
75,
76,
77,
78,
79,
80,
81,
82,
83,
84,
85,
86,
87,
88,
89,
90,
91,
92,
93,
94,
95,
96,
97,
98,
99,
100
],
"train_loss": [
7.167969511700915,
1.3449734147492942,
1.0831383118381748,
0.6187567927620627,
0.7243170842721864,
0.526517443842702,
0.5073583590519892,
0.47834326539720806,
0.4383398820827534,
0.4406256393178717,
0.42964745883817795,
0.4221097586990951,
0.4014171501258751,
0.3888055113228885,
0.39419281018244756,
0.37866597864534945,
0.3651010916604624,
0.3839944186922792,
0.40875845915311343,
0.3878107136720187,
0.39238297939300537,
0.3894129627710813,
0.4104247008051191,
0.4246002335052986,
0.41677349031745614,
0.39894392621981634,
0.3910375191019727,
0.38130962151985665,
0.3726743451960675,
0.35754369605671277,
0.3480663407932628,
0.3518924999546695,
0.374082266510307,
0.3925103827730402,
0.40886414205873167,
0.44854305936144545,
0.37323966738465547,
0.3717324168651135,
0.35251759611941,
0.3507705148938414,
0.33549927310510114,
0.3547697229818864,
0.3702494362732033,
0.3635340255576295,
0.35035969955580576,
0.35819033446250026,
0.37625220998541103,
0.3859771625562148,
0.36829530573510505,
0.35270741968959957,
0.3693840488210901,
0.3549074495767618,
0.3487763021673475,
0.35672583053638407,
0.3482577351780681,
0.3579259185821979,
0.34136209704659204,
0.34956494128549254,
0.3309189421789987,
0.33048121495680377,
0.3348073967091449,
0.3538883665165344,
0.3530441727731135,
0.39324823757270716,
0.38904343061632923,
0.37737277150154114,
0.36746080587436625,
0.3637664132304006,
0.36579874854583244,
0.3472360798290798,
0.3504283505600768,
0.34252591024745593,
0.3465960149641161,
0.34364041763466674,
0.3444988181838742,
0.353334990027663,
0.3352375332411234,
0.32844816361154827,
0.32395423910060483,
0.31827519930802384,
0.32206924782170876,
0.32412188006685927,
0.3358721829854049,
0.3330423975145662,
0.3211559761654247,
0.33129219033501367,
0.3151330444719884,
0.317504181490316,
0.3287439288257004,
0.32319933214744967,
0.3229875909043597,
0.3318303610597338,
0.32421034806734556,
0.33017564555267237,
0.32279715174204343,
0.32985838628434516,
0.3199382261796431,
0.32301098108291626,
0.3276472877372395,
0.33855179765007715
],
"val_loss": [
1.6529228687286377,
1.6948233842849731,
0.4936143755912781,
0.8170799612998962,
0.525172770023346,
0.48356589674949646,
0.44619476795196533,
0.44815871119499207,
0.3875862956047058,
0.3832567632198334,
0.3950252830982208,
0.3782195448875427,
0.32867708802223206,
0.326179176568985,
0.3193560838699341,
0.300977498292923,
0.3105488717556,
0.3491346538066864,
0.3599286675453186,
0.359141081571579,
0.3646145164966583,
0.3590449094772339,
0.35090118646621704,
0.3808034360408783,
0.34025537967681885,
0.37087827920913696,
0.37526223063468933,
0.342469185590744,
0.3529762923717499,
0.3539411723613739,
0.35851341485977173,
0.3620598316192627,
0.3989901840686798,
0.3891698122024536,
0.4504750669002533,
0.36623749136924744,
0.38580235838890076,
0.31492799520492554,
0.3044738173484802,
0.32322266697883606,
0.32952967286109924,
0.34850478172302246,
0.3391002416610718,
0.3370198905467987,
0.3655162453651428,
0.39030981063842773,
0.3927121162414551,
0.3933754861354828,
0.33969736099243164,
0.3437983989715576,
0.31892821192741394,
0.31777262687683105,
0.3020598590373993,
0.29620206356048584,
0.30045220255851746,
0.3107851445674896,
0.3111075162887573,
0.2929839491844177,
0.28956806659698486,
0.2900671362876892,
0.312105268239975,
0.33329999446868896,
0.35431355237960815,
0.37693488597869873,
0.3849619925022125,
0.3537091016769409,
0.33523404598236084,
0.32448694109916687,
0.3148675858974457,
0.3149329721927643,
0.3244493305683136,
0.32527726888656616,
0.31966695189476013,
0.3203886151313782,
0.31681448221206665,
0.303921639919281,
0.29649755358695984,
0.29390349984169006,
0.28997093439102173,
0.29092299938201904,
0.29211774468421936,
0.2958221137523651,
0.29621464014053345,
0.2935859262943268,
0.29070428013801575,
0.2897407114505768,
0.2919645309448242,
0.2908227741718292,
0.28986167907714844,
0.2884375751018524,
0.2894456088542938,
0.29301854968070984,
0.28870001435279846,
0.28850892186164856,
0.2903662323951721,
0.29175040125846863,
0.2910890579223633,
0.29095926880836487,
0.2909691631793976,
0.29094505310058594
]
}