{
  "sspg": {
    "n": 32,
    "pearson_r": 0.35679120220548854,
    "pearson_p": 0.04501257932559243,
    "spearman_r": 0.34812099576689876,
    "spearman_p": 0.05088101124722957,
    "r2": -0.18600064308873931,
    "rmse": 82.10675686362332,
    "mae": 66.90938901901245,
    "true_mean": 134.0625,
    "true_std": 75.39393937015096,
    "pred_mean": 101.32163095474243,
    "pred_std": 0.2744696760349769
  },
  "di": {
    "n": 32,
    "pearson_r": 0.4593210124231991,
    "pearson_p": 0.008180126173242555,
    "spearman_r": 0.3746677680477746,
    "spearman_p": 0.03462107909932467,
    "r2": -1.3478001410844507,
    "rmse": 1.4723029414137396,
    "mae": 1.3063615009188654,
    "true_mean": 1.6421875000000001,
    "true_std": 0.9608743881713936,
    "pred_mean": 2.7639276161789894,
    "pred_std": 0.016043887669274788
  }
}