{
  "sspg": {
    "spearman_r": 0.3243374865704013,
    "rmse": NaN,
    "n": 7
  },
  "di": {
    "spearman_r": -0.3714285714285715,
    "rmse": NaN,
    "n": 6
  }
}