{
"epoch": [
1,
2,
3,
4,
5,
6,
7,
8,
9,
10,
11,
12,
13,
14,
15,
16,
17,
18,
19,
20,
21,
22,
23,
24,
25,
26,
27,
28,
29,
30,
31,
32,
33,
34,
35,
36,
37,
38,
39,
40,
41,
42,
43,
44,
45,
46,
47,
48,
49,
50,
51,
52,
53,
54,
55,
56,
57,
58,
59,
60,
61,
62,
63,
64,
65,
66,
67,
68,
69,
70,
71,
72,
73,
74,
75,
76,
77,
78,
79,
80,
81,
82,
83,
84,
85,
86,
87,
88,
89,
90,
91,
92,
93,
94,
95,
96,
97,
98,
99,
100
],
"train_loss": [
975.8433233582148,
417.97439061533106,
317.25401948230103,
513.805789305432,
333.72338625464107,
308.49169075843133,
261.9391397910543,
313.3705043981571,
280.3915103119199,
331.74623727326343,
271.760819916678,
197.98710768293626,
196.31315729877736,
256.25914077003404,
258.3301319084545,
228.8124143392733,
226.406843279848,
334.1664471012531,
252.70726118937577,
254.3942083981958,
248.9913112527073,
236.6888442842087,
239.1401553012357,
217.16719886099938,
235.18521964195932,
255.10589418316832,
225.28498009407875,
219.88350805905785,
217.24507815294928,
239.3191058470471,
214.81686854598547,
198.56502600943688,
256.0156132159847,
208.0987458937239,
211.51453467642907,
230.42750201839033,
271.74820112473896,
258.88633017964884,
196.25972090617265,
217.4153088862353,
231.37584482325187,
212.32126980016727,
199.4087353319225,
198.76188108236482,
224.44778140228573,
236.3382864470529,
213.19179361173423,
209.7714043041267,
197.58284009801278,
190.31022236134746,
204.88195619488707,
182.04153699213916,
232.53669727438748,
187.97328306896853,
198.6044805545618,
224.57366520343442,
169.26333803233533,
201.26510246201317,
205.12845966603496,
202.81972964447323,
188.27063592589727,
181.92621984576235,
181.48997119865794,
172.3761876927744,
279.49023679223393,
200.07511199346862,
170.4013836313002,
164.3372842014426,
179.24400153962694,
185.44717180610883,
208.97565543297495,
198.32474468722202,
192.25214076278235,
187.5711530930925,
232.30024545499595,
188.95101029802078,
199.69829929465115,
167.69703863162806,
199.11774914807611,
209.15279803889814,
210.90717285458405,
183.9005873274095,
174.41595534522935,
192.65963063381687,
178.2300020727781,
189.35167777184213,
191.41004868309096,
183.0216905858257,
192.9937348318572,
170.46155842696086,
170.9703170958132,
225.01345432394803,
193.8144746912588,
232.1713480430074,
192.4663865495436,
193.40902619314664,
170.37083540812577,
220.4372915135752,
210.78350981155245,
166.55051505211557
],
"val_loss": [
1.9310481548309326,
2.272068500518799,
6.902226448059082,
2.021503210067749,
1.5847722291946411,
1.915041208267212,
1.5438708066940308,
1.5701494216918945,
1.193854570388794,
1.0408164262771606,
0.9374167919158936,
1.0024241209030151,
1.0111265182495117,
0.975943386554718,
0.9106965661048889,
1.0089154243469238,
0.8996797800064087,
1.5802174806594849,
1.0498299598693848,
1.055428147315979,
1.1795713901519775,
1.3500171899795532,
0.9686429500579834,
1.1389235258102417,
1.5547211170196533,
1.3155299425125122,
1.5667610168457031,
1.3465200662612915,
1.1142127513885498,
1.1650439500808716,
0.8404023051261902,
1.142824411392212,
0.9803529977798462,
1.0620876550674438,
1.4200844764709473,
0.8955038785934448,
1.2493408918380737,
1.77579665184021,
1.2991694211959839,
1.1833149194717407,
1.4080945253372192,
1.2005395889282227,
1.1558398008346558,
1.1371690034866333,
1.0897343158721924,
0.9717125296592712,
1.2120543718338013,
1.0761677026748657,
1.0872513055801392,
1.0618746280670166,
1.0459192991256714,
1.139973521232605,
1.0006760358810425,
0.9944282174110413,
1.3009945154190063,
1.7521183490753174,
1.0662391185760498,
1.0763887166976929,
1.0831724405288696,
1.275604009628296,
1.1545567512512207,
1.070335030555725,
1.0403777360916138,
1.0627450942993164,
1.0585769414901733,
1.038774013519287,
1.0125375986099243,
1.003150224685669,
0.9965947866439819,
1.0180792808532715,
1.0072681903839111,
0.9564865231513977,
1.0307999849319458,
1.02870774269104,
1.0518840551376343,
1.0275732278823853,
1.0629026889801025,
0.984314501285553,
1.075710415840149,
1.185921549797058,
1.0904501676559448,
1.203400731086731,
1.2205947637557983,
1.4461588859558105,
1.0679171085357666,
1.2965251207351685,
1.1110234260559082,
1.0068507194519043,
0.9631983041763306,
0.8228693008422852,
0.855951726436615,
0.8486918807029724,
0.8979508280754089,
0.8706637024879456,
0.8064203858375549,
0.8118386268615723,
0.819312572479248,
0.9208521246910095,
1.0403019189834595,
1.025037169456482
]
}