{
"epoch": [
1,
2,
3,
4,
5,
6,
7,
8,
9,
10,
11,
12,
13,
14,
15,
16,
17,
18,
19,
20,
21,
22,
23,
24,
25,
26,
27,
28,
29,
30,
31,
32,
33,
34,
35,
36,
37,
38,
39,
40,
41,
42,
43,
44,
45,
46,
47,
48,
49,
50,
51,
52,
53,
54,
55,
56,
57,
58,
59,
60,
61,
62,
63,
64,
65,
66,
67,
68,
69,
70,
71,
72,
73,
74,
75,
76,
77,
78,
79,
80,
81,
82,
83,
84,
85,
86,
87,
88,
89,
90,
91,
92,
93,
94,
95,
96,
97,
98,
99,
100
],
"train_loss": [
982.771255342087,
876.3217604231127,
840.3462228302908,
784.1683751474512,
705.5792083740234,
661.6290216729193,
602.8628969098081,
543.3466027137076,
457.40779506570044,
491.0211967241646,
354.81836945939773,
297.51783253886913,
272.2315268941445,
252.5308922493812,
232.4755487725286,
238.29036297184405,
232.00174796227182,
244.6562190291905,
228.31753725108533,
256.71545470587097,
244.7562593516737,
253.25980853090192,
230.73551351717202,
212.55362331277072,
219.10055390915068,
257.80632940613395,
265.34360254873144,
232.96557012879023,
261.0910594298108,
224.71496098584467,
235.19446465520576,
239.19047138478496,
234.46605893881014,
253.32957307418974,
237.34465389440555,
242.2564558274675,
219.53161182970103,
234.26253112944045,
216.92927566377244,
224.7550740761332,
241.84809467580058,
235.59855908686572,
249.34164942373144,
247.60784473985728,
257.6509653223623,
230.20836261711497,
244.6129506932627,
252.27166974662555,
243.70456385848547,
247.0291507834255,
213.28323605981203,
231.21242379670096,
243.44359762361734,
237.38879515392946,
240.68669290825872,
234.03811449107556,
245.8016505477452,
243.67133686330058,
223.41423435022335,
228.40107742158494,
221.04292433332688,
231.71856145575495,
240.7704346911742,
236.7823347337175,
243.16118115717822,
230.1396390707186,
241.7774794927918,
261.94756929001005,
231.01701385195892,
213.06769523998298,
217.3891871990544,
226.28732904113164,
252.6810387337562,
234.85021217270653,
219.9119017950379,
240.4197861322082,
221.4789187742932,
244.06259850228187,
238.29332113738107,
248.759380453884,
227.49716700185644,
230.8003295294129,
245.47984661442217,
228.89852648442334,
251.0993211198561,
216.7795436594746,
243.268096772751,
236.79740271237816,
233.67003518283957,
222.29085518109918,
212.0074215124149,
245.78276439704518,
235.73198639520325,
263.17704803164645,
225.0639556280457,
227.68452438505568,
246.89741017558788,
238.89877213581954,
242.85433778668394,
232.0358445573561
],
"val_loss": [
0.41724061965942383,
0.41724061965942383,
0.41724061965942383,
0.41724061965942383,
0.41724061965942383,
0.41724061965942383,
0.41724061965942383,
0.41724061965942383,
0.41724061965942383,
0.41724061965942383,
0.41724061965942383,
0.41724061965942383,
0.41724061965942383,
0.41724061965942383,
0.41724061965942383,
0.41724061965942383,
0.41724061965942383,
0.41724061965942383,
0.41724061965942383,
0.41724061965942383,
0.41724061965942383,
0.41724061965942383,
0.41724061965942383,
0.41724061965942383,
0.41724061965942383,
0.41724061965942383,
0.41724061965942383,
0.41724061965942383,
0.41724061965942383,
0.41724061965942383,
0.41724061965942383,
0.41724061965942383,
0.41724061965942383,
0.41724061965942383,
0.41724061965942383,
0.41724061965942383,
0.41724061965942383,
0.41724061965942383,
0.41724061965942383,
0.41724061965942383,
0.41724061965942383,
0.41724061965942383,
0.41724061965942383,
0.41724061965942383,
0.41724061965942383,
0.41724061965942383,
0.41724061965942383,
0.41724061965942383,
0.41724061965942383,
0.41724061965942383,
0.41724061965942383,
0.41724061965942383,
0.41724061965942383,
0.41724061965942383,
0.41724061965942383,
0.41724061965942383,
0.41724061965942383,
0.41724061965942383,
0.41724061965942383,
0.41724061965942383,
0.41724061965942383,
0.41724061965942383,
0.41724061965942383,
0.41724061965942383,
0.41724061965942383,
0.41724061965942383,
0.41724061965942383,
0.41724061965942383,
0.41724061965942383,
0.41724061965942383,
0.41724061965942383,
0.41724061965942383,
0.41724061965942383,
0.41724061965942383,
0.41724061965942383,
0.41724061965942383,
0.41724061965942383,
0.41724061965942383,
0.41724061965942383,
0.41724061965942383,
0.41724061965942383,
0.41724061965942383,
0.41724061965942383,
0.41724061965942383,
0.41724061965942383,
0.41724061965942383,
0.41724061965942383,
0.41724061965942383,
0.41724061965942383,
0.41724061965942383,
0.41724061965942383,
0.41724061965942383,
0.41724061965942383,
0.41724061965942383,
0.41724061965942383,
0.41724061965942383,
0.41724061965942383,
0.41724061965942383,
0.41724061965942383,
0.41724061965942383
]
}