{
  "icc_sspg": 0.572897713973972,
  "icc_di": 0.6402427537349146
}