{
"epoch": [
1,
2,
3,
4,
5,
6,
7,
8,
9,
10,
11,
12,
13,
14,
15,
16,
17,
18,
19,
20,
21,
22,
23,
24,
25,
26,
27,
28,
29,
30,
31,
32,
33,
34,
35,
36,
37,
38,
39,
40,
41,
42,
43,
44,
45,
46,
47,
48,
49,
50,
51,
52,
53,
54,
55,
56,
57,
58,
59,
60,
61,
62,
63,
64,
65,
66,
67,
68,
69,
70,
71,
72,
73,
74,
75,
76,
77,
78,
79,
80,
81,
82,
83,
84,
85,
86,
87,
88,
89,
90,
91,
92,
93,
94,
95,
96,
97,
98,
99,
100
],
"train_loss": [
4.231059761790486,
1.7999294655663627,
1.7881482111943232,
1.7905815251461872,
1.515859823722344,
1.1810206879268994,
1.3319740992087823,
1.0142259226216899,
0.8871841469368378,
0.795765469600628,
0.9049208257105443,
0.6215918048635706,
0.6977262922695705,
0.8477283824573864,
0.7238538737420912,
0.624846263365312,
0.6691835607801165,
0.5989440338952201,
0.5665334579232452,
0.6072855100229189,
0.5633545401808503,
0.5786446348413244,
0.5505573780505688,
0.5048194132842027,
0.5780435750236759,
0.6095936592523153,
0.5342746570512846,
0.497592076465681,
0.4761035705541635,
0.5030361390733099,
0.544869379176722,
0.5058458083635801,
0.48625812902079,
0.49780007384040137,
0.49754970220776346,
0.4553102336146615,
0.47444027043008186,
0.4610903414038869,
0.44642609241720915,
0.4894719131581195,
0.4790256348523227,
0.5243672291179756,
0.5016158571490994,
0.4907920132209728,
0.4105710406582077,
0.45591778956450424,
0.4400809825240792,
0.43990761041641235,
0.47135658155788074,
0.45917032330067126,
0.4377864459892372,
0.45667164279268935,
0.4729968131362618,
0.45204568915552906,
0.4447260982804484,
0.44255788256595663,
0.4314924447567432,
0.423520421052908,
0.44251512397419324,
0.439722533349867,
0.468404995156573,
0.43464509736407886,
0.42966542692927573,
0.44291238931866433,
0.4600174972763309,
0.4500027291186444,
0.43087107755921106,
0.41308907177541165,
0.4127791736807142,
0.4614453466681691,
0.4568625905297019,
0.4272712925811867,
0.409980425199905,
0.45287932513596174,
0.4137675015183238,
0.4414227535198261,
0.47793360964044346,
0.44457601572011973,
0.4904196811960889,
0.4663441080551643,
0.4660886421606138,
0.4535674855306551,
0.42129449488280657,
0.44647797206779577,
0.4653894177504948,
0.4098036378235012,
0.4264530435010984,
0.44249095003326216,
0.439640635019773,
0.4289955907053762,
0.45767941722622163,
0.44422826248329955,
0.45808119394562463,
0.46179757102743374,
0.423835536489239,
0.4309077696366744,
0.409094714112096,
0.4332536935032188,
0.4385464566868621,
0.44403551073817465
],
"val_loss": [
0.12077275663614273,
0.12077275663614273,
0.12077275663614273,
0.12077275663614273,
0.12077275663614273,
0.12077275663614273,
0.12077275663614273,
0.12077275663614273,
0.12077275663614273,
0.12077275663614273,
0.12077275663614273,
0.12077275663614273,
0.12077275663614273,
0.12077275663614273,
0.12077275663614273,
0.12077275663614273,
0.12077275663614273,
0.12077275663614273,
0.12077275663614273,
0.12077275663614273,
0.12077275663614273,
0.12077275663614273,
0.12077275663614273,
0.12077275663614273,
0.12077275663614273,
0.12077275663614273,
0.12077275663614273,
0.12077275663614273,
0.12077275663614273,
0.12077275663614273,
0.12077275663614273,
0.12077275663614273,
0.12077275663614273,
0.12077275663614273,
0.12077275663614273,
0.12077275663614273,
0.12077275663614273,
0.12077275663614273,
0.12077275663614273,
0.12077275663614273,
0.12077275663614273,
0.12077275663614273,
0.12077275663614273,
0.12077275663614273,
0.12077275663614273,
0.12077275663614273,
0.12077275663614273,
0.12077275663614273,
0.12077275663614273,
0.12077275663614273,
0.12077275663614273,
0.12077275663614273,
0.12077275663614273,
0.12077275663614273,
0.12077275663614273,
0.12077275663614273,
0.12077275663614273,
0.12077275663614273,
0.12077275663614273,
0.12077275663614273,
0.12077275663614273,
0.12077275663614273,
0.12077275663614273,
0.12077275663614273,
0.12077275663614273,
0.12077275663614273,
0.12077275663614273,
0.12077275663614273,
0.12077275663614273,
0.12077275663614273,
0.12077275663614273,
0.12077275663614273,
0.12077275663614273,
0.12077275663614273,
0.12077275663614273,
0.12077275663614273,
0.12077275663614273,
0.12077275663614273,
0.12077275663614273,
0.12077275663614273,
0.12077275663614273,
0.12077275663614273,
0.12077275663614273,
0.12077275663614273,
0.12077275663614273,
0.12077275663614273,
0.12077275663614273,
0.12077275663614273,
0.12077275663614273,
0.12077275663614273,
0.12077275663614273,
0.12077275663614273,
0.12077275663614273,
0.12077275663614273,
0.12077275663614273,
0.12077275663614273,
0.12077275663614273,
0.12077275663614273,
0.12077275663614273,
0.12077275663614273
]
}