{
  "sspg": {
    "rmse": 78.09687326461513,
    "mae": 60.914088657924104,
    "r2": -0.4501143133734371,
    "pearson_r": -0.0548852519475025,
    "pearson_p": 0.9069641803730647,
    "spearman_r": -0.28571428571428575,
    "spearman_p": 0.5345092286010406,
    "n": 7
  },
  "di": {
    "rmse": 0.6780758031102558,
    "mae": 0.627758800983429,
    "r2": 0.2640688194778822,
    "pearson_r": 0.7888293178415103,
    "pearson_p": 0.06218121237146513,
    "spearman_r": 0.7142857142857143,
    "spearman_p": 0.1107871720116617,
    "n": 6
  }
}