{
"epoch": [
1,
2,
3,
4,
5,
6,
7,
8,
9,
10,
11,
12,
13,
14,
15,
16,
17,
18,
19,
20,
21,
22,
23,
24,
25,
26,
27,
28,
29,
30,
31,
32,
33,
34,
35,
36,
37,
38,
39,
40,
41,
42,
43,
44,
45,
46,
47,
48,
49,
50,
51,
52,
53,
54,
55,
56,
57,
58,
59,
60,
61,
62,
63,
64,
65,
66,
67,
68,
69,
70,
71,
72,
73,
74,
75,
76,
77,
78,
79,
80,
81,
82,
83,
84,
85,
86,
87,
88,
89,
90,
91,
92,
93,
94,
95,
96,
97,
98,
99,
100
],
"train_loss": [
63.50767291418396,
7.429065109479545,
4.427556835778869,
2.1056312735718077,
1.1636555295179385,
0.987298333998954,
1.0921544184779177,
0.9263343150072759,
0.9039497316473781,
0.8612403710289757,
0.8133474069066567,
1.051155421403375,
0.6743313982935235,
0.6458073432492738,
0.5414735810591442,
0.5278864674048849,
0.5088368536222099,
0.4238860548132717,
0.45070336655815046,
0.3910793434865404,
0.41042560693061,
0.42611783683890164,
0.5678486413884871,
0.547208423956786,
0.5318517749852473,
0.4813528332379785,
0.4463902390239262,
0.48390235641215107,
0.5223961622998265,
0.6012033802447933,
0.5267178858860885,
0.5136963205762429,
0.5715272686269024,
0.5013748870627714,
0.48932632331800935,
0.5316222038599524,
0.4812107965497687,
0.4924846983487063,
0.49422366902379705,
0.48227254205411024,
0.4896574918881501,
0.5809931403929645,
1.988042013184859,
0.4550714135760128,
0.47182749019991055,
0.47983991244051716,
0.474388589363287,
0.46064394240332124,
0.43288455387153246,
0.4559658653665297,
0.4860798188365332,
0.46932680654053643,
0.43150297338419624,
0.4484561835185136,
0.4286757034830528,
0.44571328045117975,
0.4711183150215904,
0.4229963536899869,
0.4386210955015504,
0.4515276279779944,
0.42075878912859627,
0.48795676644485775,
0.46359073909202425,
0.48385873643478544,
0.5107785646278079,
0.5287001522460787,
0.5390593132170121,
0.7177676776848217,
0.49345914385106304,
0.5417145095249214,
0.46313039383085647,
0.5334531275352629,
0.4354802851039584,
0.5941115425954951,
0.46073385099373243,
0.4608373181654675,
0.4847041215046798,
0.4328711723337079,
0.472593889378085,
0.4598478391619012,
0.42719415331831073,
0.41594194451181016,
0.4157372184909216,
0.4006155879780798,
0.4116846311210406,
0.44631325077302386,
0.44442986674828105,
0.4447536618992834,
0.42884241295332953,
0.3894241323860565,
0.4201285142709713,
0.40785032628786444,
0.4032917639406601,
0.45667975373787456,
0.4824063196630761,
0.4585290757736357,
0.47721202922339484,
0.47290300024618015,
0.46849491277543626,
0.46113072734067934
],
"val_loss": [
0.5336362719535828,
0.7433969974517822,
0.32997214794158936,
0.2968871295452118,
0.25913533568382263,
0.3733021914958954,
0.2779567241668701,
0.42234185338020325,
0.4028396010398865,
0.26385319232940674,
0.7175682187080383,
0.17007797956466675,
0.174164280295372,
0.1641262322664261,
0.1260850876569748,
0.11861453205347061,
0.11581447720527649,
0.1630440354347229,
0.11488819867372513,
0.12407136708498001,
0.11622370779514313,
0.1610001176595688,
0.1485878974199295,
0.23429900407791138,
0.15205323696136475,
0.1852920800447464,
0.15633440017700195,
0.15620768070220947,
0.228867769241333,
0.14273570477962494,
0.12693385779857635,
0.18069174885749817,
0.13699905574321747,
0.12016654014587402,
0.12711256742477417,
0.13566501438617706,
0.11948273330926895,
0.12539400160312653,
0.1522180587053299,
0.15778280794620514,
0.19062480330467224,
0.15452660620212555,
0.12212884426116943,
0.14475512504577637,
0.14204616844654083,
0.10668458044528961,
0.11275751143693924,
0.12915746867656708,
0.11974216997623444,
0.14808224141597748,
0.17150931060314178,
0.1597309708595276,
0.13701403141021729,
0.14229083061218262,
0.1315305382013321,
0.1427822709083557,
0.1360844224691391,
0.144550159573555,
0.13940177857875824,
0.1350855976343155,
0.1511603593826294,
0.13933144509792328,
0.1627998650074005,
0.1666453331708908,
0.12942232191562653,
0.16332846879959106,
0.28438153862953186,
0.16311196982860565,
0.15742434561252594,
0.18203286826610565,
0.22734342515468597,
0.1441698968410492,
0.2609216272830963,
0.1640540361404419,
0.1622757762670517,
0.15345662832260132,
0.13983803987503052,
0.13735193014144897,
0.13979777693748474,
0.1256789118051529,
0.13270783424377441,
0.1302056908607483,
0.126129150390625,
0.13452035188674927,
0.18718278408050537,
0.13233965635299683,
0.14029636979103088,
0.11941248178482056,
0.11632159352302551,
0.13572260737419128,
0.11202989518642426,
0.09391403198242188,
0.11588051170110703,
0.14034070074558258,
0.1366354078054428,
0.13980965316295624,
0.14911584556102753,
0.10349397361278534,
0.09834761917591095,
0.10495694726705551
]
}