{
"epoch": [
1,
2,
3,
4,
5,
6,
7,
8,
9,
10,
11,
12,
13,
14,
15,
16,
17,
18,
19,
20,
21,
22,
23,
24,
25,
26,
27,
28,
29,
30,
31,
32,
33,
34,
35,
36,
37,
38,
39,
40,
41,
42,
43,
44,
45,
46,
47,
48,
49,
50,
51,
52,
53,
54,
55,
56,
57,
58,
59,
60,
61,
62,
63,
64,
65,
66,
67,
68,
69,
70,
71,
72,
73,
74,
75,
76,
77,
78,
79,
80,
81,
82,
83,
84,
85,
86,
87,
88,
89,
90,
91,
92,
93,
94,
95,
96,
97,
98,
99,
100,
101,
102,
103,
104,
105,
106,
107,
108,
109,
110,
111,
112,
113,
114,
115,
116,
117,
118,
119,
120,
121,
122,
123,
124,
125,
126,
127,
128,
129,
130,
131,
132,
133,
134,
135,
136,
137,
138,
139,
140,
141,
142,
143,
144,
145,
146,
147,
148,
149,
150,
151,
152,
153,
154,
155,
156,
157,
158,
159,
160,
161,
162,
163,
164,
165,
166,
167,
168,
169,
170,
171,
172,
173,
174,
175,
176,
177,
178,
179,
180,
181,
182,
183,
184,
185,
186,
187,
188,
189,
190,
191,
192,
193,
194,
195,
196,
197,
198,
199,
200
],
"recon_loss": [
0.1496415622048564,
0.17047829732492373,
0.13815087718623026,
0.1424439215621391,
0.15388774117092033,
0.17915233795518998,
0.14602872477723405,
0.13883174762323305,
0.15309041777214447,
0.15066502891577682,
0.13739966514048638,
0.1479797898368402,
0.1701495995769253,
0.1532629904421893,
0.1672271331409355,
0.1434251648652089,
0.15741896629333496,
0.16241668667886164,
0.16575556103285258,
0.15550772768336457,
0.1446472272857443,
0.1467950882075669,
0.16108155250549316,
0.14472388330992167,
0.15410738564156867,
0.15396530713353837,
0.14762472003311305,
0.1435067711712478,
0.15734151915296332,
0.1491060173743731,
0.1472524358080579,
0.155916447376276,
0.1506619399244135,
0.14367758356905602,
0.1517940080398089,
0.1637866748617841,
0.15149415506945027,
0.1426218705517905,
0.17047975725167758,
0.15593679094469393,
0.16554716732594874,
0.1453161717622311,
0.15643203258514404,
0.14237563660392513,
0.15203916116968377,
0.15921249656708208,
0.14399035236278138,
0.13803034962771774,
0.14256252541944578,
0.14604048227721994,
0.14902524204997272,
0.16125073487108404,
0.14714523859612352,
0.14795714365197465,
0.14606798807908963,
0.15369555450879135,
0.14720721755708968,
0.13945237266552912,
0.15855106982317838,
0.17484505300397996,
0.1422261961481788,
0.1479037588873467,
0.15157620995849758,
0.14979908373448755,
0.15445915077413833,
0.15034419627158674,
0.1526035364572104,
0.15504182730015223,
0.16759402198450907,
0.1638080630596582,
0.15437836112914147,
0.1584243058384239,
0.14007484003320916,
0.15435763516209342,
0.1485421768837161,
0.1452417594271821,
0.16430776633999564,
0.1379999980911032,
0.1563942904596205,
0.1467932482044418,
0.18615916023006687,
0.13769457518280326,
0.15357596552991248,
0.16097494534083776,
0.15761741337838112,
0.15253503620624542,
0.1463057410407376,
0.1618956450324554,
0.148018731892883,
0.149618889604296,
0.1452002703369438,
0.15204321312439906,
0.1465989537053294,
0.1691139398457168,
0.13997465488198516
],
"sspg_loss": [
182.71076687899503,
136.7572475284725,
100.17155793425324,
54.65936328838398,
32.672201057533165,
31.512132570341034,
44.62766865321568,
27.030842124641715,
27.734483817955116,
31.008821115865334,
30.768784609707918,
22.051165444510325,
23.052886938119862,
17.273168452374346,
16.71837482204685,
12.856914086775346,
13.165808541434151,
15.918239989838042,
11.33493709564209,
7.353680102856128,
6.148719143557858,
9.25905131055163,
6.995645331097887,
6.2152524675641745,
6.021003834612958,
3.472045848895977,
4.312986784167104,
3.9109726447563666,
2.9793442007783173,
3.3704489779162716,
3.0280461063632718,
2.2743259529014686,
1.956549867407068,
1.7890843509079575,
1.8834512636259004,
1.2032862824278991,
1.3962853558651813,
1.1909724071428374,
1.3674952860002394,
0.9633881596775798,
1.2376601123190545,
0.9050366971399877,
1.0506586471161286,
1.2332473110843014,
1.6254596617314723,
0.9840720288165203,
1.1351150073014296,
1.0460890043865552,
0.8010844348312972,
1.0373282153885086,
1.194465136373198,
1.1041097826771922,
1.1208939660679211,
1.107263040232968,
1.1675944165749983,
0.9769920668044647,
1.0563881048908481,
0.9873771222380848,
0.878227729301948,
0.9453477379563567,
0.7124194526053095,
0.8976045738567006,
0.808434535930683,
0.8745389820693376,
0.9508057430193022,
1.1181741875487488,
0.8597575565437218,
0.8569907956309133,
0.9786232632476014,
0.7304379436876867,
0.8137289750111567,
0.9400161078998021,
0.9847998572634412,
0.8928347733113673,
0.7042459868765497,
0.8338963938997938,
0.985762433572249,
0.9191784270398029,
0.9392401831490653,
0.7482037551991352,
0.9643832522553283,
0.8109402486256191,
0.8840906666470812,
0.9428618573523188,
0.9526541031800307,
0.7489549029957164,
0.7919779690829191,
0.793357067293935,
0.9652321385098742,
0.8198922508722776,
0.8150408175084498,
0.8854203208700403,
0.6699133919818061,
0.9262806362919993,
0.8778161677447233
],
"di_loss": [
57.100679570978336,
56.024625926822814,
47.05305245634797,
38.33595776248288,
24.877983464823142,
21.054847593431347,
32.22199217065588,
22.93286251712155,
21.99880817958287,
21.010007127538906,
18.47913511697348,
12.874959970449472,
18.79753032287994,
17.309517798485693,
17.448004190023845,
10.407752458151284,
13.281137813221324,
9.905693450531402,
6.929159808468509,
8.14092139454631,
8.704666459715211,
5.015922967489663,
4.610816584004985,
4.660013688075078,
3.417010579790388,
3.719117325621766,
3.4455609569301853,
2.723045644822059,
2.521090566337883,
1.7635902104439674,
1.8328600518115155,
1.3370532230897383,
2.1080347531801693,
1.613050859082829,
1.9849049456707843,
1.3583058134301917,
1.387337842544952,
1.1203178802093903,
1.3993758520522674,
0.9800910175620735,
0.94891306641814,
1.1656079369705994,
1.040329792282798,
1.0893247375240573,
0.959205778388234,
0.9106440149344407,
1.040363617531665,
0.8078062696890398,
0.9874473430893638,
1.1654816355024065,
0.8805774225817098,
0.7846447987989946,
0.8059154299946575,
1.2304671337078144,
1.0207589988584642,
0.8763525215062228,
0.9344279951863474,
1.0015989727788157,
1.0244034195875193,
0.9235118828810654,
0.9731369908753927,
0.8784022497666346,
1.0162573154870567,
0.9651424582902487,
0.8436469257651985,
1.0496158135401739,
0.8816909851965966,
0.8992776235976776,
1.069771875034679,
1.1165374726444095,
0.9840323568938615,
0.8307043089495076,
1.1814783734160583,
0.87904343125108,
0.9338786911654782,
1.1588086749052073,
1.0107714742809146,
0.9374748561289403,
0.9268838120745374,
0.7061146559653344,
0.9430754347281023,
0.9795504823907629,
0.9608675791071607,
0.7697279041076636,
0.8522558792844995,
1.0244873173825153,
1.0465543316556263,
0.9516751634610163,
1.011914762583646,
0.8668825997934713,
0.9346092784559572,
0.9732299748953287,
0.8253956754486282,
0.6697304810022379,
0.8792536908929999
],