{
"epoch": [
1,
2,
3,
4,
5,
6,
7,
8,
9,
10,
11,
12,
13,
14,
15,
16,
17,
18,
19,
20,
21,
22,
23,
24,
25,
26,
27,
28,
29,
30,
31,
32,
33,
34,
35,
36,
37,
38,
39,
40,
41,
42,
43,
44,
45,
46,
47,
48,
49,
50,
51,
52,
53,
54,
55,
56,
57,
58,
59,
60,
61,
62,
63,
64,
65,
66,
67,
68,
69,
70,
71,
72,
73,
74,
75,
76,
77,
78,
79,
80,
81,
82,
83,
84,
85,
86,
87,
88,
89,
90,
91,
92,
93,
94,
95,
96,
97,
98,
99,
100,
101,
102,
103,
104,
105,
106,
107,
108,
109,
110,
111,
112,
113,
114,
115,
116,
117,
118,
119,
120,
121,
122,
123,
124,
125,
126,
127,
128,
129,
130,
131,
132,
133,
134,
135,
136,
137,
138,
139,
140,
141,
142,
143,
144,
145,
146,
147,
148,
149,
150,
151,
152,
153,
154,
155,
156,
157,
158,
159,
160,
161,
162,
163,
164,
165,
166,
167,
168,
169,
170,
171,
172,
173,
174,
175,
176,
177,
178,
179,
180,
181,
182,
183,
184,
185,
186,
187,
188,
189,
190,
191,
192,
193,
194,
195,
196,
197,
198,
199,
200
],
"train_loss": [
26.27623899880942,
21.325793551160142,
16.935249118061808,
11.370794457274599,
7.581453348135019,
6.968360498354032,
9.774749179939171,
6.6575035863108445,
6.681439796051421,
6.877688909505869,
6.420733061703769,
4.915231946226839,
5.852429563348943,
4.932452393816663,
4.820009745560683,
3.541159889914773,
3.9727122257282206,
3.829685849028748,
2.8917259148189,
2.5060387896252916,
2.386130500149417,
2.3808066968793993,
1.92742522660788,
1.8168165915972228,
1.6600668476773548,
1.2156958471645007,
1.2611562648376862,
1.2155883590896408,
1.027976385958783,
0.9651472444658156,
0.8804185762033834,
0.7203344725943231,
0.7057373067001244,
0.6416077524810643,
0.6784504791358849,
0.5428635756690781,
0.5971356429062881,
0.49803368689177874,
0.5781830394422853,
0.4839685268990405,
0.5177877464077689,
0.5166597830784785,
0.5245046646564038,
0.4901545868291483,
0.5345033120799374,
0.48668843043314947,
0.5006224907837905,
0.4632630851361659,
0.4677736960448228,
0.491726883820125,
0.4774017303020923,
0.4817144127635213,
0.46283998582270236,
0.5064300561880136,
0.5003830028044713,
0.4697174089295523,
0.46841741382301627,
0.5009731294272782,
0.46180387712144233,
0.5293200108912084,
0.4428086153098515,
0.4641656403417711,
0.47061886570670386,
0.46397561918605457,
0.484444909668588,
0.5018319781724508,
0.461231561063172,
0.47965905418643706,
0.5116546092095313,
0.5144926116063997,
0.47219214656136255,
0.46759947863492096,
0.48546798507888594,
0.456686430937284,
0.46671295088606995,
0.4823759453637259,
0.49685482854966995,
0.46141442230769564,
0.4850977496667342,
0.4149983443997123,
0.5081903152651601,
0.44547887862502755,
0.4621173394964887,
0.45306769090813476,
0.47105057556907853,
0.47160556564083345,
0.5549438835738542,
0.46911810899709727,
0.47695182438020584,
0.4712787015097482,
0.46770295616868257,
0.48510710449961875,
0.4401923000038444,
0.4655329081919286,
0.4457146467326523
],
"val_loss": [
0.12077275663614273,
0.12077275663614273,
0.12077275663614273,
0.12077275663614273,
0.12077275663614273,
0.12077275663614273,
0.12077275663614273,
0.12077275663614273,
0.12077275663614273,
0.12077275663614273,
0.12077275663614273,
0.12077275663614273,
0.12077275663614273,
0.12077275663614273,
0.12077275663614273,
0.12077275663614273,
0.12077275663614273,
0.12077275663614273,
0.12077275663614273,
0.12077275663614273,
0.12077275663614273,
0.12077275663614273,
0.12077275663614273,
0.12077275663614273,
0.12077275663614273,
0.12077275663614273,
0.12077275663614273,
0.12077275663614273,
0.12077275663614273,
0.12077275663614273,
0.12077275663614273,
0.12077275663614273,
0.12077275663614273,
0.12077275663614273,
0.12077275663614273,
0.12077275663614273,
0.12077275663614273,
0.12077275663614273,
0.12077275663614273,
0.12077275663614273,
0.12077275663614273,
0.12077275663614273,
0.12077275663614273,
0.12077275663614273,
0.12077275663614273,
0.12077275663614273,
0.12077275663614273,
0.12077275663614273,
0.12077275663614273,
0.12077275663614273,
0.12077275663614273,
0.12077275663614273,
0.12077275663614273,
0.12077275663614273,
0.12077275663614273,
0.12077275663614273,
0.12077275663614273,
0.12077275663614273,
0.12077275663614273,
0.12077275663614273,
0.12077275663614273,
0.12077275663614273,
0.12077275663614273,
0.12077275663614273,
0.12077275663614273,
0.12077275663614273,
0.12077275663614273,
0.12077275663614273,
0.12077275663614273,
0.12077275663614273,
0.12077275663614273,
0.12077275663614273,
0.12077275663614273,
0.12077275663614273,
0.12077275663614273,
0.12077275663614273,
0.12077275663614273,
0.12077275663614273,
0.12077275663614273,
0.12077275663614273,
0.12077275663614273,
0.12077275663614273,
0.12077275663614273,
0.12077275663614273,
0.12077275663614273,
0.12077275663614273,
0.12077275663614273,
0.12077275663614273,
0.12077275663614273,
0.12077275663614273,
0.12077275663614273,
0.12077275663614273,
0.12077275663614273,
0.12077275663614273,
0.12077275663614273
]
}