{
  "sspg": {
    "spearman_r": 0.498482545817653,
    "rmse": NaN,
    "n": 10
  },
  "di": {
    "spearman_r": -0.09523809523809526,
    "rmse": NaN,
    "n": 8
  }
}