{
"epoch": [
1,
2,
3,
4,
5,
6,
7,
8,
9,
10,
11,
12,
13,
14,
15,
16,
17,
18,
19,
20,
21,
22,
23,
24,
25,
26,
27,
28,
29,
30,
31,
32,
33,
34,
35,
36,
37,
38,
39,
40,
41,
42,
43,
44,
45,
46,
47,
48,
49,
50,
51,
52,
53,
54,
55,
56,
57,
58,
59,
60,
61,
62,
63,
64,
65,
66,
67,
68,
69,
70,
71,
72,
73,
74,
75,
76,
77,
78,
79,
80,
81,
82,
83,
84,
85,
86,
87,
88,
89,
90,
91,
92,
93,
94,
95,
96,
97,
98,
99,
100
],
"train_loss": [
201.35680541992187,
76.90041822037607,
51.676277304595374,
65.63142567760539,
51.809795890664155,
47.60713653564453,
61.45595013600475,
43.30830055092866,
41.840922719127725,
43.02532872613871,
47.27725629986457,
98.82130662450251,
44.74526617661962,
41.00002933718123,
39.02343580138009,
43.88674859100917,
42.92055789299731,
43.789086622562046,
41.314888619476896,
44.2827748424602,
42.906748688895746,
42.69643577719634,
42.32194619088803,
42.19189253033332,
37.0521560956847,
34.90324845224057,
35.808916458993586,
44.90236210373213,
39.334012862871276,
43.93156496443839,
41.73069286706313,
37.37624644153523,
35.17534289090138,
38.76917036524359,
42.482753336204674,
41.62654444856464,
36.69531265834593,
39.114307446749706,
47.07675085967442,
44.6099309381449,
42.253763853828865,
43.24220311866616,
39.1634862072063,
39.262377368279225,
42.17399680659456,
38.38204832256965,
39.147027811014425,
40.68836618099572,
38.76435155328715,
37.695683662846406,
43.21954847371803,
40.20081359755318,
34.44284259148364,
40.084519987286264,
35.637405942521006,
38.82474799606035,
38.12179483377709,
40.04351826793743,
42.00640719431751,
36.394829185053986,
41.43106318059957,
40.234823471645136,
34.44286527093851,
39.8170852517182,
38.470642975141416,
46.367398330400576,
34.48026564885985,
38.19800077474342,
37.62487483474443,
32.81567150331893,
41.237507024801005,
37.203507203875844,
36.67265744479197,
38.99010147958432,
35.805462689669625,
35.39076978575508,
34.92004377257149,
40.16742859606473,
38.843401189120314,
38.63609221836306,
34.054284444844946,
34.89123234658871,
36.57164522566885,
35.2967589612277,
37.484214753924675,
37.84126780527943,
37.93561506451301,
32.84617390182783,
40.63700264984707,
38.003103220237875,
34.63257236120836,
35.83564654656176,
34.25759432810658,
37.590793559236346,
35.52470549817355,
36.19690737454396,
38.99846087041891,
42.31644644107459,
33.00645770666734,
38.469049003888976
],
"val_loss": [
2.8315117359161377,
2.543043613433838,
2.2546801567077637,
2.6246144771575928,
1.8696718215942383,
1.6617501974105835,
1.8944764137268066,
1.7820525169372559,
1.5906996726989746,
1.4895894527435303,
1.5049587488174438,
1.4032890796661377,
1.7966984510421753,
1.6385961771011353,
1.5169339179992676,
1.4867603778839111,
1.4049296379089355,
0.8490681648254395,
1.2782325744628906,
1.2958276271820068,
1.2649073600769043,
1.185756802558899,
1.2741082906723022,
1.257664680480957,
1.2135275602340698,
1.131269097328186,
1.0476953983306885,
1.0303395986557007,
1.1809686422348022,
1.2636595964431763,
1.3185516595840454,
1.2233591079711914,
1.1727735996246338,
1.365294337272644,
1.2894251346588135,
1.2123525142669678,
1.1324572563171387,
1.047315001487732,
1.1941707134246826,
1.1839263439178467,
1.3077502250671387,
1.180895209312439,
0.9825764894485474,
1.0334683656692505,
1.082459568977356,
1.3059626817703247,
1.2997127771377563,
1.236859917640686,
1.1916389465332031,
1.1589877605438232,
1.091617465019226,
1.0561310052871704,
0.9627808928489685,
1.1443997621536255,
0.9918874502182007,
0.9969115853309631,
1.0022534132003784,
1.0649083852767944,
1.0692554712295532,
1.0283942222595215,
1.0163339376449585,
1.1778647899627686,
1.0792914628982544,
0.9949246048927307,
0.9855385422706604,
1.0081943273544312,
1.0473881959915161,
1.0850374698638916,
1.0521906614303589,
1.0202393531799316,
0.8114935755729675,
1.0382219552993774,
1.0298054218292236,
1.0234636068344116,
1.0632305145263672,
0.961415708065033,
1.0448371171951294,
0.9905483722686768,
1.0927715301513672,
1.020559549331665,
0.9554919004440308,
0.9442721605300903,
0.862611711025238,
0.9778568148612976,
1.0129505395889282,
1.0601160526275635,
1.0303339958190918,
1.020972490310669,
1.0303319692611694,
1.071936011314392,
1.0322448015213013,
1.0528466701507568,
1.0045783519744873,
1.0211784839630127,
1.0847344398498535,
1.092408537864685,
1.0761903524398804,
1.1300132274627686,
1.0958294868469238,
1.0684252977371216
]
}