{
  "sspg_spearman_r": 0.498482545817653,
  "di_spearman_r": -0.09523809523809526,
  "lambda_sspg": 0.01,
  "lambda_di": 0.01,
  "seed": 44
}