{
"epoch": [
1,
2,
3,
4,
5,
6,
7,
8,
9,
10,
11,
12,
13,
14,
15,
16,
17,
18,
19,
20,
21,
22,
23,
24,
25,
26,
27,
28,
29,
30,
31,
32,
33,
34,
35,
36,
37,
38,
39,
40,
41,
42,
43,
44,
45,
46,
47,
48,
49,
50,
51,
52,
53,
54,
55,
56,
57,
58,
59,
60,
61,
62,
63,
64,
65,
66,
67,
68,
69,
70,
71,
72,
73,
74,
75,
76,
77,
78,
79,
80,
81,
82,
83,
84,
85,
86,
87,
88,
89,
90,
91,
92,
93,
94,
95,
96,
97,
98,
99,
100
],
"train_loss": [
12.66586609939476,
1.463040708721458,
0.8656816056796482,
0.7325149132059766,
0.6522037046296256,
0.5888539188868039,
0.5279384061887666,
0.4914174041190705,
0.4926596415507329,
0.46536808586739875,
0.45981382046427044,
0.4227776678351613,
0.4256961291486567,
0.46552301730428425,
0.4709124944426797,
0.4485390693336338,
0.4351348590541196,
0.4420312468881731,
0.43094278852660933,
0.4232363925351725,
0.46294535135293935,
0.41553189808672125,
0.4286656646759479,
0.4081461499263714,
0.43205440895898,
0.4260423489205249,
0.4155877735707667,
0.42326861968288176,
0.4266556470425098,
0.4148512815500235,
0.42978377117739097,
0.4240628062904655,
0.4310212739102252,
0.4298503611768995,
0.42714228064982923,
0.44709950995135617,
0.44312624613960067,
0.4626060267547508,
0.46737469132844506,
0.47826520034245085,
0.480850359836182,
0.44745461739502945,
0.46498341761626205,
0.46950192459217915,
0.4634445464456236,
0.4709760829225763,
0.46971547913241696,
0.4827281035386123,
0.46339534706883617,
0.4936400442928463,
0.5013015839186582,
0.4693238820348467,
0.453714739579659,
0.4612405145323122,
0.45384998871134474,
0.44434910277267553,
0.45983116812520214,
0.4500760149646115,
0.45434964051494353,
0.4652304579685261,
0.4587388952057083,
0.4734154606794382,
0.4695776081704474,
0.4901224041914011,
0.4719979286967934,
0.4573685766814591,
0.4962620448756528,
0.5100154528370151,
0.5551445507383966,
0.5450264648957686,
0.4990510468359117,
0.5110448560157379,
0.4871608150469792,
0.47282340309836646,
0.477910481490098,
0.47633696918363694,
0.4580836965666189,
0.5000680886305772,
0.49143668157713755,
0.5749332726775825,
0.5036383789855164,
0.502836870682704,
0.4969849075589861,
0.49693775177001953,
0.4741679108762122,
0.503122928854707,
0.4680027799172835,
0.4647259181970126,
0.48904234557956844,
0.483807353617309,
0.4914840684308634,
0.4859474812235151,
0.49712827995225983,
0.49989539694476437,
0.49133581851984,
0.4704928460059228,
0.47476938057255436,
0.4723907062759647,
0.4824498659604556,
0.47935326610292706
],
"val_loss": [
1.3889741897583008,
1.1593009233474731,
0.639837384223938,
0.5321987271308899,
0.44804438948631287,
0.41639575362205505,
0.40829360485076904,
0.44451209902763367,
0.3763904869556427,
0.404977411031723,
0.3687609136104584,
0.33858734369277954,
0.4428143799304962,
0.4174865782260895,
0.3369341492652893,
0.3583107590675354,
0.38531073927879333,
0.39511755108833313,
0.33242419362068176,
0.32955342531204224,
0.3519739806652069,
0.3516432046890259,
0.3421834111213684,
0.38019296526908875,
0.37133121490478516,
0.4154786467552185,
0.37962794303894043,
0.4036979079246521,
0.4125382602214813,
0.42497363686561584,
0.42099469900131226,
0.42425963282585144,
0.4228719174861908,
0.41457754373550415,
0.41926273703575134,
0.42791804671287537,
0.440079927444458,
0.4223470389842987,
0.42267122864723206,
0.4282624125480652,
0.4029310941696167,
0.37048596143722534,
0.3645782470703125,
0.4220089912414551,
0.4415605366230011,
0.43407273292541504,
0.43308234214782715,
0.42455679178237915,
0.4259578287601471,
0.4267157018184662,
0.4171818494796753,
0.3880671262741089,
0.3681240677833557,
0.3619767427444458,
0.3572864234447479,
0.3603852093219757,
0.3558647930622101,
0.3521680235862732,
0.3352722227573395,
0.34301963448524475,
0.38267216086387634,
0.38169366121292114,
0.3486761748790741,
0.33877336978912354,
0.304913729429245,
0.4509861469268799,
0.4201684296131134,
0.3792096972465515,
0.4282352924346924,
0.36387598514556885,
0.3799448609352112,
0.36755576729774475,
0.34567201137542725,
0.36374178528785706,
0.34814104437828064,
0.3566363751888275,
0.41214466094970703,
0.393250435590744,
0.35836777091026306,
0.33340924978256226,
0.36940842866897583,
0.3709900379180908,
0.36446431279182434,
0.32637670636177063,
0.333523690700531,
0.31986403465270996,
0.2925662100315094,
0.3063506782054901,
0.2963598072528839,
0.3112125098705292,
0.3278551697731018,
0.3760707974433899,
0.2862146496772766,
0.29614749550819397,
0.31293919682502747,
0.3900482654571533,
0.2510523796081543,
0.288411408662796,
0.24450938403606415,
0.23367981612682343
]
}