{
  "sspg": {
    "spearman_r": 0.20519567041703082,
    "rmse": NaN,
    "n": 5
  },
  "di": {
    "spearman_r": -0.39999999999999997,
    "rmse": NaN,
    "n": 4
  }
}