{
"epoch": [
1,
2,
3,
4,
5,
6,
7,
8,
9,
10,
11,
12,
13,
14,
15,
16,
17,
18,
19,
20,
21,
22,
23,
24,
25,
26,
27,
28,
29,
30,
31,
32,
33,
34,
35,
36,
37,
38,
39,
40,
41,
42,
43,
44,
45,
46,
47,
48,
49,
50,
51,
52,
53,
54,
55,
56,
57,
58,
59,
60,
61,
62,
63,
64,
65,
66,
67,
68,
69,
70,
71,
72,
73,
74,
75,
76,
77,
78,
79,
80,
81,
82,
83,
84,
85,
86,
87,
88,
89,
90,
91,
92,
93,
94,
95,
96,
97,
98,
99,
100
],
"train_loss": [
1021.7982872689124,
490.04770894569924,
544.7321408715578,
336.8188156279007,
299.47915437906096,
245.19587533780845,
290.6376469678218,
224.2187654098662,
222.20805766794942,
287.72117206837873,
360.726867373627,
239.0265638899095,
233.1800676100325,
239.4019317626953,
283.7147963117845,
179.90305951562257,
241.0769886734462,
202.93268101758295,
267.44081871108256,
236.9947549045676,
211.59804391388846,
248.00376627704884,
188.62261539874692,
209.07556666005956,
133.0828762432136,
183.58341488979832,
212.5657662873221,
252.32361187321123,
223.21860534365814,
227.0810734210628,
199.41154767026995,
209.1625813399211,
163.91937588229038,
176.28871441831683,
178.73431366268952,
167.9616481667698,
206.1897922931331,
148.14013248859067,
163.9347561373569,
193.64728976712368,
166.93078394219427,
198.9634427552176,
202.11320722221149,
278.5008262407662,
251.64042890189899,
230.01917168645576,
276.608242828067,
190.70842433211828,
215.1006916914836,
207.91358313230003,
224.01925100194345,
207.86141159510848,
194.53125819593373,
182.9604291254931,
163.21230625870203,
185.1713991070738,
196.85051070109452,
176.8340243348981,
209.30942467415687,
177.49051900429302,
166.1604708681012,
148.05967123201577,
160.11292788061766,
183.98281837689996,
194.2448434357596,
174.41573084462988,
235.03472594459458,
201.19450665464495,
210.38959318104358,
156.39942932128906,
155.83700410446318,
128.04974100849415,
141.8970744822285,
193.911844990041,
218.9758192005724,
195.09727999243407,
190.6477735160601,
185.72328473081683,
131.94830635750648,
155.67739921041056,
157.4068292296759,
131.35580096858564,
149.613145884901,
130.3973182073914,
142.13559171468904,
145.6315162583153,
131.48834372038888,
156.35112105265702,
152.17167761774346,
155.5918229358031,
134.13573893934193,
118.09153672020034,
105.97225770855894,
137.547271709631,
102.57364284402072,
115.65352305799428,
116.5515905701288,
101.038369622561,
158.37748083737816,
164.75703475498918
],
"val_loss": [
1.2907078266143799,
1.5544968843460083,
2.4648807048797607,
1.312023401260376,
0.7846536636352539,
0.6378594040870667,
0.6428564786911011,
0.5961513519287109,
0.5351681709289551,
1.2214970588684082,
0.4167955219745636,
0.48148778080940247,
0.47956570982933044,
0.551246166229248,
0.5021924376487732,
0.6528899073600769,
0.7466870546340942,
0.5235278010368347,
0.4317704141139984,
0.37872570753097534,
0.48712682723999023,
0.45049500465393066,
0.43899574875831604,
0.4457552433013916,
0.45710718631744385,
0.5018591284751892,
0.47431936860084534,
0.44787395000457764,
0.4325386881828308,
0.41440054774284363,
0.4021884500980377,
0.4049380123615265,
0.4191797971725464,
0.47598499059677124,
0.4701015055179596,
0.6122010350227356,
0.5092321038246155,
0.47727879881858826,
0.47373849153518677,
0.45279306173324585,
0.5286881327629089,
0.5302022099494934,
0.44616183638572693,
0.7873775959014893,
0.42619675397872925,
0.5177690386772156,
0.4693956673145294,
0.7375324368476868,
0.6563849449157715,
0.9904634356498718,
0.7094163298606873,
0.8378517627716064,
0.7261000871658325,
0.49272075295448303,
0.6758278608322144,
0.5544712543487549,
0.6633828282356262,
0.7416155934333801,
0.6233776211738586,
0.4834672212600708,
0.4874469041824341,
0.6046761274337769,
0.5047987699508667,
0.5541026592254639,
0.5957045555114746,
0.6522101759910583,
0.5149747729301453,
0.4797402620315552,
0.6835053563117981,
0.7453134655952454,
0.6278815269470215,
0.5595101714134216,
0.7955380082130432,
0.8873689770698547,
0.7624344229698181,
0.7298564314842224,
0.8136554956436157,
0.7984498739242554,
0.8844302892684937,
0.8130338191986084,
0.722805380821228,
0.7477817535400391,
0.8209547996520996,
0.8381014466285706,
0.8550300002098083,
0.9167913794517517,
0.7930458188056946,
0.6803767085075378,
0.7982412576675415,
0.9516381025314331,
0.9564969539642334,
0.9898869395256042,
0.8648848533630371,
1.290019154548645,
0.9029125571250916,
0.9941548109054565,
1.1129838228225708,
1.107541799545288,
1.245087742805481,
1.3690221309661865
]
}