{
  "sspg": {
    "rmse": 76.88649481192883,
    "mae": 57.61685933007134,
    "r2": -0.296405506193957,
    "pearson_r": 0.4621509372958915,
    "pearson_p": 0.004544591392235783,
    "spearman_r": 0.5071170134911506,
    "spearman_p": 0.0015964560420248207,
    "n": 36
  },
  "di": {
    "rmse": 17.35083895082803,
    "mae": 17.004652599493664,
    "r2": -835.2849854781165,
    "pearson_r": 0.2877227634791878,
    "pearson_p": 0.3644909764208346,
    "spearman_r": 0.3149331173656363,
    "spearman_p": 0.3187370838766693,
    "n": 12
  }
}