{
"epoch": [
1,
2,
3,
4,
5,
6,
7,
8,
9,
10,
11,
12,
13,
14,
15,
16,
17,
18,
19,
20,
21,
22,
23,
24,
25,
26,
27,
28,
29,
30,
31,
32,
33,
34,
35,
36,
37,
38,
39,
40,
41,
42,
43,
44,
45,
46,
47,
48,
49,
50,
51,
52,
53,
54,
55,
56,
57,
58,
59,
60,
61,
62,
63,
64,
65,
66,
67,
68,
69,
70,
71,
72,
73,
74,
75,
76,
77,
78,
79,
80,
81,
82,
83,
84,
85,
86,
87,
88,
89,
90,
91,
92,
93,
94,
95,
96,
97,
98,
99,
100
],
"train_loss": [
85.72660724009116,
16.706049310879443,
8.966353934580885,
5.5673086324076015,
3.5776914836853506,
3.597118259414913,
1.7643520775742418,
1.3508330217496616,
1.1598717790888988,
1.0638447075378237,
1.0449828083120931,
0.9254568200411759,
0.8737604772950721,
0.8866113058225377,
0.8612158688034598,
0.800296016565458,
0.819293902614924,
0.7850336554482227,
0.801581520264543,
0.7637708332594924,
0.780775758694476,
0.7353482448209928,
0.7294293200875831,
0.7288204722517119,
0.6849575605918103,
0.6958723758149334,
0.7157088541609096,
0.7032196150989983,
0.7294669137226315,
0.7778507968572181,
0.8393373442447092,
0.8833181942541768,
0.9878192375025411,
1.0038523598918765,
1.1084361226539912,
1.0966400067637285,
1.1828170808281486,
1.1192321692864726,
1.1889683552614347,
1.2064653475453535,
1.169114760526522,
1.1452519959352148,
1.1388453554919387,
1.1288558319797666,
1.1608607074407142,
1.1290285286940926,
1.1592147688227377,
1.187725984205411,
1.1672812193397462,
1.2273753787588886,
1.202386716219384,
1.184104711052001,
1.1478434284840981,
1.154474676124693,
1.1813053024096751,
1.1733984693767519,
1.1498725048200351,
1.1460252324427207,
1.1861576696080485,
1.202294148798064,
1.2093235057169998,
1.1819130323064608,
1.1460446147468146,
1.2050908250132883,
1.196103153266306,
1.160131871230959,
1.1867162007985153,
1.2149003209091547,
1.2315929424105667,
1.1496800146703645,
1.2418389357919768,
1.2897592989478524,
1.2038320903702984,
1.136569115120595,
1.3808557386473408,
1.278581046682643,
1.1584285638463778,
1.3519267172325315,
1.4139711847455483,
1.2746968644810475,
1.4853680096273347,
1.463134468071104,
1.4978437526958195,
1.4115474975015234,
1.4430913887624666,
1.4271118331143235,
1.4551956184267059,
1.4958986053316612,
1.5188348058640488,
1.4908650512770405,
1.5515953020786677,
1.6320440365573552,
1.6719498484153448,
1.7151501957825788,
1.786891372185054,
1.8679727513020432,
1.757251702894376,
1.5548077634000403,
1.345765270586089,
1.5081080780254574
],
"val_loss": [
1.4448809623718262,
0.9587830305099487,
0.9803465008735657,
0.7391852140426636,
0.8468073010444641,
0.7018446922302246,
0.6697091460227966,
0.4283708930015564,
0.3607867956161499,
0.32555732131004333,
0.3155083656311035,
0.2987138330936432,
0.29445695877075195,
0.28382205963134766,
0.3072792589664459,
0.3242514729499817,
0.2789328694343567,
0.2853257954120636,
0.2338370829820633,
0.22601793706417084,
0.22190889716148376,
0.2619174122810364,
0.2531989812850952,
0.2101881057024002,
0.23315516114234924,
0.2337070107460022,
0.3111419677734375,
0.37708163261413574,
0.3130565881729126,
0.3562347888946533,
0.33426886796951294,
0.4070790112018585,
0.7111789584159851,
0.4046249985694885,
0.46780383586883545,
0.5460218787193298,
0.4741627275943756,
0.4677889049053192,
0.4462381899356842,
0.48447665572166443,
0.502032458782196,
0.47104525566101074,
0.47915318608283997,
0.44241830706596375,
0.44589468836784363,
0.4436895549297333,
0.492808997631073,
0.46660366654396057,
0.568580150604248,
0.478384792804718,
0.47336700558662415,
0.4795055687427521,
0.4555705189704895,
0.4458651542663574,
0.4790867567062378,
0.4237323999404907,
0.44603145122528076,
0.45113605260849,
0.4304945468902588,
0.4606158137321472,
0.4107609689235687,
0.44826045632362366,
0.41431403160095215,
0.41896557807922363,
0.373089462518692,
0.37497079372406006,
0.4130131006240845,
0.39727431535720825,
0.43196365237236023,
0.42342615127563477,
0.39853635430336,
0.33972063660621643,
0.3966641128063202,
0.37872427701950073,
0.3283492624759674,
0.43135786056518555,
0.3598839044570923,
0.3210306465625763,
0.34932878613471985,
0.34324440360069275,
0.43835803866386414,
0.4581119120121002,
0.37158796191215515,
0.3382472097873688,
0.345468133687973,
0.3565073013305664,
0.320607453584671,
0.3110663890838623,
0.32169678807258606,
0.3155067265033722,
0.3222750127315521,
0.30658528208732605,
0.2951984405517578,
0.2513740360736847,
0.2735463082790375,
0.27169543504714966,
0.36962419748306274,
0.3370528817176819,
0.2992544174194336,
0.3666779696941376
]
}