{
  "sspg": {
    "rmse": 90.82637072267613,
    "mae": 71.37744818793402,
    "r2": -0.41017230112113134,
    "pearson_r": -0.08920993047173499,
    "pearson_p": 0.8194639910300049,
    "spearman_r": 0.08368274087557231,
    "spearman_p": 0.8305146353314997,
    "n": 9
  },
  "di": {
    "rmse": 0.8831507184957575,
    "mae": 0.7896503061056137,
    "r2": -0.20919684364770563,
    "pearson_r": 0.21445748267955142,
    "pearson_p": 0.6100512709237952,
    "spearman_r": 0.11904761904761905,
    "spearman_p": 0.7788857260523797,
    "n": 8
  }
}