{
"epoch": [
1,
2,
3,
4,
5,
6,
7,
8,
9,
10,
11,
12,
13,
14,
15,
16,
17,
18,
19,
20,
21,
22,
23,
24,
25,
26,
27,
28,
29,
30,
31,
32,
33,
34,
35,
36,
37,
38,
39,
40,
41,
42,
43,
44,
45,
46,
47,
48,
49,
50,
51,
52,
53,
54,
55,
56,
57,
58,
59,
60,
61,
62,
63,
64,
65,
66,
67,
68,
69,
70,
71,
72,
73,
74,
75,
76,
77,
78,
79,
80,
81,
82,
83,
84,
85,
86,
87,
88,
89,
90,
91,
92,
93,
94,
95,
96,
97,
98,
99,
100
],
"train_loss": [
252.83624890771242,
32.76770459543361,
25.48795167526396,
19.91507182735028,
14.789391942543558,
10.078658085058231,
6.741652535920096,
4.220482694040431,
2.4602598778092033,
1.4263724466361623,
1.1345003017104498,
1.0795364663152411,
1.9971096852038166,
0.8131234929113105,
0.6656781913030265,
0.6361097578365024,
0.7165856951534157,
0.6807742201455749,
0.6372150784671897,
0.633351856824195,
0.5271832789524947,
0.5073814873058017,
0.50429633702382,
0.44163738353417653,
0.4391630185712682,
0.41109498243520753,
0.5088485408537459,
0.5474843365131038,
0.9007222380968604,
0.49874424698329206,
0.6223148992746184,
0.46292582773926233,
0.4368988346345354,
0.48469331329411797,
0.41364307716341303,
0.39056530152216995,
0.538104505232065,
0.5370354097668487,
0.5524836731429147,
0.4709743945905478,
0.41535117868149635,
0.39072185400689,
0.46582528506175125,
0.48372145424975027,
0.4513801442514552,
0.5474418366309439,
0.7119488562687789,
0.711927071066186,
0.6718059170364153,
0.6404953026535487,
0.6400210479698559,
0.6062257307590825,
0.5980161086167439,
0.6128267693047477,
0.4699977305856082,
0.453300677903808,
0.4117814373261858,
0.3949485263316938,
0.3762681614054312,
0.3806930635825242,
0.40023977036523345,
0.3546677922258283,
0.3812315298779176,
0.3900620426871989,
0.3926733419446662,
0.41986249283988875,
0.38798129499548734,
0.40073886543217274,
0.37240230742067393,
0.3820912743558978,
0.44262779024567933,
0.467048699312871,
0.3876197397118748,
0.3829449748638833,
0.3980324601772988,
0.3715327479461632,
0.3708606598400834,
0.42749269409935076,
0.3954957142324731,
0.40381660880428727,
0.3852382219663941,
0.37350958821797137,
0.3644143133470328,
0.3688501022239723,
0.3856285686540131,
0.444767433227879,
0.4253331363791286,
0.5022918953753934,
0.4577272888457421,
0.5141694587055999,
0.44480226535608275,
0.464700057659999,
0.44414323627358615,
0.5057265457540455,
0.45834420252554486,
0.4236374037100537,
0.45688334372964234,
0.43083473922002435,
0.4671009929463415,
0.47180171502698764
],
"val_loss": [
0.5095860958099365,
0.7998618483543396,
0.413272500038147,
0.42517712712287903,
0.34575989842414856,
0.35942181944847107,
0.3597199022769928,
0.30929869413375854,
0.2894582152366638,
0.28143736720085144,
0.3622996211051941,
0.7033065557479858,
0.180048406124115,
0.13898783922195435,
0.16609883308410645,
0.2671928107738495,
0.25953030586242676,
0.19387122988700867,
0.2773817777633667,
0.19472475349903107,
0.35115310549736023,
0.1510087549686432,
0.14236196875572205,
0.12195383757352829,
0.13734140992164612,
0.1813005954027176,
0.24004562199115753,
0.7798383831977844,
0.14846950769424438,
0.3046875298023224,
0.1254570186138153,
0.15774284303188324,
0.12425777316093445,
0.1231098473072052,
0.11673785746097565,
0.12560510635375977,
0.23993970453739166,
0.14458875358104706,
0.17488332092761993,
0.15197353065013885,
0.11878934502601624,
0.1234084740281105,
0.12870152294635773,
0.1334218680858612,
0.1487782746553421,
0.3186284899711609,
0.31123387813568115,
0.3075660467147827,
0.2208813726902008,
0.3450038433074951,
0.19638283550739288,
0.2430475503206253,
0.3044736385345459,
0.22974145412445068,
0.16362717747688293,
0.1178009882569313,
0.10551717877388,
0.11850582808256149,
0.09855044633150101,
0.11169739067554474,
0.10136274248361588,
0.09558352082967758,
0.09764700382947922,
0.09598565846681595,
0.11111193895339966,
0.11488702148199081,
0.08588334172964096,
0.08382304012775421,
0.08426248282194138,
0.11400073766708374,
0.13434721529483795,
0.12628291547298431,
0.14535413682460785,
0.15527112782001495,
0.13931815326213837,
0.12137223780155182,
0.16613329946994781,
0.14753670990467072,
0.1425664722919464,
0.12698061764240265,
0.12167396396398544,
0.1069931611418724,
0.10322044044733047,
0.10422801971435547,
0.1210600882768631,
0.10444235801696777,
0.1421944499015808,
0.15848428010940552,
0.2646236717700958,
0.19630660116672516,
0.17348620295524597,
0.17822903394699097,
0.17692875862121582,
0.16417919099330902,
0.17448543012142181,
0.1883942037820816,
0.14336806535720825,
0.19397370517253876,
0.17391003668308258,
0.1712176650762558
]
}