{
  "sspg": {
    "rmse": 96.83191033519759,
    "mae": 80.98292795817058,
    "r2": -0.22104548246003364,
    "pearson_r": -0.07664760763963367,
    "pearson_p": 0.8852537353600458,
    "spearman_r": 0.2571428571428572,
    "spearman_p": 0.6227871720116618,
    "n": 6
  },
  "di": {
    "rmse": 1.1569724136518182,
    "mae": 1.0400748054186504,
    "r2": -2.7838888759626714,
    "pearson_r": -0.3188243550264593,
    "pearson_p": 0.5379675510076514,
    "spearman_r": 0.14285714285714288,
    "spearman_p": 0.7871720116618075,
    "n": 6
  }
}