{
"epoch": [
1,
2,
3,
4,
5,
6,
7,
8,
9,
10,
11,
12,
13,
14,
15,
16,
17,
18,
19,
20,
21,
22,
23,
24,
25,
26,
27,
28,
29,
30,
31,
32,
33,
34,
35,
36,
37,
38,
39,
40,
41,
42,
43,
44,
45,
46,
47,
48,
49,
50,
51,
52,
53,
54,
55,
56,
57,
58,
59,
60,
61,
62,
63,
64,
65,
66,
67,
68,
69,
70,
71,
72,
73,
74,
75,
76,
77,
78,
79,
80,
81,
82,
83,
84,
85,
86,
87,
88,
89,
90,
91,
92,
93,
94,
95,
96,
97,
98,
99,
100,
101,
102,
103,
104,
105,
106,
107,
108,
109,
110,
111,
112,
113,
114,
115,
116,
117,
118,
119,
120,
121,
122,
123,
124,
125,
126,
127,
128,
129,
130,
131,
132,
133,
134,
135,
136,
137,
138,
139,
140,
141,
142,
143,
144,
145,
146,
147,
148,
149,
150,
151,
152,
153,
154,
155,
156,
157,
158,
159,
160
],
"train_loss": [
138.93815744078003,
12.367721018853125,
3.0190697954846666,
2.4171185462505784,
2.1341609118820783,
2.883740638757681,
2.2817235302615475,
2.0532525545590885,
1.7069556279615923,
2.2427736025351983,
1.8326329225069518,
1.4071879564941703,
1.3043310286162735,
1.2283401984673041,
1.3070309146658166,
1.148232974015273,
1.1496861476402778,
1.0982539932449142,
1.1190660108219495,
0.9259037228373738,
0.7571729994439459,
0.664327619137702,
0.8831210306712559,
0.8229784384950415,
0.971863376629817,
0.8916956255962323,
1.0190542688617459,
1.0300611334961731,
1.0667536715408423,
0.7702355059710416,
0.7721805363506465,
0.8424286687528932,
0.9896111674122996,
0.7995010676322045,
0.7930126948790117,
0.7582386538579866,
0.716108212997387,
0.7536092547627239,
0.5681986174026092,
0.6276050542856192,
0.6074631624407583,
0.5726121385376175,
0.5647445572661115,
0.5750901637139259,
0.5795932528260467,
0.5867424034453058,
0.5340597014148514,
0.5445147950153846,
0.4934275204485113,
0.5490337207719878,
0.5398470233013104,
0.5875251091919936,
0.5723447946759014,
0.5092501508725154,
0.625013572055024,
0.7677118313776983,
0.8310091959965693,
0.8313358433834919,
0.7506202652856901,
0.6552335813448027,
0.6151274032406993,
0.5652683013445371,
0.5715448028081423,
0.5667869843445815,
0.5163091305014375,
0.5536058065179107,
0.5917976978537324,
0.5631639291713764,
0.6387807966826798,
0.5593658577312123,
0.568560566995051,
0.586782625743321,
0.5690245980566199,
0.5898550276632433,
0.5913109392314763,
0.5993900662892825,
0.5800235890722895,
0.5956457613350509,
0.5879933903743695,
0.6449235012004901,
0.589319225255545,
0.6044105620353253,
0.5896997606599486,
0.5821704338123272,
0.5916489424643578,
0.5594848998181232,
0.6045881006624791,
0.7680762851393068,
0.7346168501036507,
0.6731635680446377,
0.6492677570937516,
0.6756047753544597,
0.6338012868707831,
0.6038215555153884,
0.5750632893729519,
0.6008092428182626,
0.5664323227746146,
0.5409039289920361,
0.5585499096226383,
0.5391955143445498,
0.5333291435396517,
0.521737421487833,
0.5423731865820947,
0.5251653945291197,
0.5097101055956507,
0.5274089551591253,
0.5388134431529354,
0.5364005341158284,
0.5439728773259497,
0.5421442401099514,
0.505887280810963,
0.4854940849465209,
0.5117275087864368,
0.5005678979607372,
0.4925122733240004,
0.4991381392850504,
0.5019067494900196,
0.4829398002717402,
0.49888563852805595,
0.4895854251725333,
0.4564535819090806,
0.46273484787383634,
0.4721391870603933,
0.4676297771466243,
0.4613099849069273,
0.4903598234250948,
0.47767550024119293,
0.4575018735675069,
0.4424383725438799,
0.474168426030642,
0.4578123851255937,
0.46005484268262786,
0.4587412971954841,
0.46847245213273286,
0.44865881661316015,
0.462651707909324,
0.46030312312113775,
0.4289952013399694,
0.45282860622777565,
0.4479004024685203,
0.4430612472744731,
0.44378717108206317,
0.443665744035275,
0.44566058531984104,
0.43099651863048605,
0.4554692545494476,
0.43213657357475976,
0.4441523091359572,
0.4484794066323862,
0.4235576770522378,
0.4405459316519948,
0.42891524867577985,
0.4359642213041132,
0.44149275723989906,
0.4272260530428453,
0.4444154597722091,
0.43182645757477006,
0.423937196468378,
0.43551217271136,
0.4302393902431835
],
"val_loss": [
1.8574117422103882,
1.626936674118042,
1.0551116466522217,
0.9954047799110413,
1.0695106983184814,
0.9373458623886108,
0.7834481000900269,
0.7128118276596069,
0.5773428678512573,
0.5761834383010864,
0.6371495127677917,
0.6321507692337036,
0.5115475654602051,
0.4954848289489746,
0.46078553795814514,
0.4249381422996521,
0.4215601086616516,
0.3795054256916046,
0.3642154633998871,
0.24026988446712494,
0.19216805696487427,
0.28325024247169495,
0.30314764380455017,
0.2966092526912689,
0.42461809515953064,
0.1859138309955597,
0.28165116906166077,
0.20534823834896088,
0.24859310686588287,
0.29612860083580017,
0.24753843247890472,
0.2281295359134674,
0.277302622795105,
0.1859074831008911,
0.17879806458950043,
0.16343249380588531,
0.25204920768737793,
0.18696191906929016,
0.2561724781990051,
0.36420944333076477,
0.24638022482395172,
0.1713947206735611,
0.14013096690177917,
0.13198864459991455,
0.2150425910949707,
0.11342620104551315,
0.12821917235851288,
0.15713486075401306,
0.15602384507656097,
0.23995044827461243,
0.38892871141433716,
0.13319045305252075,
0.14949531853199005,
0.32597222924232483,
0.20823714137077332,
0.16394710540771484,
0.2227538526058197,
0.2158360779285431,
0.22865824401378632,
0.15560944378376007,
0.18934229016304016,
0.20990288257598877,
0.2341180443763733,
0.217895045876503,
0.1953258216381073,
0.16826672852039337,
0.14822493493556976,
0.18099288642406464,
0.1548927277326584,
0.13551315665245056,
0.11325404047966003,
0.1645929515361786,
0.13781170547008514,
0.15680043399333954,
0.180042564868927,
0.17784152925014496,
0.15430013835430145,
0.17264880239963531,
0.176612988114357,
0.19600556790828705,
0.2436569631099701,
0.2289666086435318,
0.22248832881450653,
0.22076724469661713,
0.225483700633049,
0.2545987367630005,
0.20504362881183624,
0.23594126105308533,
0.2430548369884491,
0.19301177561283112,
0.2790661156177521,
0.21812966465950012,
0.1509130746126175,
0.14616039395332336,
0.15638330578804016,
0.17314466834068298,
0.15562041103839874,
0.15210729837417603,
0.15461699664592743,
0.17487412691116333,
0.18096210062503815,
0.1515061855316162,
0.14573147892951965,
0.18274149298667908,
0.2072322517633438,
0.15379372239112854,
0.1563371866941452,
0.1963842660188675,
0.2263057976961136,
0.1581350415945053,
0.15362733602523804,
0.16761669516563416,
0.1735587865114212,
0.15915799140930176,
0.1511077582836151,
0.16653989255428314,
0.1995595097541809,
0.17415302991867065,
0.15881571173667908,
0.1553737223148346,
0.16068994998931885,
0.16562919318675995,
0.1696636825799942,
0.1508251428604126,
0.15283791720867157,
0.1722094863653183,
0.1750895231962204,
0.1615108698606491,
0.14310505986213684,
0.13807179033756256,
0.14484481513500214,
0.15247072279453278,
0.15667606890201569,
0.14236581325531006,
0.13937169313430786,
0.14211280643939972,
0.14695411920547485,
0.15128003060817719,
0.14732713997364044,
0.13983070850372314,
0.1354086548089981,
0.13382352888584137,
0.1353774070739746,
0.13719505071640015,
0.1381067931652069,
0.13926702737808228,
0.1407335251569748,
0.1422330141067505,
0.14403635263442993,
0.14442133903503418,
0.14348649978637695,
0.14277349412441254,
0.14273281395435333,
0.14266584813594818,
0.14246901869773865,
0.14260618388652802,
0.14279066026210785,
0.14292526245117188,
0.1428910493850708,
0.14253108203411102
]
}