{
"epoch": [
1,
2,
3,
4,
5,
6,
7,
8,
9,
10,
11,
12,
13,
14,
15,
16,
17,
18,
19,
20,
21,
22,
23,
24,
25,
26,
27,
28,
29,
30,
31,
32,
33,
34,
35,
36,
37,
38,
39,
40,
41,
42,
43,
44,
45,
46,
47,
48,
49,
50,
51,
52,
53,
54,
55,
56,
57,
58,
59,
60,
61,
62,
63,
64,
65,
66,
67,
68,
69,
70,
71,
72,
73,
74,
75,
76,
77,
78,
79,
80,
81,
82,
83,
84,
85,
86,
87,
88,
89,
90,
91,
92,
93,
94,
95,
96,
97,
98,
99,
100,
101,
102,
103,
104,
105,
106,
107,
108,
109,
110,
111,
112,
113,
114,
115,
116,
117,
118,
119,
120,
121,
122,
123,
124,
125,
126,
127,
128,
129,
130,
131,
132,
133,
134,
135,
136,
137,
138,
139,
140,
141,
142,
143,
144,
145,
146,
147,
148,
149,
150,
151,
152,
153,
154,
155,
156,
157,
158,
159,
160
],
"recon_loss": [
5.266561577846478,
2.464056796841807,
2.2384702214946994,
1.71477282202089,
1.4735266945578835,
1.6314244579959225,
1.2968405020701421,
1.1661329702897505,
0.9561009530897264,
1.0615085642059128,
0.9101245689701725,
0.9512045166709207,
0.9886529476611645,
0.8851349903391553,
0.8651378139272913,
0.8248294886056479,
0.73212262678456,
0.806677959956132,
0.6987737719114725,
0.5713683889283763,
0.3880534783586279,
0.33547798805422596,
0.5019155400139945,
0.5011332062157717,
0.5078951027486232,
0.3263370834000699,
0.4522959005523038,
0.5913849054992973,
0.5628693417295233,
0.42747394140664635,
0.37193458807932867,
0.4127476478551889,
0.29528402043627455,
0.31212860345840454,
0.3597309666794616,
0.3177025736152352,
0.3373185233636336,
0.3886923302303661,
0.2424660673389187,
0.2904630628499118,
0.27470001578330994,
0.26488990617262853,
0.2569882155625851,
0.27716420494116745,
0.24395171891559253,
0.24983904365595286,
0.2528018639846282,
0.20769770462791642,
0.19777453816556312,
0.2187056117630624,
0.20995190865420676,
0.2429200883035536,
0.2388481977698091,
0.19599465290447335,
0.26436293163856905,
0.45870243419300427,
0.3053447371953494,
0.3748614625497298,
0.3767024545700519,
0.3297128290325016,
0.2489934101120218,
0.2609651858930464,
0.24012401545202577,
0.2538106497619059,
0.2118961155027538,
0.23036414481602707,
0.2402670066077988,
0.23004914491207568,
0.23218297629387347,
0.2085100526546503,
0.2501115450611362,
0.24705335362391037,
0.26849364615105964,
0.2443951132235589,
0.24246896319575123,
0.22759600777130623,
0.2699708334811322,
0.24136337037984426,
0.2670450086717482,
0.23904215147742977,
0.28432941011020113,
0.272048990834843,
0.2447898933639774,
0.2781723025557283,
0.2860190597447482,
0.27314958518201654,
0.29631462519045,
0.3350831007028555,
0.39506799330959075,
0.3626288880001415,
0.3119216278775946,
0.3421302646785587,
0.29160010156693394,
0.27195380879687026,
0.2568685155023228,
0.24041900503170954,
0.24076177547504377,
0.24763094895071797,
0.2534131001342427,
0.24792237792696273,
0.2335396736086189,
0.2292435544651824,
0.2567775427521049,
0.2345423876465141,
0.21931460306241915,
0.24399795702525548,
0.26833206105541874,
0.24742737412452698,
0.2524599189108068,
0.2576110602973343,
0.23547501049258493,
0.20333853363990784,
0.20400264472156376,
0.21614061199225387,
0.21418373422189194,
0.2229162971307705,
0.224119929137168,
0.2079848467142551,
0.2213103086143345,
0.20684899660674008,
0.17951028658585114,
0.18696632691017992,
0.19231890083907485,
0.1976643471748798,
0.18795664008561666,
0.209687069638983,
0.1985046753248611,
0.17866264728756695,
0.16819802855516408,
0.1944173069356324,
0.1767361539524871,
0.16852484179007543,
0.16932503182392616,
0.18182814914684792,
0.16966980657020173,
0.19029370763085104,
0.1855416971367675,
0.16074152503694808,
0.18086408930165426,
0.17854589475439742,
0.16965845246593675,
0.17025840146975083,
0.17128797049646255,
0.17428151121387234,
0.16155482654447678,
0.1875319718927532,
0.1650756314977423,
0.17536536575137796,
0.18347518687898462,
0.1558180180462924,
0.17716346797230956,
0.16253894702954727,
0.1680213919320664,
0.1676778801075824,
0.15820747342976657,
0.17579020501731277,
0.1657282237882738,
0.15723221255587294,
0.1631688502701846,
0.16563577988705078
],
"sspg_loss": [
518.5775883662236,
26.305227601682986,
2.4402879151430996,
3.868308030165635,
2.520341913421433,
2.2991934658645037,
1.8790783882141113,
3.369641365943017,
2.1976980574719316,
2.533347010612488,
1.1269192060866913,
1.1438280916833259,
0.9460655001850872,
1.0812652250389,
1.0327285264993642,
0.9891633553938433,
1.3597598137793603,
1.0039914598712674,
0.951493582942269,
1.1942132169550115,
1.5084469597060959,
1.1218926248612342,
1.06233054476899,
1.04405463748164,
1.2096127232947906,
1.4215119024375817,
1.1941739429127087,
1.1317357289326655,
1.4218109482294554,
0.9483049798321415,
0.9909209740626348,
1.0556041095163915,
1.3333642262142975,
1.241552676473345,
1.1395957160305668,
1.1880674625371959,
1.1005530790849165,
1.0906860131721992,
1.1086012868138102,
1.0995365149014955,
1.1961854704014667,
1.0728395914102529,
1.0582554123618386,
1.02524560302883,
1.1497055052162766,
1.1808213692206841,
0.9766749731906048,
1.065212654215949,
0.9405098642621722,
0.9364090801833512,
1.0123814708226686,
0.9775330075969944,
0.9306056220810135,
0.9723199095044818,
0.9787427210188532,
0.8640716470681228,
1.3360407754972383,
1.0369746576655994,
1.0640730919776025,
0.9911603370270172,
0.9449720754251851,
0.9016788284499924,
0.9185443203170578,
0.9495195730940088,
0.8815820495803635,
0.9265032279026972,
0.9666967779010921,
0.9702436815608632,
1.0530843146435627,
1.1380035598556717,
0.9935235853319044,
1.0900988934876084,
0.903982518555282,
0.914356804513312,
1.0247842832045122,
1.0241304047696003,
0.8176011783736092,
0.9188723595111401,
0.8650670663102881,
1.3976805148186622,
0.937134102954493,
1.0837800421498038,
1.022756906298848,
0.8901158969897729,
0.9933897210406019,
0.8605796555420021,
1.019316417830331,
1.1333478426004384,
1.0505771064139031,
0.9195106772633342,
0.9908152988978794,
0.9478654249922022,
0.8473158749667081,
0.8830423262212184,
0.8881384002697932,
1.1165465302281565,
0.9576120856520417,
0.8744175627634123,
0.8709923299876127,
0.7972873836368709,
0.8199207372479624,
0.8437966766295495,
0.8748415042827655,
0.8429425467144359,
0.8597728068178351,
0.8489500702201546,
0.7681495415699946,
0.7647621283283481,
0.7762957997136302,
0.7629414634271101,
0.7280981556161658,
0.8077590419100477,
0.8720727888020602,
0.8021146455755481,
0.7784678038064535,
0.7629431842209456,
0.7364331932810994,
0.7577044483903167,
0.7627699731232284,
0.7226024393911485,
0.7377800461533782,
0.6999572321966097,
0.7343559985036974,
0.709672547780074,
0.7063352438536558,
0.7572966434738853,
0.7542829180692697,
0.7279321311356185,
0.7169786289140776,
0.6941247292153248,
0.6828916576001551,
0.72221273106414,
0.7430239389469098,
0.6898261564118522,
0.6906112951117677,
0.6592570403953651,
0.6723148242219702,
0.6537438650409897,
0.6566873138601129,
0.6599437664081524,
0.6715688357105503,
0.6949498730820495,
0.684766212841133,
0.6810770189607298,
0.6921580317732575,
0.6922618638385426,
0.7053557634353638,
0.6764395840756305,
0.6635436071203901,
0.6883397717754562,
0.6663240000799104,
0.6802002261211346,
0.6684701520127135,
0.7410858548306799,
0.6875534607218458,
0.6835989456672174,
0.6808237890144447,
0.6755747547397366,
0.6950807834600473,
0.6805879024716167
],