{
"epoch": [
1,
2,
3,
4,
5,
6,
7,
8,
9,
10,
11,
12,
13,
14,
15,
16,
17,
18,
19,
20,
21,
22,
23,
24,
25,
26,
27,
28,
29,
30,
31,
32,
33,
34,
35,
36,
37,
38,
39,
40,
41,
42,
43,
44,
45,
46,
47,
48,
49,
50,
51,
52,
53,
54,
55,
56,
57,
58,
59,
60,
61,
62,
63,
64,
65,
66,
67,
68,
69,
70,
71,
72,
73,
74,
75,
76,
77,
78,
79,
80,
81,
82,
83,
84,
85,
86,
87,
88,
89,
90,
91,
92,
93,
94,
95,
96,
97,
98,
99,
100
],
"train_loss": [
1048.4210761041925,
1020.3808231164913,
988.8435681031482,
914.0465743565323,
865.9980119761855,
762.7389248385288,
699.2508626692365,
638.6561110090502,
605.8292248414294,
502.41970069809713,
436.26403446008663,
408.0342195718595,
358.08455639074344,
327.7699542659344,
289.56583623602836,
274.3244100136332,
281.1769452992052,
300.02161928686763,
307.41196917543317,
294.4057970707959,
258.08462615060336,
307.27378769676284,
277.3746863639001,
295.7597772579382,
316.0173660127243,
302.0613814250077,
307.52090801578936,
269.9855619373888,
304.07734060759594,
314.92764221795716,
265.3300222264658,
294.50674408261136,
302.49326875894377,
306.37859200959156,
266.4283278059251,
297.28931797140893,
281.60977097313,
277.7579622929639,
277.3504814676719,
303.0636406322517,
297.46482562074567,
273.79274817740566,
294.1698865229541,
296.91266654741645,
340.2144388633199,
300.60948105613784,
273.98352171642944,
263.0360160298867,
311.0463758411974,
282.25633647654314,
286.33556705890317,
263.76379681577777,
293.1248466567238,
313.3115817532681,
310.7516474959874,
276.36067471645845,
292.8258487588108,
277.8029381402648,
276.904934156059,
331.0591406491723,
298.47079037203645,
319.7377252862005,
313.98275515112545,
283.160094308381,
246.8310879244663,
273.5431887182859,
309.9179596853728,
273.7861717903968,
301.7964374806621,
290.5979742673364,
303.00008656718944,
263.41559045621665,
284.05248963006653,
282.8430299664488,
286.6084385484752,
311.59603866728224,
298.8969925984298,
277.0490267914121,
287.9658454668404,
285.6010254208404,
300.1309007701307,
308.3637748189492,
272.22028379157035,
257.685560774095,
296.3567652183004,
259.5419252603361,
277.1365344359143,
303.14818308613087,
257.1618980181099,
264.68891952061415,
259.7593148108756,
278.52090525863196,
297.82988595490406,
278.52682253393795,
274.3135367667321,
268.79025026831295,
273.90857175317143,
289.2278484684406,
255.86492134320855,
256.29147520159734
],
"val_loss": [
0.40714946389198303,
0.40714946389198303,
0.40714946389198303,
0.40714946389198303,
0.40714946389198303,
0.40714946389198303,
0.40714946389198303,
0.40714946389198303,
0.40714946389198303,
0.40714946389198303,
0.40714946389198303,
0.40714946389198303,
0.40714946389198303,
0.40714946389198303,
0.40714946389198303,
0.40714946389198303,
0.40714946389198303,
0.40714946389198303,
0.40714946389198303,
0.40714946389198303,
0.40714946389198303,
0.40714946389198303,
0.40714946389198303,
0.40714946389198303,
0.40714946389198303,
0.40714946389198303,
0.40714946389198303,
0.40714946389198303,
0.40714946389198303,
0.40714946389198303,
0.40714946389198303,
0.40714946389198303,
0.40714946389198303,
0.40714946389198303,
0.40714946389198303,
0.40714946389198303,
0.40714946389198303,
0.40714946389198303,
0.40714946389198303,
0.40714946389198303,
0.40714946389198303,
0.40714946389198303,
0.40714946389198303,
0.40714946389198303,
0.40714946389198303,
0.40714946389198303,
0.40714946389198303,
0.40714946389198303,
0.40714946389198303,
0.40714946389198303,
0.40714946389198303,
0.40714946389198303,
0.40714946389198303,
0.40714946389198303,
0.40714946389198303,
0.40714946389198303,
0.40714946389198303,
0.40714946389198303,
0.40714946389198303,
0.40714946389198303,
0.40714946389198303,
0.40714946389198303,
0.40714946389198303,
0.40714946389198303,
0.40714946389198303,
0.40714946389198303,
0.40714946389198303,
0.40714946389198303,
0.40714946389198303,
0.40714946389198303,
0.40714946389198303,
0.40714946389198303,
0.40714946389198303,
0.40714946389198303,
0.40714946389198303,
0.40714946389198303,
0.40714946389198303,
0.40714946389198303,
0.40714946389198303,
0.40714946389198303,
0.40714946389198303,
0.40714946389198303,
0.40714946389198303,
0.40714946389198303,
0.40714946389198303,
0.40714946389198303,
0.40714946389198303,
0.40714946389198303,
0.40714946389198303,
0.40714946389198303,
0.40714946389198303,
0.40714946389198303,
0.40714946389198303,
0.40714946389198303,
0.40714946389198303,
0.40714946389198303,
0.40714946389198303,
0.40714946389198303,
0.40714946389198303,
0.40714946389198303
]
}