{
  "sspg": {
    "n": 31,
    "pearson_r": -0.38964317387162745,
    "pearson_p": 0.03025420871523957,
    "spearman_r": -0.21561048002261254,
    "spearman_p": 0.24405938032934255,
    "r2": -11.293885459991145,
    "rmse": 255.18877511422875,
    "mae": 206.5650364045174,
    "true_mean": 120.70967741935483,
    "true_std": 72.78082698977319,
    "pred_mean": 317.6960188342679,
    "pred_std": 119.37381017210659
  },
  "di": {
    "n": 31,
    "pearson_r": 0.24623569880391982,
    "pearson_p": 0.18177466393367292,
    "spearman_r": 0.09435942024913739,
    "spearman_p": 0.6136218350194754,
    "r2": -0.9474627021197934,
    "rmse": 1.754906654821138,
    "mae": 1.4416577736835574,
    "true_mean": 1.8936091191507118,
    "true_std": 1.2575331618710184,
    "pred_mean": 1.8277583276071856,
    "pred_std": 1.5705437773706992
  }
}