{
"epoch": [
1,
2,
3,
4,
5,
6,
7,
8,
9,
10,
11,
12,
13,
14,
15,
16,
17,
18,
19,
20,
21,
22,
23,
24,
25,
26,
27,
28,
29,
30,
31,
32,
33,
34,
35,
36,
37,
38,
39,
40,
41,
42,
43,
44,
45,
46,
47,
48,
49,
50,
51,
52,
53,
54,
55,
56,
57,
58,
59,
60,
61,
62,
63,
64,
65,
66,
67,
68,
69,
70,
71,
72,
73,
74,
75,
76,
77,
78,
79,
80,
81,
82,
83,
84,
85,
86,
87,
88,
89,
90,
91,
92,
93,
94,
95,
96,
97,
98,
99,
100
],
"train_loss": [
3.7692488973790947,
2.0224633774200043,
1.462939064224045,
1.429015707660031,
1.286768677946809,
0.9865658244529327,
0.7372701895701421,
0.8202925339921728,
0.8803480832607715,
0.7165200245844854,
0.676648029259273,
0.6859782400069299,
0.6917022993038227,
0.620901526568772,
0.6596774644665904,
0.6380302673810488,
0.6040922991641156,
0.6078691699288108,
0.5890446235607196,
0.5999550587171084,
0.5926505141444021,
0.5943303278514317,
0.5522965212146957,
0.5835960259685269,
0.5679259253786756,
0.5630113474734417,
0.5653507492759011,
0.5582779080836804,
0.5846405338931393,
0.5647378323914168,
0.5886029577874518,
0.5624312851336095,
0.5682426799427379,
0.5467447940405313,
0.5609101447966192,
0.5399247744640747,
0.5513595474230779,
0.5544443428516388,
0.5252651007144482,
0.5685402394889237,
0.5688215107112736,
0.5750628887832939,
0.5384266848688002,
0.5347994000880749,
0.5289255984417804,
0.5505652799234761,
0.5545116786832933,
0.5411819529223751,
0.5315249144256889,
0.5455513124342088,
0.551357087763873,
0.534160336890778,
0.5284842918445538,
0.5520760533097503,
0.5484583780363008,
0.5581009833069591,
0.5487398102686003,
0.5335656512867321,
0.5517615985560727,
0.54630941075164,
0.5363269781137442,
0.5353195040256946,
0.5318596688183871,
0.5089122173074004,
0.531025966266533,
0.5284537580106166,
0.5413964197233125,
0.53916166045449,
0.5327085891327301,
0.5333306208833472,
0.526525645287006,
0.5461986560326118,
0.5380244026710461,
0.5712142826674821,
0.5347412716258656,
0.5404553126979184,
0.5424669826185549,
0.5434913503659236,
0.5319258756451792,
0.5481381114427145,
0.5247708435182448,
0.547413568218033,
0.5375566722510697,
0.5405327817062279,
0.5584185804639544,
0.5275576037245912,
0.5278000258780146,
0.542663909398116,
0.5322175142052886,
0.5333135596343449,
0.5270021666180004,
0.5399802025262411,
0.543367334000476,
0.5258446598981882,
0.523289214481007,
0.5327735109762712,
0.5311286902272856,
0.508894346751176,
0.531048980626193,
0.5363740023080404
],
"val_loss": [
0.37482789158821106,
0.3806394934654236,
0.38962122797966003,
0.3926127552986145,
0.3975343108177185,
0.3921927511692047,
0.38554948568344116,
0.37682411074638367,
0.36942583322525024,
0.3697469234466553,
0.3721517026424408,
0.3713293969631195,
0.3693560063838959,
0.3695641756057739,
0.36797893047332764,
0.37236347794532776,
0.37942934036254883,
0.3757103383541107,
0.37173551321029663,
0.36547961831092834,
0.3614198863506317,
0.36378204822540283,
0.36559078097343445,
0.36904311180114746,
0.37081149220466614,
0.36831602454185486,
0.3660404682159424,
0.36282816529273987,
0.3716283142566681,
0.36924299597740173,
0.3739127218723297,
0.37438932061195374,
0.36669573187828064,
0.3654392659664154,
0.36978858709335327,
0.365436315536499,
0.3732936382293701,
0.365018755197525,
0.36969950795173645,
0.36886611580848694,
0.3734009861946106,
0.3681683838367462,
0.3685617744922638,
0.36988186836242676,
0.37312376499176025,
0.36482372879981995,
0.36686137318611145,
0.36450740694999695,
0.36475899815559387,
0.36760804057121277,
0.36767932772636414,
0.3649749457836151,
0.3650384545326233,
0.36512088775634766,
0.3655398190021515,
0.3661365509033203,
0.36836063861846924,
0.3667263984680176,
0.3707100749015808,
0.3714836537837982,
0.3731747269630432,
0.37009966373443604,
0.3723936080932617,
0.36363449692726135,
0.3641122579574585,
0.363392174243927,
0.3642975687980652,
0.3640299141407013,
0.3651531934738159,
0.36624184250831604,
0.3676075041294098,
0.3666073679924011,
0.3656230866909027,
0.366817444562912,
0.3672001361846924,
0.36787453293800354,
0.3669194281101227,
0.36465710401535034,
0.36371302604675293,
0.3626047372817993,
0.3627161681652069,
0.36254405975341797,
0.36260369420051575,
0.3627074062824249,
0.36292746663093567,
0.36366817355155945,
0.36405763030052185,
0.36488255858421326,
0.3660329282283783,
0.36682048439979553,
0.3666662871837616,
0.3660736680030823,
0.3656410276889801,
0.3651748299598694,
0.3646876811981201,
0.36418265104293823,
0.3639223873615265,
0.36387044191360474,
0.3638986647129059,
0.3639766275882721
]
}