{
"epoch": [
1,
2,
3,
4,
5,
6,
7,
8,
9,
10,
11,
12,
13,
14,
15,
16,
17,
18,
19,
20,
21,
22,
23,
24,
25,
26,
27,
28,
29,
30,
31,
32,
33,
34,
35,
36,
37,
38,
39,
40,
41,
42,
43,
44,
45,
46,
47,
48,
49,
50,
51,
52,
53,
54,
55,
56,
57,
58,
59,
60,
61,
62,
63,
64,
65,
66,
67,
68,
69,
70,
71,
72,
73,
74,
75,
76,
77,
78,
79,
80,
81,
82,
83,
84,
85,
86,
87,
88,
89,
90,
91,
92,
93,
94,
95,
96,
97,
98,
99,
100
],
"recon_loss": [
0.2971968430203277,
0.2941824207445244,
0.3048770737338376,
0.3154353582626813,
0.32357436708815684,
0.3236859247281954,
0.31597618894143537,
0.3072370391387444,
0.3020380913437187,
0.30075366891823807,
0.30160450083868845,
0.2963652227606092,
0.298005017947841,
0.2970787975695226,
0.3020561488417836,
0.2940314766261485,
0.293357671855332,
0.2962121216507701,
0.3015299541996671,
0.2982019255687664,
0.2913220130003892,
0.296781578621307,
0.292292365973646,
0.2993226031978409,
0.295860801424299,
0.29360034868314666,
0.2922789032583113,
0.29717512080421693,
0.29522296050926305,
0.30316088300246696,
0.2979404179306773,
0.29717761123335207,
0.3047542904878592,
0.29343182467795037,
0.3020985587076707,
0.29453625578384895,
0.2975276998885266,
0.2933671162887053,
0.29475067788130277,
0.29533823395704295,
0.2950009053403681,
0.2958047788638573,
0.2920289515674888,
0.29748479944544953,
0.29295501732206963,
0.2903826186409244,
0.2949748952667435,
0.2892899366168233,
0.29032157806607034,
0.291317921954316,
0.3007363173868749,
0.2869194018376338,
0.2877099819771655,
0.2922664497579847,
0.29937144533380283,
0.2963026384641598,
0.2912424849225329,
0.287812598339923,
0.2890853788945582,
0.28996197782553634,
0.2973112974848066,
0.29606872216447605,
0.2932548333298076,
0.2889660509762826,
0.29321867034032745,
0.29007384239079115,
0.29458215948823213,
0.29050069389405186,
0.2970810435809098,
0.2919840555299412,
0.28787883264677866,
0.29049426936484,
0.29166018827395007,
0.2906193859004355,
0.2941686619411815,
0.2902537357884568,
0.294085864509855,
0.30127184228463605,
0.2866796324779461,
0.2904182852475674,
0.2908990561188041,
0.29814291774452506,
0.2961584496033656,
0.2887903850573998,
0.30020113270004073,
0.29374480673245024,
0.29297400778764254,
0.2927846328004614,
0.298397790688973,
0.29129276163392254,
0.2927267133415519,
0.2995398408406741,
0.29254049488476347,
0.28836492555482046,
0.29120237099659907,
0.29295985342620257,
0.29592953796510574,
0.2911053416016814,
0.2942482674276674,
0.28951652580267423
],
"sspg_loss": [
9.440089937928436,
6.170078401441698,
4.420258732585164,
3.645701843422729,
2.577353842846759,
2.116833892735568,
1.2964036278910451,
1.830316864050828,
2.594678866398799,
1.7307091502400187,
1.474504922891592,
1.6490521245188527,
1.148338899983988,
1.4828710246395755,
1.629265672200686,
1.7552772025009253,
1.2310948681521725,
1.2653745505716893,
1.1389566226439043,
1.2365446276478953,
1.2638419200847675,
1.2367846547783194,
1.0219918117894755,
1.1271403246111684,
1.1422691004616874,
1.0822679857154944,
1.1692232822442983,
1.035782214883086,
1.0790653971882609,
1.1500484262193953,
1.0537612995544037,
0.9371181540674978,
1.1288470974216214,
0.9001217778626974,
1.0564465097018652,
0.9779439963303603,
0.9620368434237195,
1.0888378279549735,
0.949206167227262,
1.1124216349093945,
1.0580681577905433,
1.084043067771119,
0.9682344616233528,
0.8793054695253248,
0.8735227313908663,
1.1250988663016976,
0.9836693228065193,
0.9686783993398989,
0.9449451558001629,
0.9062436633295827,
1.048389468487207,
0.982577446219209,
0.9676293877812175,
1.0046729143563804,
1.0303019896730201,
1.047440225427801,
1.0138421956594887,
1.0006889244178674,
1.0784144231251307,
1.0001361927428802,
0.9012011939829047,
0.9392275872168603,
0.9705816786010544,
0.833297354060334,
0.9883677618844169,
0.9106985175764406,
1.013491546178793,
0.9345577057305868,
0.8662175451006208,
0.9099982589870305,
0.8653382217729246,
1.023241571017674,
1.0571119274411882,
1.0946469786879305,
0.9409027022200745,
1.0457567874487343,
1.0496220232604385,
0.9570984577203726,
0.9781691222995906,
1.0203540557390685,
0.9105041731487621,
1.0023413958487573,
0.9412657130848278,
0.9575692709390219,
1.0420671624022644,
0.9168902256272056,
0.9140418953709788,
1.0008585220807558,
0.9409632272534556,
1.0071601356778825,
0.9302452601395644,
0.9292819089703745,
1.0226365087868332,
0.9201991387775966,
0.9407073259353638,
0.8962628121499892,
0.9175981557988501,
0.8438794550957618,
0.9373063174161044,
0.9840057592887383
],
"di_loss": [
24.746045199307527,
10.582134271596933,
6.634371695580421,
6.967633408385438,
6.53459797277079,
3.993876395287452,
2.4000254389527558,
2.7853032675656406,
2.675702683337323,
1.915235821302835,
1.7644325092241362,
1.735126518583917,
2.2765177766998095,
1.242681724684579,
1.4340899431860292,
1.1722630959052545,
1.3624411836847083,
1.3356331880990562,
1.2190487802802743,
1.2631685486087552,
1.2322345863689075,
1.2214692165325214,
1.0600691646724552,
1.1971357131933238,
1.0600194234352607,
1.0944903585817907,
1.045585127619954,
1.0601303608386548,
1.300432047286591,
0.9513779592204403,
1.3380374180806147,
1.199805668422154,
0.9908037766233667,
1.118654508095283,
1.0182907062691529,
0.9625532394879824,
1.0628650219409497,
1.0084979147106021,
0.8420314579815059,
1.1053833574443668,
1.1658145854999493,
1.194362063686569,
0.9815125124795097,
0.9795392643321644,
0.9719778376740295,
0.9627396069563828,
1.097773350678481,
1.035932581146042,
0.9521068938366779,
1.1208857963611554,
0.9424247679772315,
0.9742673620001062,
0.9243845796430266,
1.0777537296344708,
0.9448601800900001,
1.0547523452089977,
1.0450455352857515,
0.9404729852428684,
1.0319077720889798,
1.0465175672010942,
0.9717339919759082,
0.9359071223766773,
0.8981444545380481,
0.8487367235220872,
0.8721985426041987,
0.9556837670214764,
0.937347655559515,
1.0344210530256297,
0.972238749652714,
0.985643173967089,
1.003296492548732,
1.0160283252790376,
0.8889716631406314,
1.1938210958010191,
0.9472951548440116,
0.9388219721905597,
0.9168398519615074,
0.947874576240391,
0.9571986941548137,
1.039847875570322,
0.9112285383335956,
0.9733378426595167,
0.9556990219401075,
1.0428647205427095,
1.0230945426148255,
0.9041850915202847,
0.917109261859547,
0.9807787916877053,
0.8800455796254145,
0.8958414812366684,
0.8953207313240349,
0.9579843213031818,
0.9685607451897162,
0.9375825547552729,
0.863197901806274,
0.9849525287553862,
0.9175122929857923,
0.8171553302120853,
0.9138565040253973,
0.9677313024347479
],