{
  "sspg_spearman": 0.7729323308270677,
  "di_spearman": 0.6088235294117647,
  "sspg_mae": 59.616110331954665,
  "di_mae": 0.46636700164845807,
  "pca_explained_var_ratio": [
    0.9259790171281331,
    0.04972675291149475
  ]
}