{
  "n": 16,
  "pearson_r": 0.6607460910767995,
  "pearson_p": 0.005328621531419617,
  "spearman_r": 0.5,
  "spearman_p": 0.04858028888702393,
  "r2": 0.3948085776325332,
  "rmse": 0.5640066783122268,
  "mae": 0.42260062879351645
}