{
  "n": 20,
  "pearson_r": 0.577184125333495,
  "pearson_p": 0.0077070792837434085,
  "spearman_r": 0.6992481203007518,
  "spearman_p": 0.000601641629003831,
  "r2": 0.17916311527908324,
  "rmse": 72.31734262002702,
  "mae": 56.00186468790806
}