{
"epoch": [
1,
2,
3,
4,
5,
6,
7,
8,
9,
10,
11,
12,
13,
14,
15,
16,
17,
18,
19,
20,
21,
22,
23,
24,
25,
26,
27,
28,
29,
30,
31,
32,
33,
34,
35,
36,
37,
38,
39,
40,
41,
42,
43,
44,
45,
46,
47,
48,
49,
50,
51,
52,
53,
54,
55,
56,
57,
58,
59,
60,
61,
62,
63,
64,
65,
66,
67,
68,
69,
70,
71,
72,
73,
74,
75,
76,
77,
78,
79,
80,
81,
82,
83,
84,
85,
86,
87,
88,
89,
90,
91,
92,
93,
94,
95,
96,
97,
98,
99,
100
],
"train_loss": [
1403.1800624302455,
745.3171719637784,
663.8393455604454,
673.8165695388595,
538.5638879553064,
523.0314909699675,
543.7887636655337,
578.8809600433746,
567.5343314827262,
519.2933452655743,
509.00732223708906,
594.7155309900061,
571.1870537299615,
483.507080078125,
611.7065358347706,
553.9384680413581,
567.5495760038301,
520.3907391436688,
604.7124602082488,
504.8167395653663,
573.6226029829545,
547.7262486049107,
447.51657064858966,
601.416849507914,
604.7911749505378,
520.4264793891412,
577.670070895901,
643.2572354403409,
571.9773242504566,
500.13714124010755,
572.759929706524,
471.7015028123732,
511.9866364714387,
509.4599538035207,
457.76538006671063,
473.11302680473824,
452.66776662058646,
438.6474042619978,
454.996290330763,
439.7460636287541,
442.45541698901684,
416.1892854764864,
367.3992246157163,
436.8291332690747,
451.7635220614347,
436.3877329640574,
404.35794225915686,
410.8493386801187,
431.21669263963577,
481.86335932744015,
417.6360816460151,
447.9652654474432,
419.11080021053164,
474.39528613895567,
432.5432913643973,
447.8407769141259,
430.62209250710225,
432.5342534052861,
493.46525276481333,
440.27271776075486,
435.57716230912644,
358.82369717684657,
428.9528142755682,
375.2558752282873,
408.0215965370079,
538.9902934284953,
507.06861025327214,
430.45406708160004,
440.14900821834414,
503.6050882711039,
445.15554968103186,
403.1087119362571,
427.350408777014,
356.96744051846593,
384.6470138747971,
444.87223439402396,
377.39912097485035,
414.0807764623072,
427.93783648602374,
448.5896297306209,
427.02530898057023,
364.80152754350144,
405.6898510425122,
447.03699126800933,
381.03202641474735,
396.89630840351055,
341.0211293604467,
463.03497314453125,
378.9917850246677,
409.3667356813109,
370.11666117086037,
465.2398923403257,
367.79436502828224,
464.93107307731333,
422.81791786094766,
460.0806329900568,
505.6157626858005,
448.32198343648537,
572.8429446530032,
435.4773674506646
],
"val_loss": [
2.9980928897857666,
2.420379161834717,
3.791381359100342,
3.637218952178955,
3.0492258071899414,
2.8652689456939697,
2.8362059593200684,
2.826490879058838,
2.826507329940796,
2.832807779312134,
2.845353126525879,
2.808992385864258,
2.7806591987609863,
2.7088427543640137,
2.472738265991211,
2.432114601135254,
2.3254523277282715,
2.127582550048828,
2.0984983444213867,
1.9708542823791504,
1.910319447517395,
1.905920147895813,
1.896378517150879,
1.4775135517120361,
2.196488380432129,
2.1435320377349854,
2.0764904022216797,
2.013827085494995,
1.8585718870162964,
1.6960967779159546,
1.7199163436889648,
1.9243299961090088,
2.0087125301361084,
1.9236582517623901,
2.2953031063079834,
1.8480982780456543,
1.8666815757751465,
1.830216646194458,
1.682743787765503,
1.7216323614120483,
1.6271424293518066,
1.5951637029647827,
1.613479495048523,
1.6206340789794922,
1.6090384721755981,
1.6233798265457153,
1.695561408996582,
1.5930930376052856,
1.5899620056152344,
1.6226797103881836,
1.6522634029388428,
1.6073403358459473,
1.577111840248108,
1.5717105865478516,
1.5701168775558472,
1.55648934841156,
1.5592937469482422,
1.5774877071380615,
1.6054151058197021,
1.4742567539215088,
1.5376862287521362,
1.5709699392318726,
1.581189751625061,
1.6276202201843262,
1.542354941368103,
1.7641289234161377,
1.5630970001220703,
1.5830832719802856,
1.5475611686706543,
1.7887402772903442,
1.5042784214019775,
1.4918099641799927,
2.472090005874634,
2.322420358657837,
2.330049753189087,
2.322901725769043,
2.28084659576416,
2.1765859127044678,
2.0792365074157715,
2.149592399597168,
2.1808197498321533,
2.056413173675537,
1.5921670198440552,
1.6996402740478516,
1.6052308082580566,
1.7524902820587158,
1.4752055406570435,
1.4254603385925293,
1.4856133460998535,
1.4939079284667969,
1.6253076791763306,
1.7150918245315552,
2.3105459213256836,
2.4286069869995117,
1.6562800407409668,
1.5420160293579102,
1.6208243370056152,
1.639448881149292,
1.6234396696090698,
1.6244416236877441
]
}