{
"epoch": [
1,
2,
3,
4,
5,
6,
7,
8,
9,
10,
11,
12,
13,
14,
15,
16,
17,
18,
19,
20,
21,
22,
23,
24,
25,
26,
27,
28,
29,
30,
31,
32,
33,
34,
35,
36,
37,
38,
39,
40,
41,
42,
43,
44,
45,
46,
47,
48,
49,
50,
51,
52,
53,
54,
55,
56,
57,
58,
59,
60,
61,
62,
63,
64,
65,
66,
67,
68,
69,
70,
71,
72,
73,
74,
75,
76,
77,
78,
79,
80,
81,
82,
83,
84,
85,
86,
87,
88,
89,
90,
91,
92,
93,
94,
95,
96,
97,
98,
99,
100,
101,
102,
103,
104,
105,
106,
107,
108,
109,
110,
111,
112,
113,
114,
115,
116,
117,
118,
119,
120,
121,
122,
123,
124,
125,
126,
127,
128,
129,
130,
131,
132,
133,
134,
135,
136,
137,
138,
139,
140,
141,
142,
143,
144,
145,
146,
147,
148,
149,
150,
151,
152,
153,
154,
155,
156,
157,
158,
159,
160,
161,
162,
163,
164,
165,
166,
167,
168,
169,
170,
171,
172,
173,
174,
175,
176,
177,
178,
179,
180,
181,
182,
183,
184,
185,
186,
187,
188,
189,
190,
191,
192,
193,
194,
195,
196,
197,
198,
199,
200
],
"recon_loss": [
0.1496415622048564,
0.17047829732492373,
0.13815087718623026,
0.1424439215621391,
0.15388774117092033,
0.17915233795518998,
0.14602872477723405,
0.13883174762323305,
0.15309041777214447,
0.15066502891577682,
0.13739966514048638,
0.1479797898368402,
0.1701495995769253,
0.1532629904421893,
0.1672271331409355,
0.1434251648652089,
0.15741896629333496,
0.16241668667886164,
0.16575556103285258,
0.15550772768336457,
0.1446472272857443,
0.1467950882075669,
0.16108155250549316,
0.14472388330992167,
0.15410738564156867,
0.15396530713353837,
0.14762472003311305,
0.1435067711712478,
0.15734151915296332,
0.1491060173743731,
0.1472524358080579,
0.155916447376276,
0.1506619399244135,
0.14367758356905602,
0.1517940080398089,
0.1637866748617841,
0.15149415506945027,
0.1426218705517905,
0.17047975725167758,
0.15593679094469393,
0.16554716732594874,
0.1453161717622311,
0.15643203258514404,
0.14237563660392513,
0.15203916116968377,
0.15921249656708208,
0.14399035236278138,
0.13803034962771774,
0.14256252541944578,
0.14604048227721994,
0.14902524204997272,
0.16125073487108404,
0.14714523859612352,
0.14795714365197465,
0.14606798807908963,
0.15369555450879135,
0.14720721755708968,
0.13945237266552912,
0.15855106982317838,
0.17484505300397996,
0.1422261961481788,
0.1479037588873467,
0.15157620995849758,
0.14979908373448755,
0.15445915077413833,
0.15034419627158674,
0.1526035364572104,
0.15504182730015223,
0.16759402198450907,
0.1638080630596582,
0.15437836112914147,
0.1584243058384239,
0.14007484003320916,
0.15435763516209342
],
"sspg_loss": [
182.70995667692904,
136.73348107276024,
100.13023703438895,
54.57696117054332,
32.62973111635679,
31.35121674971147,
44.98987856778231,
27.80444536580668,
28.39572557226404,
31.666415202153193,
31.354556294230672,
22.572144471205675,
23.81422062663289,
18.111057231952618,
17.72415104160061,
13.653550172781015,
14.06107861655099,
17.020392653229948,
12.266401835850306,
8.150692772555661,
7.013895746949431,
10.27704937427075,
8.02189083223219,
7.2927890195475,
7.043863661877521,
4.17018174505853,
5.137079780752009,
4.741844907983557,
3.743066862032011,
4.336831950522089,
3.861048747966816,
2.9264845290741364,
2.3984889271971466,
2.1032966065716434,
2.4670737068374438,
1.5270983615478912,
1.8528366615245868,
1.5696877566250889,
1.8187900487478676,
1.2441677923326369,
1.713477077422204,
1.0150232361508655,
1.288949492689851,
1.3146144012352088,
1.6906009618338051,
1.0762662067041768,
1.2077518136470349,
0.9568291515498967,
0.6759355540399428,
0.9117460684342817,
0.9013903853181121,
0.9931651400281237,
0.9112609322969015,
0.8315747318329749,
0.8803509775694315,
0.8479990378602759,
0.8535020250778693,
0.7826930988918651,
0.6267037585184172,
0.7085763053460554,
0.6972945595716501,
0.7316801346741714,
0.6432350742352473,
0.6939882036153372,
0.8120594798744499,
0.8568621331995184,
0.7536060260487841,
0.7116802481861858,
0.7741609827264563,
0.6390983322998146,
0.7484102535557438,
0.8034215546273565,
0.7860945943114045,
0.7186163207153221
],
"di_loss": [
57.094007715002284,
55.94585609436035,
46.88878312048974,
38.32623761660093,
24.79308187806761,
21.18232026038232,
32.806155266699854,
23.270884303303507,
22.480692677683646,
21.52836711685379,
19.02288357623212,
13.320456071333451,
19.61871793672636,
18.252878585419097,
18.438220284201883,
11.006005014692034,
14.234848096773222,
10.691383138879553,
7.540668846724869,
8.898423938008097,
9.603249227845824,
5.570330471187443,
5.203692473374404,
5.362396946201077,
3.9938835911936574,
4.230496270315988,
4.064266161485151,
3.1998214721679688,
3.140423229762486,
2.1453258511307953,
2.2366763554610216,
1.6049048126517953,
2.5239067170527076,
1.9744465660739254,
2.471677640815834,
1.604239730091838,
1.7169611144375492,
1.3409641470227922,
1.6330137036063455,
1.1095255783626012,
0.9979668298324982,
1.1602313611414525,
1.0373432140845757,
1.0199657941793467,
0.8411748088025427,
0.7525973378063796,
0.763068521564657,
0.6754914762137773,
0.80206180547739,
0.9490340437207904,
0.7692630856068103,
0.6945108407503598,
0.6720158620314165,
0.9361951165385061,
0.8343406373804266,
0.7087537746924859,
0.7086232877396917,
0.7957243238176618,
0.756543899511362,
0.7831923621041434,
0.7819447486431568,
0.7219710264887128,
0.791482548435013,
0.7136618022794847,
0.7234343507073142,
0.7826657233300147,
0.7421971768527836,
0.7285059179578509,
0.7715108379141077,
0.7978516538421829,
0.7170820398764177,
0.6568223160582704,
0.8623018187361878,
0.669068508333974
],
"si_cv": [
0.25661277770996094,
0.25661277770996094,
0.25661277770996094,
0.25661277770996094,
0.25661277770996094,
0.25661277770996094,
0.25661277770996094,
0.25661277770996094,
0.25661277770996094,
0.25661277770996094,
0.25661277770996094,
0.25661277770996094,
0.25661277770996094,
0.25661277770996094,
0.25661277770996094,
0.25661277770996094,
0.25661277770996094,
0.25661277770996094,
0.25661277770996094,
0.25661277770996094,
0.25661277770996094,
0.25661277770996094,
0.25661277770996094,
0.25661277770996094,
0.25661277770996094,
0.25661277770996094,
0.25661277770996094,
0.25661277770996094,
0.25661277770996094,
0.25661277770996094,
0.25661277770996094,
0.25661277770996094,
0.25661277770996094,
0.25661277770996094,
0.25661277770996094,
0.25661277770996094,
0.25661277770996094,
0.25661277770996094,
0.25661277770996094,
0.25661277770996094,
0.25661277770996094,
0.25661277770996094,
0.25661277770996094,
0.25661277770996094,
0.25661277770996094,
0.25661277770996094,
0.25661277770996094,
0.25661277770996094,
0.25661277770996094,
0.25661277770996094,
0.25661277770996094,
0.25661277770996094,
0.25661277770996094,
0.25661277770996094,
0.25661277770996094,
0.25661277770996094,
0.25661277770996094,
0.25661277770996094,
0.25661277770996094,
0.25661277770996094,
0.25661277770996094,
0.25661277770996094,
0.25661277770996094,
0.25661277770996094,
0.25661277770996094,
0.25661277770996094,
0.25661277770996094,
0.25661277770996094,
0.25661277770996094,
0.25661277770996094,
0.25661277770996094,
0.25661277770996094,
0.25661277770996094,
0.25661277770996094
],