{
"epoch": [
1,
2,
3,
4,
5,
6,
7,
8,
9,
10,
11,
12,
13,
14,
15,
16,
17,
18,
19,
20,
21,
22,
23,
24,
25,
26,
27,
28,
29,
30,
31,
32,
33,
34,
35,
36,
37,
38,
39,
40,
41,
42,
43,
44,
45,
46,
47,
48,
49,
50,
51,
52,
53,
54,
55,
56,
57,
58,
59,
60,
61,
62,
63,
64,
65,
66,
67,
68,
69,
70,
71,
72,
73,
74,
75,
76,
77,
78,
79,
80,
81,
82,
83,
84,
85,
86,
87,
88,
89,
90,
91,
92,
93,
94,
95,
96,
97,
98,
99,
100,
101,
102,
103,
104,
105,
106,
107,
108,
109,
110,
111,
112,
113,
114,
115,
116,
117,
118,
119,
120,
121,
122,
123,
124,
125,
126,
127,
128,
129,
130,
131,
132,
133,
134,
135,
136,
137,
138,
139,
140,
141,
142,
143,
144,
145,
146,
147,
148,
149,
150,
151,
152,
153,
154,
155,
156,
157,
158,
159,
160,
161,
162,
163,
164,
165,
166,
167,
168,
169,
170,
171,
172,
173,
174,
175,
176,
177,
178,
179,
180,
181,
182,
183,
184,
185,
186,
187,
188,
189,
190,
191,
192,
193,
194,
195,
196,
197,
198,
199,
200
],
"train_loss": [
24.24038857299012,
19.548762631106687,
14.950402693314986,
9.543114228682084,
6.0065190327631965,
5.542855993493811,
8.035981871865012,
5.356714744072456,
5.351081885300673,
5.58049320864987,
5.285493491531967,
3.8475899139007965,
4.623793416209035,
3.900006510994651,
3.8938141550336565,
2.7197306125194993,
3.0973615832143016,
3.043944191623044,
2.256812516745035,
1.97076923196966,
1.9167116183739203,
1.8418828806319794,
1.5939896927251445,
1.5205923922650226,
1.3682319715425566,
1.1043830289469136,
1.1781091945511954,
1.0480233059301005,
0.9560403761925635,
0.9076716466383501,
0.8673748134018539,
0.7194052686938992,
0.7532513652529035,
0.6618017360761568,
0.7560190411357136,
0.5872703457807565,
0.6188238054126888,
0.5440369275483218,
0.6260100030279779,
0.501656002038485,
0.5470414393908017,
0.47319150899911855,
0.4994111796478172,
0.4861835264540338,
0.5155666083484501,
0.4524487137020408,
0.4514222741127014,
0.41161228658316973,
0.4007121343891342,
0.44246836451741006,
0.42644047543600005,
0.44036819795509435,
0.41582278152564905,
0.43508399306953727,
0.42788703681586626,
0.41972071319431453,
0.41376961748321334,
0.4076439691828443,
0.40722570055490964,
0.4343717953601441,
0.4004999778487466,
0.4036187610842965,
0.405397850197631,
0.4009139622960772,
0.41835841497817594,
0.4246468571099368,
0.4125337163349251,
0.40941031877096595,
0.43251108658778203,
0.41785293391772677,
0.411277460200446,
0.4147985836902222,
0.41526434444761895,
0.40347598396338424
],
"val_loss": [
0.12077275663614273,
0.12077275663614273,
0.12077275663614273,
0.12077275663614273,
0.12077275663614273,
0.12077275663614273,
0.12077275663614273,
0.12077275663614273,
0.12077275663614273,
0.12077275663614273,
0.12077275663614273,
0.12077275663614273,
0.12077275663614273,
0.12077275663614273,
0.12077275663614273,
0.12077275663614273,
0.12077275663614273,
0.12077275663614273,
0.12077275663614273,
0.12077275663614273,
0.12077275663614273,
0.12077275663614273,
0.12077275663614273,
0.12077275663614273,
0.12077275663614273,
0.12077275663614273,
0.12077275663614273,
0.12077275663614273,
0.12077275663614273,
0.12077275663614273,
0.12077275663614273,
0.12077275663614273,
0.12077275663614273,
0.12077275663614273,
0.12077275663614273,
0.12077275663614273,
0.12077275663614273,
0.12077275663614273,
0.12077275663614273,
0.12077275663614273,
0.12077275663614273,
0.12077275663614273,
0.12077275663614273,
0.12077275663614273,
0.12077275663614273,
0.12077275663614273,
0.12077275663614273,
0.12077275663614273,
0.12077275663614273,
0.12077275663614273,
0.12077275663614273,
0.12077275663614273,
0.12077275663614273,
0.12077275663614273,
0.12077275663614273,
0.12077275663614273,
0.12077275663614273,
0.12077275663614273,
0.12077275663614273,
0.12077275663614273,
0.12077275663614273,
0.12077275663614273,
0.12077275663614273,
0.12077275663614273,
0.12077275663614273,
0.12077275663614273,
0.12077275663614273,
0.12077275663614273,
0.12077275663614273,
0.12077275663614273,
0.12077275663614273,
0.12077275663614273,
0.12077275663614273,
0.12077275663614273
]
}