{
  "sspg": {
    "rmse": 85.03708309688253,
    "mae": 63.32148666381836,
    "r2": -0.6126168392704121,
    "pearson_r": 0.3215053221756666,
    "pearson_p": 0.3650058266945385,
    "spearman_r": 0.042553388057604516,
    "spearman_p": 0.9070828390046616,
    "n": 10
  },
  "di": {
    "rmse": 62.791203921224614,
    "mae": 62.310917526483536,
    "r2": -9368.504424751853,
    "pearson_r": 0.09116210441520846,
    "pearson_p": 0.8300156998561015,
    "spearman_r": 0.023809523809523815,
    "spearman_p": 0.9553740118158807,
    "n": 8
  }
}