{
"epoch": [
1,
2,
3,
4,
5,
6,
7,
8,
9,
10,
11,
12,
13,
14,
15,
16,
17,
18,
19,
20,
21,
22,
23,
24,
25,
26,
27,
28,
29,
30,
31,
32,
33,
34,
35,
36,
37,
38,
39,
40,
41,
42,
43,
44,
45,
46,
47,
48,
49,
50,
51,
52,
53,
54,
55,
56,
57,
58,
59,
60,
61,
62,
63,
64,
65,
66,
67,
68,
69,
70,
71,
72,
73,
74,
75,
76,
77,
78,
79,
80,
81,
82,
83,
84,
85,
86,
87,
88,
89,
90,
91,
92,
93,
94,
95,
96,
97,
98,
99,
100
],
"train_loss": [
14.637564851505921,
1.5896808463748138,
1.415724832232636,
1.1771615849863184,
0.8670565792829683,
0.7743397113120202,
0.6894365891371623,
0.6351248332769563,
0.5896666672560248,
0.5429537030729917,
0.4298765013123503,
0.4389514790313079,
0.42439854794209547,
0.36914662706969986,
0.35912415945884024,
0.43035773298527935,
0.39324993322981466,
0.3244907802874499,
0.31774309631621483,
0.31891768492094363,
0.3571000361796653,
0.43428462242135907,
0.41939820806578837,
0.3647980046744394,
0.3186797003934879,
0.3413570785876548,
0.37117704336005863,
0.3179510839209698,
0.35410515329625347,
0.36243619541130445,
0.39029815704515664,
0.40664451753739084,
0.3972517240165484,
0.43526536019721834,
0.5085974728116894,
0.4747460732365599,
0.43581411685093796,
0.4186711922140405,
0.39943588252114776,
0.41076366736157105,
0.4796072032191966,
0.4597033940919555,
0.37647639554325896,
0.4085534064486475,
0.38504850244758154,
0.3805437421444619,
0.38577141590637737,
0.35973771668896815,
0.3743968716647365,
0.40059024921738273,
0.35094091325703236,
0.347688369231649,
0.3633282402954479,
0.33308073996317267,
0.3308991226229337,
0.3844074878362146,
0.41027189186303925,
0.3762647620227077,
0.3842213041711562,
0.37479387208966924,
0.36085402434415154,
0.3531434603846899,
0.40333062262818364,
0.3551032920875172,
0.3544955486708348,
0.3499771988037789,
0.33101515162109146,
0.36860525549048245,
0.33876814021922574,
0.3369502625843086,
0.32623592609226115,
0.3366032664728637,
0.3636211407656717,
0.37365392204558495,
0.40803745713564427,
0.41857720070546217,
0.3796730820495303,
0.35130051722620975,
0.3751587770362892,
0.4153861385760921,
0.3679071316624632,
0.3780573875007063,
0.42329492279798675,
0.3592704631904564,
0.3862053642768671,
0.3822695810605984,
0.4075184417243051,
0.4183851787359408,
0.43813422263258756,
0.3828153108606244,
0.4354842747792159,
0.38067875168111065,
0.34835069988033557,
0.35342019029182964,
0.3334192580515795,
0.3400568044421696,
0.3292689125726719,
0.3570571625881856,
0.3813072743982372,
0.33996102833511804
],
"val_loss": [
1.345342755317688,
0.4421692490577698,
0.46567705273628235,
0.4589316248893738,
0.4584138095378876,
0.23680390417575836,
0.32484251260757446,
0.35539746284484863,
0.3204053044319153,
0.22343279421329498,
0.14497186243534088,
0.1642974615097046,
0.14762692153453827,
0.13963566720485687,
0.2726042866706848,
0.19937899708747864,
0.14966699481010437,
0.13166961073875427,
0.12176927179098129,
0.15061870217323303,
0.3017616868019104,
0.23435738682746887,
0.26983144879341125,
0.17408636212348938,
0.1762150377035141,
0.1694529950618744,
0.12127482146024704,
0.12646536529064178,
0.16918079555034637,
0.2037138193845749,
0.15001390874385834,
0.2230454683303833,
0.2885991632938385,
0.25098344683647156,
0.2792220115661621,
0.26262229681015015,
0.2267596274614334,
0.24368640780448914,
0.2029166966676712,
0.2601478695869446,
0.26636889576911926,
0.1937730759382248,
0.21537940204143524,
0.1663377285003662,
0.2645319402217865,
0.20581606030464172,
0.18472401797771454,
0.1807948648929596,
0.25063642859458923,
0.21969331800937653,
0.19204829633235931,
0.19864751398563385,
0.19538351893424988,
0.18941199779510498,
0.20503780245780945,
0.19384059309959412,
0.17983652651309967,
0.2282429337501526,
0.22660668194293976,
0.23102867603302002,
0.1993991732597351,
0.1930118054151535,
0.1727805882692337,
0.18059876561164856,
0.17089112102985382,
0.16912832856178284,
0.14724542200565338,
0.15186437964439392,
0.1697525829076767,
0.1360401064157486,
0.14809222519397736,
0.16919049620628357,
0.2946775555610657,
0.2037772536277771,
0.18533200025558472,
0.19228936731815338,
0.17852024734020233,
0.28833046555519104,
0.16296103596687317,
0.1520536094903946,
0.21046291291713715,
0.17407551407814026,
0.17237500846385956,
0.1688874214887619,
0.16361244022846222,
0.2998562157154083,
0.2590297758579254,
0.23829782009124756,
0.18280915915966034,
0.23810313642024994,
0.17826804518699646,
0.15373104810714722,
0.1864161640405655,
0.16421747207641602,
0.15621715784072876,
0.1623973548412323,
0.15008194744586945,
0.13860943913459778,
0.13695128262043,
0.18397347629070282
]
}