{
  "n": 20,
  "pearson_r": 0.695904897692975,
  "pearson_p": 0.000655511905278546,
  "spearman_r": 0.7082706766917292,
  "spearman_p": 0.0004746151082516953,
  "r2": 0.17036762492907265,
  "rmse": 72.70376022799233,
  "mae": 53.71258015074977
}