{
  "n": 16,
  "pearson_r": 0.5756433155693006,
  "pearson_p": 0.019631005013951347,
  "spearman_r": 0.538235294117647,
  "spearman_p": 0.031493228205838324,
  "r2": 0.21657312660158434,
  "rmse": 0.6417074729278484,
  "mae": 0.560800767490411
}