{
  "SSPG_pred": {
    "OGTT_vs_Standard": {
      "n": 26,
      "r": 0.44561994855043696,
      "p": 0.02251775878318069
    },
    "OGTT_vs_FreeLiving": {
      "n": 51,
      "r": 0.11148556193620586,
      "p": 0.43606169121510896
    },
    "Standard_vs_FreeLiving": {
      "n": 30,
      "r": -0.3480249859985816,
      "p": 0.05948219026314142
    }
  },
  "DI_pred": {
    "OGTT_vs_Standard": {
      "n": 26,
      "r": 0.6433677558432067,
      "p": 0.0003918228930763715
    },
    "OGTT_vs_FreeLiving": {
      "n": 51,
      "r": -0.13980137019538602,
      "p": 0.3278536225002168
    },
    "Standard_vs_FreeLiving": {
      "n": 30,
      "r": -0.5269311084953888,
      "p": 0.002774133493906921
    }
  }
}