{
  "sspg": {
    "spearman_r": -0.14285714285714288,
    "rmse": NaN,
    "n": 7
  },
  "di": {
    "spearman_r": -0.5428571428571429,
    "rmse": NaN,
    "n": 6
  }
}