{
"epoch": [
1,
2,
3,
4,
5,
6,
7,
8,
9,
10,
11,
12,
13,
14,
15,
16,
17,
18,
19,
20,
21,
22,
23,
24,
25,
26,
27,
28,
29,
30,
31,
32,
33,
34,
35,
36,
37,
38,
39,
40,
41,
42,
43,
44,
45,
46,
47,
48,
49,
50,
51,
52,
53,
54,
55,
56,
57,
58,
59,
60,
61,
62,
63,
64,
65,
66,
67,
68,
69,
70,
71,
72,
73,
74,
75,
76,
77,
78,
79,
80,
81,
82,
83,
84,
85,
86,
87,
88,
89,
90,
91,
92,
93,
94,
95,
96,
97,
98,
99,
100
],
"train_loss": [
1021.8001431002475,
883.2949472559561,
847.7838977775951,
720.0071175452506,
669.4983103534963,
584.6031376300472,
482.21620706992576,
412.6997375488281,
334.9030822149598,
301.92752316918705,
299.6778057589389,
280.00439453125,
291.61537850257196,
275.43341366607365,
290.64609882619123,
273.57621598951886,
257.8029153653891,
255.57049439685179,
241.09066100167757,
292.92944230183514,
258.4784153097927,
267.452562086653,
280.657883143661,
257.95283666931755,
271.59045923818456,
277.3692892848855,
227.1230250821255,
266.44388074213913,
237.58986633602936,
250.99050193257852,
241.96486580725943,
248.5783513135249,
261.5541180903369,
245.79798858944733,
248.42235028861774,
249.799713587997,
247.730319485806,
249.48254515392946,
244.94572342976485,
224.88209231537166,
247.08762956373764,
225.57581197153223,
261.50707740122726,
236.01960860148515,
250.65987562425065,
230.3462941764605,
241.33674757551438,
245.0093238755028,
255.42197591951577,
256.64732209762724,
271.95534764658106,
269.4129698347337,
260.84607598333076,
231.83657293036433,
260.87222788593556,
260.34917880520965,
252.01520107760288,
221.20988018677966,
254.40735830174813,
257.3290020026783,
242.0362346384785,
264.4249143694887,
243.2392321293897,
237.1406984990186,
225.95633387801672,
217.21524553959912,
242.23230856716043,
287.29896821125897,
254.7450022178121,
245.70844820230315,
244.9347670149095,
274.16643456185216,
260.0057022547958,
238.23975666914836,
249.78546610917195,
226.45952674185875,
229.07777147954053,
226.7430268655909,
237.9032893416905,
238.55860175708733,
232.4143432012879,
231.50853814228927,
244.76881393583693,
195.85515088374072,
224.78052573628946,
223.05931382840222,
242.07661211372601,
256.3377437780399,
243.81349129251913,
259.68968804992073,
231.91178962027672,
265.0066718677483,
227.64907081528466,
245.98261223217048,
226.50086567189433,
253.6817619399269,
246.98334608927811,
229.67518812122913,
234.73933002736308,
237.20249818103147
],
"val_loss": [
0.10495694726705551,
0.10495694726705551,
0.10495694726705551,
0.10495694726705551,
0.10495694726705551,
0.10495694726705551,
0.10495694726705551,
0.10495694726705551,
0.10495694726705551,
0.10495694726705551,
0.10495694726705551,
0.10495694726705551,
0.10495694726705551,
0.10495694726705551,
0.10495694726705551,
0.10495694726705551,
0.10495694726705551,
0.10495694726705551,
0.10495694726705551,
0.10495694726705551,
0.10495694726705551,
0.10495694726705551,
0.10495694726705551,
0.10495694726705551,
0.10495694726705551,
0.10495694726705551,
0.10495694726705551,
0.10495694726705551,
0.10495694726705551,
0.10495694726705551,
0.10495694726705551,
0.10495694726705551,
0.10495694726705551,
0.10495694726705551,
0.10495694726705551,
0.10495694726705551,
0.10495694726705551,
0.10495694726705551,
0.10495694726705551,
0.10495694726705551,
0.10495694726705551,
0.10495694726705551,
0.10495694726705551,
0.10495694726705551,
0.10495694726705551,
0.10495694726705551,
0.10495694726705551,
0.10495694726705551,
0.10495694726705551,
0.10495694726705551,
0.10495694726705551,
0.10495694726705551,
0.10495694726705551,
0.10495694726705551,
0.10495694726705551,
0.10495694726705551,
0.10495694726705551,
0.10495694726705551,
0.10495694726705551,
0.10495694726705551,
0.10495694726705551,
0.10495694726705551,
0.10495694726705551,
0.10495694726705551,
0.10495694726705551,
0.10495694726705551,
0.10495694726705551,
0.10495694726705551,
0.10495694726705551,
0.10495694726705551,
0.10495694726705551,
0.10495694726705551,
0.10495694726705551,
0.10495694726705551,
0.10495694726705551,
0.10495694726705551,
0.10495694726705551,
0.10495694726705551,
0.10495694726705551,
0.10495694726705551,
0.10495694726705551,
0.10495694726705551,
0.10495694726705551,
0.10495694726705551,
0.10495694726705551,
0.10495694726705551,
0.10495694726705551,
0.10495694726705551,
0.10495694726705551,
0.10495694726705551,
0.10495694726705551,
0.10495694726705551,
0.10495694726705551,
0.10495694726705551,
0.10495694726705551,
0.10495694726705551,
0.10495694726705551,
0.10495694726705551,
0.10495694726705551,
0.10495694726705551
]
}