{
  "sspg": {
    "n": 20,
    "pearson_r": 0.6492870815960652,
    "pearson_p": 0.0019493879287130868,
    "spearman_r": 0.6345864661654135,
    "spearman_p": 0.00265140753465565,
    "r2": 0.19495187628046984,
    "rmse": 71.61845509820945,
    "mae": 56.408314093419946
  },
  "di": {
    "n": 16,
    "pearson_r": 0.6518863256922698,
    "pearson_p": 0.006213101501762133,
    "spearman_r": 0.55,
    "spearman_p": 0.027293972709730593,
    "r2": 0.30397043846205674,
    "rmse": 0.604855601637005,
    "mae": 0.5202864915497951
  }
}