{
  "sspg": {
    "n": 16,
    "pearson_r": 0.20753383421501487,
    "pearson_p": 0.44055780592027766,
    "spearman_r": 0.31176470588235294,
    "spearman_p": 0.23980004767411284,
    "rmse": 86.47115380945203,
    "mae": 70.43235026817163,
    "r2": -0.036471103582371045
  },
  "di": {
    "n": 16,
    "pearson_r": 0.4730322718365961,
    "pearson_p": 0.06423743446168997,
    "spearman_r": 0.488235294117647,
    "spearman_p": 0.05501502977813759,
    "rmse": 1.134549261729244,
    "mae": 0.7782247635784265,
    "r2": -1.4488996333385793
  }
}