{
  "tau_m_mean": 85.16377197452228,
  "tau_m_std": 28.353932112020885,
  "tau_m_cv": 0.3329341978555618,
  "Gb_mean": 107.31319537579616,
  "Gb_std": 32.67682467493317,
  "Gb_cv": 0.30449959632138807,
  "si_mean": 0.000642702921433121,
  "si_std": 0.00013168668106651,
  "si_cv": 0.20489191468700377,
  "mi_mean": 1.3422789803184716,
  "mi_std": 0.7060192758328937,
  "mi_cv": 0.5259854925281832
}