{
"epoch": [
1,
2,
3,
4,
5,
6,
7,
8,
9,
10,
11,
12,
13,
14,
15,
16,
17,
18,
19,
20,
21,
22,
23,
24,
25,
26,
27,
28,
29,
30,
31,
32,
33,
34,
35,
36,
37,
38,
39,
40,
41,
42,
43,
44,
45,
46,
47,
48,
49,
50,
51,
52,
53,
54,
55,
56,
57,
58,
59,
60,
61,
62,
63,
64,
65,
66,
67,
68,
69,
70,
71,
72,
73,
74,
75,
76,
77,
78,
79,
80,
81,
82,
83,
84,
85,
86,
87,
88,
89,
90,
91,
92,
93,
94,
95,
96,
97,
98,
99,
100
],
"recon_loss": [
7.086345083527751,
1.433636844932259,
1.253198307830018,
0.9389352217897192,
0.6738236267845352,
0.5751079282203277,
0.5452502098950472,
0.5154951195438187,
0.48596387443604405,
0.3719680471853776,
0.34682166769907075,
0.3233541865627487,
0.330677107944117,
0.2699025540382831,
0.27750659105065584,
0.23831701859251245,
0.24554920119124574,
0.29016209577585195,
0.277046954089945,
0.21119971050844563,
0.23444618187941513,
0.1957780502059243,
0.22805843647424276,
0.26277547648974825,
0.21164678288744643,
0.24664671777130723,
0.21023601816072093,
0.20198217111748534,
0.24787937027293366,
0.24566032901986853,
0.2344758061619548,
0.2047677051711392,
0.21152895901884353,
0.22426674737558736,
0.21411934591733017,
0.25662311253609593,
0.19033433613065,
0.191600601007412,
0.18514916029843417,
0.23806302384896713,
0.26676378699092124,
0.20698877124043255,
0.198276637242986,
0.16810873092769027,
0.16648253701724014,
0.1615026221646891,
0.18863484476293838,
0.1876196296184094,
0.24096184504496587,
0.21119301601663812,
0.18290711900630555,
0.19372540596243623,
0.19504979736619182,
0.22157530157597033,
0.1928551620864249,
0.19230141810008458,
0.18005154968856216,
0.19629070453055494,
0.21432405710220337,
0.2058623226045014,
0.2093767047702492,
0.1651431769132614,
0.15368132506098067,
0.17014374922622333,
0.1804912169645359,
0.16474298242624705,
0.15324267812750555,
0.18033387482940377,
0.16707059566850785,
0.17328362592629024,
0.1832382922822779,
0.1819175427610224,
0.18748010056359427,
0.1597790052364399,
0.2031546358938341,
0.20186166929734217,
0.19937331703576175,
0.18852832584412066,
0.20745579879005233,
0.21448023056055043,
0.1774358233654654,
0.17444891356802605,
0.1849741248728393,
0.19184842009048958,
0.18500440732225196,
0.16999929562791602,
0.15101389219234515,
0.16687506611471054,
0.16775783896446228,
0.16238675160067423,
0.1776571823404981,
0.1788614893501455,
0.17593597688458182,
0.187051108131161,
0.1554961210334456,
0.1748176571223643,
0.178904135699396,
0.17802957261537578,
0.16943236546857016,
0.1806647227956103
],
"sspg_loss": [
60.48524133261148,
5.738807941411997,
2.7001230623814965,
1.2210287753637734,
1.3960902721850903,
1.582930948827174,
1.10480905121023,
1.0351656071551434,
1.0530141824251646,
1.0665938142058138,
0.9778279677613989,
1.0055042482041694,
1.0406271908190343,
1.110160671271287,
0.9703885680669314,
0.9901121034250631,
1.0025807448795863,
1.0126629386629378,
0.9984844659830069,
0.9933618500635222,
0.99507563919216,
0.9946992219268501,
1.020391439462637,
0.974198106047395,
0.9726459747785098,
0.988067126893378,
0.9843980902201169,
1.0131268625135545,
0.9763025370511141,
0.9978013503087031,
0.9912413080017288,
1.0300568001610892,
0.9967321621907221,
1.0095805324517286,
0.9353870772696161,
1.0046481048906004,
1.0105721052590904,
0.9940395037849228,
1.001907904426773,
0.9817681807976264,
1.1905489385902108,
0.9951920942826704,
1.008388096635992,
0.9975262230092828,
0.9425314022349073,
1.0409217995482605,
0.9734289653889545,
0.9860050384100382,
1.0048770145936445,
1.0032185703128964,
0.9951178253471077,
0.989317638533456,
0.9930237113655388,
0.9948765736121636,
0.9981316854427387,
0.9978264012894074,
1.0614549115106657,
0.9923283480978632,
0.9833949486930649,
0.9873407041871702,
0.9735094184999342,
1.0314982579900074,
1.0014362188128683,
1.0091669365957185,
0.9385305256038518,
1.0004061615312254,
0.987237818829425,
0.9857504522645628,
0.9912946061654524,
0.9888613100175734,
1.003293901294857,
1.0140793718300856,
1.0179840279864025,
1.074379267630639,
0.9880042153519469,
0.9987221801435793,
0.9929694386271687,
1.0100706072596761,
1.0047234606433224,
0.9540506415552907,
1.0217080363979587,
0.9993616837959785,
0.9859999619521104,
1.0095487631760633,
0.9947901050765793,
0.9962382502370066,
1.0239922427511834,
1.0109690861268477,
0.9725496846360046,
0.9781620897255935,
1.0124510820809898,
0.9316453964679272,
0.9891065475228545,
1.0382459411373386,
1.0088364582557183,
0.9947045902153114,
1.0008150261717956,
1.0135670195926318,
1.0088732258065956,
0.919103597665762
],
"di_loss": [
194.95100492006773,
6.640137015999137,
3.2334907410980818,
2.5106066976274763,
2.121944895038357,
1.7210575388623524,
1.0878330205942128,
1.0473543273938166,
1.0346346025343065,
1.0442965711866106,
0.9798951268970192,
1.025854318946987,
1.0135458127244727,
1.0027107294503745,
1.0252400265111552,
0.9772325181341791,
1.000472068786621,
1.0108756933893477,
0.9908868995579806,
0.9948585389496444,
0.9837476231835105,
0.9961291884447073,
1.015168178391147,
0.994505262994147,
1.0212164730220645,
0.9905921507191349,
1.0244865580038591,
1.018254921033785,
1.0057713722253774,
1.008077236739072,
1.0026312253691934,
0.9786742027703818,
1.0090665615998304,
1.0114322815622603,
1.009801826693795,
1.0443683692387171,
1.0010330924740085,
0.9963014396754178,
1.0125084163306595,
0.9996993170156108,
0.9649384687473248,
0.9928841757309901,
1.0146056893584017,
0.9916164039017318,
1.0146793545066537,
1.0032827985751165,
1.0173794658153088,
0.9818382402519127,
0.9647277206569523,
1.0171291487557548,
0.9812972886221749,
0.9908737021607238,
0.9882798024586269,
0.9987622460761627,
1.006127809549307,
0.980578889320423,
1.0079587078713752,
0.9935010524539204,
0.9768277909848597,
0.9904734902567678,
1.0092254753236647,
0.9998503180293293,
0.9620329017763014,
0.9927834922617133,
0.9834294690714254,
0.9913385618816722,
0.9908220040333735,
0.9811105449478348,
0.9831189071977293,
1.0558578039144542,
0.9753061231080588,
0.9929355290028956,
0.9912417484568311,
0.9767321441080663,
0.9731304041751019,
0.9785360376556198,
0.9797217242129437,
1.0315426077161516,
0.9833198483888205,
1.025875600901517,
1.0168281437514664,
0.9607256279363261,
1.003173024623425,
1.0544343180470652,
0.9455161559117304,
0.987899213642269,
0.9839632991072419,
0.9833908162333749,
1.0043055686083706,
0.9846964315934614,
0.9964540980078957,
0.9980640055297257,
0.9787117687912731,
1.0141919526186856,
0.9720643743292078,
1.004436448797003,
1.0002440740535785,
0.9510859297467517,
0.9952784436089652,
0.9490557583895597
],