model,subject_count,mean_windows_per_subject,sspg_within_subject_std_mean,di_within_subject_std_mean,n_major_meal_windows,sspg_pred_meal_icc,di_pred_meal_icc,n_triplet_days,sspg_pred_triplet_icc,sspg_pred_triplet_std_mean,di_pred_triplet_icc,di_pred_triplet_std_mean,corr_sspg_vs_homa_ir_spearman,corr_sspg_vs_hba1c_spearman,corr_di_vs_homa_ir_spearman,corr_n_subjects,corr_sspg_vs_carb_window_spearman,corr_di_vs_carb_window_spearman,subject_retrieval_top1_26d,subject_retrieval_top1_10d
Wang_Exp1,45,37.91111111111111,0.305922252254976,0.006584955860270548,407,-0.05752848104760277,-0.0575284566693057,42,0.09727665649302045,0.07389645256385832,0.0972766699328172,0.0015906160752992447,,,,45,0.09702900598350453,-0.09702900598350453,0.1111111111111111,0.13333333333333333
GV_26D_Exp8,45,37.91111111111111,113.23982146079594,1.7839054480164602,407,-0.13528775470685786,-0.1841547158410396,42,-0.16309736140338754,89.0063936776043,-0.035879436638332284,1.2722634161218724,0.18129117259552038,0.40975784477254495,-0.29552042160737807,45,0.6512025481478508,-0.5718759238660923,0.08888888888888889,0.08888888888888889
GV_10D_head_v20,45,37.91111111111111,40.48385760177224,0.8393444193648782,407,-0.1311395130281879,-0.17168110851103643,42,-0.07249879399101887,26.9143855336905,-0.11983234601286236,0.5814601540264547,0.3338603425559947,0.632009444889721,-0.3102766798418972,45,0.6948288462394178,-0.7631979568140465,0.08888888888888889,0.08888888888888889
Metwally14_Ridge,45,37.91111111111111,46.728407261605234,0.41369509624905043,407,0.7735114913647664,0.7382374873755457,42,0.2663779776618046,23.188597233351945,0.2641291098457762,0.19006904099464947,0.3665349143610013,0.6696557408454931,-0.4534914361001317,45,0.21399458426370674,-0.2382400415330407,,
