{
  "n": 16,
  "pearson_r": 0.6672486106949832,
  "pearson_p": 0.0047459522822401136,
  "spearman_r": 0.538235294117647,
  "spearman_p": 0.031493228205838324,
  "r2": 0.4138580458413744,
  "rmse": 0.5550591527098864,
  "mae": 0.40994310620338636
}