{
  "n": 20,
  "pearson_r": 0.5813376521308498,
  "pearson_p": 0.007180159745870253,
  "spearman_r": 0.7172932330827068,
  "spearman_p": 0.0003711409336667313,
  "r2": 0.22549046606474255,
  "rmse": 70.24694010105854,
  "mae": 55.082013194525814
}