{
"epoch": [
1,
2,
3,
4,
5,
6,
7,
8,
9,
10,
11,
12,
13,
14,
15,
16,
17,
18,
19,
20,
21,
22,
23,
24,
25,
26,
27,
28,
29,
30,
31,
32,
33,
34,
35,
36,
37,
38,
39,
40,
41,
42,
43,
44,
45,
46,
47,
48,
49,
50,
51,
52,
53,
54,
55,
56,
57,
58,
59,
60,
61,
62,
63,
64,
65,
66,
67,
68,
69,
70,
71,
72,
73,
74,
75,
76,
77,
78,
79,
80,
81,
82,
83,
84,
85,
86,
87,
88,
89,
90,
91,
92,
93,
94,
95,
96,
97,
98,
99,
100
],
"recon_loss": [
0.1611075664495493,
0.14815431088209152,
0.16797392070293427,
0.15577897545579192,
0.16417770977918203,
0.14508833242701247,
0.14516987941868895,
0.14393310616542768,
0.1419626876905367,
0.1453264458225919,
0.14499763399362564,
0.16278563459198198,
0.14110677776398597,
0.1526148570822431,
0.14905987738014817,
0.15110935870703165,
0.16360786808775618,
0.16488230750932323,
0.14100940177192936,
0.16377285064814925,
0.1429764318775821,
0.1359317751673909,
0.15042064135724847,
0.1558814640943106,
0.1589575945943981,
0.1635543353758849,
0.1554956314238635,
0.16655431958762082,
0.16551321377227832,
0.15026467903093857,
0.17217882548446778,
0.15247127655651663,
0.13665079141592051,
0.1516717623967629,
0.15919730570409205,
0.15932684304652275,
0.14320270930017745,
0.1472243345403052,
0.15222218864923948,
0.1559415464470913,
0.14052194453679123,
0.15109506636470943,
0.15929918639458618,
0.1384350624564406,
0.133573033012353,
0.14722791836633312,
0.16009279021195003,
0.15203224857906242,
0.14651389555497604,
0.15540214540896477,
0.14734170614898978,
0.15310828155511386,
0.14241267663317841,
0.16148525505483924,
0.1449718119262101,
0.1550453481349078,
0.15261610065187728,
0.14014926301194475,
0.15211474643899248,
0.1434541561386802,
0.16720862667281905,
0.14790209179574793,
0.15305654569105667,
0.15941135333730028,
0.1507397944276983,
0.15429364202858567,
0.13917504841244066,
0.14151234924793243,
0.14098373887600837,
0.17325818809595975,
0.15549728138880295,
0.14900146889222132,
0.12630239245179412,
0.1572419275324066,
0.14514121277765793,
0.14687224119514614,
0.16648741782485665,
0.15606727818777036,
0.15535962446169418,
0.1512796716256575,
0.15090458404708218,
0.15886719195873705,
0.14671094928468978,
0.16204746493271419,
0.15483433027546128,
0.1413777551867745,
0.14631993371944924,
0.14333621925347811,
0.1558838521505331,
0.16060410788306942,
0.15421129018068314,
0.14552967869616174,
0.17622984016870524,
0.1624281539932474,
0.14401822469451211,
0.149345076703406,
0.14472380996524514,
0.15461162913155246,
0.15687832952319802,
0.1631861063954118
],
"sspg_loss": [
8.818305566713407,
5.626314530124912,
6.190813473292759,
7.330908341841265,
5.382987468273608,
5.464557703439292,
6.456960901037439,
4.193387341189694,
2.9964622677146613,
2.670373681303743,
2.5064112056385386,
1.3640278840993907,
1.7997635773250036,
2.5974208968026296,
1.8543421270011307,
2.253937631458431,
1.8478725328073873,
1.3968679517894595,
1.6139450754438127,
1.4632926281396446,
1.4704575414781447,
1.8689564559366796,
1.378807241266424,
1.1797550545110331,
1.3890816004245312,
1.649662497755769,
1.472782413680832,
1.256051922386343,
1.0625511918749129,
1.1460719603996772,
1.4559109102595935,
1.6352308353820404,
1.166296574976537,
1.1842042997285918,
1.3465402180498296,
1.2210291267989517,
1.2801570722034998,
1.183982056456727,
1.2260530892904702,
1.5265704068270596,
1.424904852718502,
1.5883638015041104,
1.2845835066460944,
1.8651780517070324,
0.8494042274239776,
0.9829507911360109,
1.155334726556555,
1.221772532958489,
1.0552999168247372,
1.1690753450641385,
1.3615388839275806,
1.1948449960002652,
1.4347845795866732,
1.0628411510548035,
1.0736042570758175,
1.0092382113654892,
1.025720587024441,
1.0391799335355882,
1.3011660250750454,
1.35741608638268,
1.0435891244318578,
1.087506071313635,
0.9727775895750368,
1.268625978525583,
1.0314571292369397,
1.2473521898319195,
1.1908206854547774,
0.790885753058768,
0.8655050745258084,
0.9028255614367399,
1.2616158243897673,
1.193439158526334,
1.0795463462928674,
1.4079430428418247,
0.9606928407371819,
1.0600874811023862,
1.1714610527088116,
0.8942173216250036,
1.5148713882867393,
1.1316356813752806,
1.0638093654211465,
1.1746561805923263,
1.0711925710950578,
1.2191605428596595,
1.063109657981179,
0.855871366990077,
1.025845272200448,
0.9494084367504367,
1.0136039915022912,
0.7914344505830244,
1.285667516968467,
1.1207878372885964,
1.1300959664505799,
1.2351919675802256,
1.0437653637551643,
1.0268480313288701,
1.0155775407692054,
0.9875945332762482,
1.005117298720719,
1.0840147160864495
],
"di_loss": [
30.831638274254736,
9.737396153536709,
8.374441184006729,
7.845866429341304,
6.628524229123995,
3.3807777027031043,
3.983546544979145,
3.181699591797668,
2.9168988977159773,
2.646438459297279,
3.2977191194311364,
1.8826572864086597,
2.2572460174560547,
2.8417195159119446,
2.664347181072483,
1.5295496002420204,
2.060382005456206,
1.7990259814572025,
1.5376966696280938,
1.514587493685933,
1.5592406848808387,
1.4031408978747082,
1.4761279697542067,
1.2704751414138,
1.4426996413763467,
1.691790908962101,
1.363466216372205,
1.2074376662056168,
1.03798162163078,
1.4806303265806917,
1.3079471619098217,
1.2807911851189353,
1.8748047831770662,
1.4276155914579118,
1.3579880943546048,
1.1068953306643994,
1.2126919487854102,
1.407587588607491,
0.7631572902976692,
1.4656758865752777,
1.1893861247347546,
1.4750866177794222,
1.5169040940024636,
1.4161044289539386,
0.9467377592990924,
1.215654325175595,
1.0254868005777333,
0.9812642630044516,
1.4086574981738995,
1.200038160596575,
1.0289401032707908,
1.0997161369819146,
1.5071621839102212,
1.015449599012152,
1.1422976503124485,
1.0596216220360297,
0.9826526517991896,
1.1142604567787864,
0.9725545071936273,
1.1087333861883584,
1.1581001467518992,
0.9471969047150055,
0.9793998808055729,
0.9603473985349977,
1.4633284079564082,
1.3731246428056196,
1.0031234914219225,
0.8906228464919251,
1.1232788299585317,
1.1654080431182663,
1.3019510646919152,
1.0683237554190994,
1.1337116321960052,
1.037443675778129,
0.9831362405380646,
1.101114676370249,
1.4778212850744075,
1.2957274077774643,
1.519327399018523,
1.2729149236307515,
1.2363529762664398,
1.162038734980992,
0.8903052427551963,
1.0289464229113097,
1.3986640913145882,
1.0125627935706796,
1.0563044904114365,
1.143877582890647,
0.9063108307974679,
1.0336843790946069,
1.172757497081509,
1.2614761018133782,
0.9445266630742457,
1.242044378410686,
0.9201126864978245,
0.9642865475896117,
1.066123895056836,
1.010162625994001,
1.208107226854795,
1.0036672477598314
],