{
  "sspg": {
    "n": 16,
    "pearson_r": 0.36748995231163956,
    "pearson_p": 0.1614252100741424,
    "spearman_r": 0.4617647058823529,
    "spearman_p": 0.07176841584053797,
    "rmse": 134.73750342554808,
    "mae": 110.38496273176577,
    "r2": -1.5164695676377722
  },
  "di": {
    "n": 16,
    "pearson_r": 0.5351032253182573,
    "pearson_p": 0.032689761784099304,
    "spearman_r": 0.5794117647058823,
    "spearman_p": 0.01866252941771194,
    "rmse": 2.3891555475239414,
    "mae": 2.2997068584472773,
    "r2": -9.859582337663829
  }
}