{
  "sspg": {
    "rmse": 68.74585212998197,
    "mae": 49.08242988586426,
    "r2": -0.036415123356890566,
    "pearson_r": 0.44251341022759416,
    "pearson_p": 0.0068822793338690815,
    "spearman_r": 0.4837758087045947,
    "spearman_p": 0.0027962602923954937,
    "n": 36
  },
  "di": {
    "rmse": 0.6170078827570799,
    "mae": 0.47902366518974304,
    "r2": -0.05753504282012312,
    "pearson_r": 0.39877717549874414,
    "pearson_p": 0.19911905182028977,
    "spearman_r": 0.3077755465164173,
    "spearman_p": 0.3304516664324585,
    "n": 12
  }
}