{
"epoch": [
1,
2,
3,
4,
5,
6,
7,
8,
9,
10,
11,
12,
13,
14,
15,
16,
17,
18,
19,
20,
21,
22,
23,
24,
25,
26,
27,
28,
29,
30,
31,
32,
33,
34,
35,
36,
37,
38,
39,
40,
41,
42,
43,
44,
45,
46,
47,
48,
49,
50,
51,
52,
53,
54,
55,
56,
57,
58,
59,
60,
61,
62,
63,
64,
65,
66,
67,
68,
69,
70,
71,
72,
73,
74,
75,
76,
77,
78,
79,
80,
81,
82,
83,
84,
85,
86,
87,
88,
89,
90,
91,
92,
93,
94,
95,
96,
97,
98,
99,
100
],
"train_loss": [
268.31419895202157,
49.42395989725909,
21.280563181779517,
6.279755631769736,
2.35556880320151,
1.8361780493278204,
1.6281751413044967,
1.254664149340682,
1.1353745760880118,
1.5844579550224964,
1.535011717184322,
1.43661104506395,
1.085935651786684,
0.9588970354222875,
0.9625210611838994,
0.9498296769585196,
0.9110844191603773,
0.8400901861078157,
0.8732092873317989,
0.8435723528148621,
0.8816004465884111,
0.878313851638103,
0.8442083780221113,
0.7692119455712987,
0.7972277079041549,
0.8005088605279997,
0.8950121571698527,
0.8416823552349421,
1.0668849827736382,
0.9980050494351725,
0.8696409055567164,
0.8725441370423385,
0.8616452921093918,
0.9343927385300164,
0.9539928614623904,
0.9299186796653928,
0.9805655394952129,
1.0723640393084428,
1.0897059797302007,
1.1797932123574686,
1.107161134246766,
1.2122105491442943,
1.2520922262837568,
1.1828708470337035,
1.1795339471711888,
1.1994057940685843,
1.117162000475906,
1.1547891854301213,
1.1932690387635718,
1.2577003165492862,
1.4545499142699354,
1.2062185204873874,
1.2230732225057648,
1.3220147739245196,
1.2747933545450525,
1.3207379832981139,
1.270921602023868,
1.2228000539494313,
1.2706883469904502,
1.2017178122452863,
1.1903358970101423,
1.2611626330323107,
1.238485213339798,
1.1174095057127045,
1.110631382371497,
1.0787398909020611,
1.3023774698963315,
1.276206878226573,
1.2364915365309228,
1.3048875378811453,
1.2264711612791528,
1.3680342154240046,
1.356610506538331,
1.3996013872266755,
1.416431427940609,
1.4212602245526051,
1.5342633010834221,
1.8266106046090915,
1.6434263150523027,
1.879144373841173,
1.7644592701919435,
1.917631123948285,
1.9639948944407186,
2.0797142813524863,
2.12429686981862,
2.33704156012047,
2.59335279840184,
2.6282739751920925,
2.8685994899179055,
3.0749823333710196,
3.292055261416698,
3.852587204279862,
4.297163749304343,
4.452504304450328,
4.699312352758693,
5.347369851089838,
5.953480243682861,
6.338785911169578,
6.6947035639304815,
7.120643964902622
],
"val_loss": [
1.132655382156372,
1.007334589958191,
1.1315662860870361,
0.9757479429244995,
0.901557981967926,
0.9935420751571655,
0.7021499276161194,
0.845232367515564,
0.448576956987381,
0.6459524035453796,
0.48780855536460876,
0.4990948736667633,
0.5626564621925354,
0.5399829149246216,
0.5824438333511353,
0.44208526611328125,
0.38322913646698,
0.35648348927497864,
0.31227439641952515,
0.3723793029785156,
0.3389799892902374,
0.3278445601463318,
0.31830304861068726,
0.317630797624588,
0.3112437427043915,
0.36875447630882263,
0.31401389837265015,
0.3384353220462799,
0.42913421988487244,
0.35993650555610657,
0.38716909289360046,
0.3580792248249054,
0.4114904999732971,
0.4099123775959015,
0.4177166223526001,
0.407647043466568,
0.3659708499908447,
0.33147603273391724,
0.3540116846561432,
0.33015626668930054,
0.32978367805480957,
0.32933861017227173,
0.33684465289115906,
0.32746437191963196,
0.3194643259048462,
0.3620065450668335,
0.3280172049999237,
0.32887813448905945,
0.32002559304237366,
0.2923815846443176,
0.3598436713218689,
0.34181076288223267,
0.351528525352478,
0.34314095973968506,
0.33476871252059937,
0.34672266244888306,
0.3512659966945648,
0.33423662185668945,
0.3459656536579132,
0.3381468653678894,
0.34239810705184937,
0.4023279547691345,
0.3442882299423218,
0.3529600501060486,
0.3577294945716858,
0.34213531017303467,
0.34760811924934387,
0.3455372750759125,
0.32753482460975647,
0.32907503843307495,
0.3548963665962219,
0.33476072549819946,
0.32819491624832153,
0.30608928203582764,
0.3653647005558014,
0.328721284866333,
0.4910454750061035,
0.31246066093444824,
0.3337848484516144,
0.3715699017047882,
0.3857343792915344,
0.3419712781906128,
0.29243430495262146,
0.27810874581336975,
0.3617234528064728,
0.3156594932079315,
0.30778753757476807,
0.30726009607315063,
0.3054749071598053,
0.3351067304611206,
0.28920868039131165,
0.2623555362224579,
0.33283349871635437,
0.279035359621048,
0.2649015188217163,
0.2547801733016968,
0.25126180052757263,
0.2278680056333542,
0.20405884087085724,
0.245130717754364
]
}