{
  "sspg": {
    "rmse": 61.48541983575957,
    "mae": 53.14500935872396,
    "r2": -0.3045943926975272,
    "pearson_r": 0.15551870442093735,
    "pearson_p": 0.6894961261407733,
    "spearman_r": 0.08333333333333334,
    "spearman_p": 0.831214097710308,
    "n": 9
  },
  "di": {
    "rmse": 1.0287917777289108,
    "mae": 0.8102603033185005,
    "r2": -0.010697365921532587,
    "pearson_r": 0.2942492508223281,
    "pearson_p": 0.47930154876345116,
    "spearman_r": 0.38095238095238104,
    "spearman_p": 0.35181255311756476,
    "n": 8
  }
}