{
"epoch": [
1,
2,
3,
4,
5,
6,
7,
8,
9,
10,
11,
12,
13,
14,
15,
16,
17,
18,
19,
20,
21,
22,
23,
24,
25,
26,
27,
28,
29,
30,
31,
32,
33,
34,
35,
36,
37,
38,
39,
40,
41,
42,
43,
44,
45,
46,
47,
48,
49,
50,
51,
52,
53,
54,
55,
56,
57,
58,
59,
60,
61,
62,
63,
64,
65,
66,
67,
68,
69,
70,
71,
72,
73,
74,
75,
76,
77,
78,
79,
80,
81,
82,
83,
84,
85,
86,
87,
88,
89,
90,
91,
92,
93,
94,
95,
96,
97,
98,
99,
100
],
"train_loss": [
9.845921542974981,
1.5165944477119069,
1.2579174195185747,
0.9314709146424095,
1.2248118761742468,
0.737031753405486,
0.7293751959753508,
0.6162103709608021,
0.6471222279095413,
0.7173475835582998,
0.7265176731761139,
0.7133299879508443,
0.588051716880043,
0.6470550794412594,
0.6264899219616805,
0.5493523988983419,
0.5134081268074489,
0.5972162473319781,
0.5174237176923469,
0.5339714899511621,
0.5757635347913987,
0.5871068380846836,
0.5368598870711752,
0.5833892013766978,
0.4874151295954638,
0.5468621690674583,
0.5525293403332776,
0.5311489400297108,
0.5190541943406114,
0.49919754296246144,
0.48513862136566993,
0.4559617266796603,
0.48736698645176274,
0.4674223803057529,
0.47023699248191153,
0.47189164722319876,
0.4643132456458441,
0.4333646238440334,
0.44885499790163325,
0.4327473504708545,
0.4631662646142563,
0.4514200430695373,
0.44112311141325694,
0.5022605778557239,
0.44679547388954916,
0.4357264460903583,
0.4437463442877968,
0.4707310763326022,
0.45061225938324884,
0.44250666800111826,
0.47095654181914753,
0.43812532767210854,
0.4190313733450257,
0.4524509381539751,
0.43552977495854445,
0.42649768071599525,
0.5231592200770236,
0.5024978990602021,
0.6745609611567884,
0.46557567349754936,
0.5271734223507418,
0.5736500712314455,
0.5301603350308862,
0.5320753272217099,
0.5498294789012116,
0.5057427753316294,
0.4906952868003656,
0.5178318696446939,
4.798340777949531,
0.4951837263484993,
0.5114025520806266,
0.510964550594292,
0.5283773827670825,
0.5251186956273447,
0.5031373736881973,
67.45112238691586,
0.5109903841915697,
0.5002584233142362,
0.5172721436708281,
0.51004559037709,
0.49935134035525935,
0.5073102441164526,
0.49596966847334756,
0.5011545761977092,
0.5223769043931866,
0.4936095954167961,
0.48628228991338524,
0.49638957286825275,
0.5333432505036345,
0.47037974088498863,
0.4629388823367582,
0.4612944152685675,
0.4763164750420221,
0.46126009420593184,
0.4818446683411551,
0.48259459509707914,
0.49424161002187444,
0.504501593880134,
0.523069430695902,
0.5319649668613283
],
"val_loss": [
0.4073871076107025,
0.3803088366985321,
0.34849685430526733,
0.4028722047805786,
0.3123389184474945,
0.3466610014438629,
0.24710573256015778,
0.22882108390331268,
0.21828587353229523,
0.31273457407951355,
0.41084811091423035,
0.25907257199287415,
0.30506592988967896,
0.2982499599456787,
0.25802043080329895,
0.22287003695964813,
0.2319086343050003,
0.25519126653671265,
0.2651403248310089,
0.3893384337425232,
0.26352035999298096,
0.22866155207157135,
0.347454309463501,
0.22161468863487244,
0.2250877022743225,
0.22706644237041473,
0.21748046576976776,
0.1907038539648056,
0.2271653115749359,
0.22530627250671387,
0.20235934853553772,
0.18944518268108368,
0.1930568516254425,
0.2148008942604065,
0.22599536180496216,
0.21490882337093353,
0.20254021883010864,
0.1938517540693283,
0.1887049823999405,
0.18325074017047882,
0.18322530388832092,
0.18517401814460754,
0.19285905361175537,
0.1969291865825653,
0.1923857033252716,
0.1943531632423401,
0.21963705122470856,
0.2086154967546463,
0.18971724808216095,
0.1916322112083435,
0.21145032346248627,
0.18293903768062592,
0.21180866658687592,
0.201541006565094,
0.1953652948141098,
0.2598215639591217,
0.22018440067768097,
0.404732346534729,
0.25029757618904114,
0.2054140865802765,
0.22281348705291748,
0.21149958670139313,
0.22659194469451904,
0.22936736047267914,
0.22763732075691223,
0.21168561279773712,
0.22370676696300507,
0.21150590479373932,
0.20097433030605316,
0.19514945149421692,
0.2078830599784851,
0.2172655463218689,
0.2382616400718689,
0.22630415856838226,
0.2010626643896103,
0.22483716905117035,
0.22629550099372864,
0.20456022024154663,
0.2062532901763916,
0.21101181209087372,
0.20319503545761108,
0.1899421662092209,
0.19517658650875092,
0.21578055620193481,
0.21175077557563782,
0.24087223410606384,
0.23259025812149048,
0.20998767018318176,
0.19988059997558594,
0.2116793692111969,
0.19497346878051758,
0.19004078209400177,
0.17848147451877594,
0.18143750727176666,
0.1967233270406723,
0.2027323693037033,
0.1995018869638443,
0.19228781759738922,
0.17930039763450623,
0.16835647821426392
]
}