{
  "sspg": {
    "rmse": 3057.126031503179,
    "mae": 3018.7680867513022,
    "r2": -2048.5920536449516,
    "pearson_r": 0.401966299320412,
    "pearson_p": 0.015091657063102245,
    "spearman_r": 0.47921188598096637,
    "spearman_p": 0.003106153195467434,
    "n": 36
  },
  "di": {
    "rmse": 1.0284938651574687,
    "mae": 0.8750178019205729,
    "r2": -1.9384394988602072,
    "pearson_r": 0.38396934979521324,
    "pearson_p": 0.21785923348643071,
    "spearman_r": 0.4151391092547024,
    "spearman_p": 0.17960218138077422,
    "n": 12
  }
}