{
"epoch": [
1,
2,
3,
4,
5,
6,
7,
8,
9,
10,
11,
12,
13,
14,
15,
16,
17,
18,
19,
20,
21,
22,
23,
24,
25,
26,
27,
28,
29,
30,
31,
32,
33,
34,
35,
36,
37,
38,
39,
40,
41,
42,
43,
44,
45,
46,
47,
48,
49,
50,
51,
52,
53,
54,
55,
56,
57,
58,
59,
60,
61,
62,
63,
64,
65,
66,
67,
68,
69,
70,
71,
72,
73,
74,
75,
76,
77,
78,
79,
80,
81,
82,
83,
84,
85,
86,
87,
88,
89,
90,
91,
92,
93,
94,
95,
96,
97,
98,
99,
100
],
"train_loss": [
33.2507570522038,
5.4071253247148405,
2.607265835671913,
1.8711558111070647,
1.448092080476716,
1.2267856025320338,
1.08867424773419,
0.9722691535011051,
0.9226352624067171,
0.8788291718077472,
0.8777223374899916,
0.828161231645449,
0.8049865167910658,
0.7931117523373581,
0.8111936609576068,
0.7740190991266506,
0.8306522477330185,
0.7755195784756518,
0.7626579150440186,
0.7395921448084313,
0.8325930280009592,
0.7745888965336356,
0.709413267026736,
0.745047597434577,
0.6862322842980934,
0.7017764406880056,
0.7071517903035082,
0.7328559150845986,
0.8325083279234218,
1.0450166055536645,
1.0664331603237962,
0.9706142033178975,
1.0511473736425085,
1.1109181914742536,
1.1973245876041922,
1.1619841029324869,
1.1782053624551128,
1.1851647500916729,
1.2768478787790134,
1.2093096586662953,
1.2565696858984279,
1.289579418700511,
1.2460484101077702,
1.2107316358821598,
1.1870673660218247,
1.1747640681079055,
1.1587482615718692,
1.1275653557514582,
1.1246333413236722,
1.1172314675774162,
1.1348917596922146,
1.1352135506201917,
1.133649882369154,
1.1619666777257844,
1.1960003882881225,
1.1480210221658542,
1.1040806235290888,
1.1291762064761064,
1.0652329255276778,
1.1119728182244488,
1.1637900926935392,
1.1098543949953215,
1.2239732085250494,
1.307387331339318,
1.3303384611925742,
1.3345431924804927,
1.461146502982913,
1.545837296275642,
1.5829074026092769,
1.592448242067352,
1.6630299663919164,
1.8334475530414132,
1.9268015106831948,
1.6388483122577817,
2.0397190155945424,
1.8193491387554979,
1.838013147744607,
1.9421096861831786,
2.0891046411409153,
2.237548325005479,
2.415815287687647,
2.625152088525727,
2.814263694868313,
3.0690211048276406,
3.3439756697557104,
3.4308674391799086,
3.8779329878138746,
4.106098858390268,
4.4168247200372655,
4.874645045423132,
5.350825020647425,
5.807299550124041,
6.218236044635923,
6.722270488739014,
7.223632587222602,
7.316911562221256,
7.7685002830084855,
8.332449417414628,
9.110751692704328,
10.065391074954055
],
"val_loss": [
1.1274203062057495,
1.032352089881897,
1.030423641204834,
0.8686797022819519,
0.6467027068138123,
0.5164976119995117,
0.4268748462200165,
0.37022924423217773,
0.39500176906585693,
0.3800034821033478,
0.28587228059768677,
0.29195043444633484,
0.3754737079143524,
0.46947646141052246,
0.43424466252326965,
0.46111980080604553,
0.41890957951545715,
0.3510865569114685,
0.2814196050167084,
0.18516618013381958,
0.27815473079681396,
0.25741276144981384,
0.29100796580314636,
0.2629782259464264,
0.2037583589553833,
0.20028111338615417,
0.2488802969455719,
0.24616988003253937,
0.3423440158367157,
0.32190972566604614,
0.3096538186073303,
0.42259135842323303,
0.4249000549316406,
0.49454301595687866,
0.5069279670715332,
0.4645851254463196,
0.46611857414245605,
0.5123045444488525,
0.5403270125389099,
0.4897594451904297,
0.6057529449462891,
0.5414888858795166,
0.5142917633056641,
0.4960729777812958,
0.4933626353740692,
0.5039787292480469,
0.4734528660774231,
0.44812124967575073,
0.4475116431713104,
0.4158588647842407,
0.4196365475654602,
0.4105640649795532,
0.42118963599205017,
0.41802096366882324,
0.44376760721206665,
0.36976802349090576,
0.38694921135902405,
0.4849461019039154,
0.39750081300735474,
0.4309847056865692,
0.41572046279907227,
0.402696818113327,
0.40094155073165894,
0.29670092463493347,
0.3549315333366394,
0.317991703748703,
0.36979609727859497,
0.32656046748161316,
0.3384331464767456,
0.28740817308425903,
0.27506783604621887,
0.27131521701812744,
0.3418356776237488,
0.33935055136680603,
0.3005715310573578,
0.3480692207813263,
0.36459195613861084,
0.316246896982193,
0.327541321516037,
0.3271351456642151,
0.32836729288101196,
0.3176515996456146,
0.3076876103878021,
0.32523465156555176,
0.3215218782424927,
0.2883373200893402,
0.3252897560596466,
0.34950172901153564,
0.3667699098587036,
0.34238728880882263,
0.27910760045051575,
0.25936803221702576,
0.2700587213039398,
0.23312994837760925,
0.26140937209129333,
0.2416139841079712,
0.25043654441833496,
0.22401100397109985,
0.24970580637454987,
0.2614426910877228
]
}