{
  "sspg": {
    "rmse": 65.89374994239064,
    "mae": 44.95462650722928,
    "r2": 0.04779778059444162,
    "pearson_r": 0.5023166098965408,
    "pearson_p": 0.0017973023357182281,
    "spearman_r": 0.5115505384226752,
    "spearman_p": 0.0014287590835710762,
    "n": 36
  },
  "di": {
    "rmse": 0.9997216956319182,
    "mae": 0.8624798754851023,
    "r2": -1.7763331355162113,
    "pearson_r": 0.44055227200201086,
    "pearson_p": 0.151742477545796,
    "spearman_r": 0.35429975703634087,
    "spearman_p": 0.25849755516448264,
    "n": 12
  }
}