{
"epoch": [
1,
2,
3,
4,
5,
6,
7,
8,
9,
10,
11,
12,
13,
14,
15,
16,
17,
18,
19,
20,
21,
22,
23,
24,
25,
26,
27,
28,
29,
30,
31,
32,
33,
34,
35,
36,
37,
38,
39,
40,
41,
42,
43,
44,
45,
46,
47,
48,
49,
50,
51,
52,
53,
54,
55,
56,
57,
58,
59,
60,
61,
62,
63,
64,
65,
66,
67,
68,
69,
70,
71,
72,
73,
74,
75,
76,
77,
78,
79,
80,
81,
82,
83,
84,
85,
86,
87,
88,
89,
90,
91,
92,
93,
94,
95,
96,
97,
98,
99,
100
],
"train_loss": [
77.33793728745829,
13.636526573361374,
6.48470159966176,
3.955842110115712,
2.7658318853753756,
2.0953204866469375,
1.7069882858456589,
3.145826215819111,
1.315851384260523,
1.197644426128057,
1.1427593146722148,
1.0948725521095155,
1.038116778914384,
1.0184576811752921,
1.0440482924303671,
0.95137469177171,
0.9511642906609483,
0.8922123744731812,
0.9451330998751122,
0.9254225938338932,
0.9546590907367196,
0.8783036817715862,
0.8600702633069256,
0.8786848548829086,
0.8476950056909576,
0.8132016424119003,
0.8133986179284224,
0.814598681889181,
0.8306904866939454,
0.9012365435052105,
0.893810425217696,
0.888941987292973,
0.8352946634367695,
0.9727427931282464,
1.050637997980193,
0.839658265508066,
0.7687318944555568,
0.7947382757982869,
0.810488367643882,
0.8079096182124821,
0.8578342617027402,
0.863868783308765,
0.9177627497770655,
0.9224291035509485,
1.0015701947249764,
1.0410773702493803,
1.1081194070380505,
1.1194406747817993,
1.1985595019783561,
1.2373728986800185,
1.3520945648508749,
1.3439944475654542,
1.2878072834390355,
1.3393385476014745,
1.401189376050093,
1.5426558490813247,
1.4070490410947425,
1.470249662249107,
1.366783681816942,
1.3055517016433356,
1.3345053965651144,
1.3097093771761796,
1.3348657033574862,
1.3231144974550864,
1.2977277143733708,
1.236294013308728,
1.2471621355672522,
1.2440844023321558,
1.2210556953910767,
1.2155363099781546,
1.2023635013835636,
1.2788477835692758,
1.2423752884226522,
1.258375410019882,
1.318585524408836,
1.3223155577351728,
1.3226750507129459,
4.5095467529897615,
1.6768688404653955,
1.5082313150871458,
1.413076957379739,
1.3007492915851864,
1.3232944678133867,
1.3059049581918192,
1.2826947687179084,
1.3076393857715636,
1.3157817557102114,
1.316893787834588,
1.3633307528308058,
1.3949542148845402,
1.422619129729083,
1.42835580363987,
1.693557736441845,
1.6519003674739927,
1.690842007088849,
1.6384671804473157,
1.690098475283525,
1.7133591550541676,
1.7513630352621004,
1.8527773487286305
],
"val_loss": [
1.3257839679718018,
0.9840048551559448,
0.9786039590835571,
0.766704797744751,
0.8698700070381165,
0.7267526984214783,
0.6465989947319031,
0.5739486217498779,
0.5984394550323486,
0.5821195840835571,
0.44441482424736023,
0.4107156991958618,
0.4999978542327881,
0.39084121584892273,
0.3233443796634674,
0.2959440052509308,
0.23763179779052734,
0.3180497884750366,
0.34894832968711853,
0.21825380623340607,
0.18860763311386108,
0.17635180056095123,
0.16625115275382996,
0.2136581987142563,
0.16864123940467834,
0.1743011176586151,
0.2166009098291397,
0.3810282051563263,
0.27732428908348083,
0.34369540214538574,
0.25529810786247253,
0.23865239322185516,
0.24255569279193878,
0.6466057300567627,
0.17425987124443054,
0.1487782746553421,
0.20079542696475983,
0.2083372324705124,
0.21459360420703888,
0.2571365535259247,
0.24581995606422424,
0.20277327299118042,
0.37015724182128906,
0.2547846734523773,
0.36100926995277405,
0.3953493535518646,
0.47297969460487366,
0.3371801972389221,
0.3950374722480774,
0.40164148807525635,
0.5301268696784973,
0.4960634410381317,
0.5287824273109436,
0.5427143573760986,
0.6170869469642639,
0.4871440827846527,
0.48647403717041016,
0.6326149702072144,
0.5008264183998108,
0.45227596163749695,
0.4996373951435089,
0.5329649448394775,
0.49352020025253296,
0.5652665495872498,
0.5238643884658813,
0.5133784413337708,
0.5045517086982727,
0.4904513955116272,
0.46638718247413635,
0.45352303981781006,
0.449720561504364,
0.43560001254081726,
0.4276690185070038,
0.4213959276676178,
0.4610109031200409,
0.36083343625068665,
0.37016135454177856,
0.7032684683799744,
0.531048595905304,
0.4820149540901184,
0.5195309519767761,
0.48445144295692444,
0.4449809491634369,
0.40831562876701355,
0.41715729236602783,
0.3975812494754791,
0.34730708599090576,
0.3279396891593933,
0.31890222430229187,
0.31290242075920105,
0.3233456313610077,
0.30568933486938477,
0.3090395927429199,
0.27358466386795044,
0.26740360260009766,
0.31883764266967773,
0.27847859263420105,
0.26030200719833374,
0.28752899169921875,
0.27712130546569824
]
}