{
  "sspg": {
    "rmse": 69.42596486268846,
    "mae": 49.622891108194985,
    "r2": -0.057023373476715156,
    "pearson_r": 0.2757360013989885,
    "pearson_p": 0.10357577022997681,
    "spearman_r": 0.13966502308543768,
    "spearman_p": 0.41655686044313756,
    "n": 36
  },
  "di": {
    "rmse": 1.0075875250032844,
    "mae": 0.9313695232073466,
    "r2": -1.8201934905695603,
    "pearson_r": -0.2498414342517668,
    "pearson_p": 0.43353751966907494,
    "spearman_r": -0.3399846153379028,
    "spearman_p": 0.2795750216026352,
    "n": 12
  }
}