{
"epoch": [
1,
2,
3,
4,
5,
6,
7,
8,
9,
10,
11,
12,
13,
14,
15,
16,
17,
18,
19,
20,
21,
22,
23,
24,
25,
26,
27,
28,
29,
30,
31,
32,
33,
34,
35,
36,
37,
38,
39,
40,
41,
42,
43,
44,
45,
46,
47,
48,
49,
50,
51,
52,
53,
54,
55,
56,
57,
58,
59,
60,
61,
62,
63,
64,
65,
66,
67,
68,
69,
70,
71,
72,
73,
74,
75,
76,
77,
78,
79,
80,
81,
82,
83,
84,
85,
86,
87,
88,
89,
90,
91,
92,
93,
94,
95,
96,
97,
98,
99,
100
],
"train_loss": [
17.04476112831296,
3.6618444149888405,
2.706956752641933,
2.002106562374145,
1.5966737964960533,
1.3728096119062168,
1.3721269125074853,
1.4837630696184054,
1.319583821484423,
1.3023150990328451,
1.2912859437972541,
1.3524793855787263,
1.3274049899709506,
1.3116190752645178,
1.3848869716088603,
1.3910910069473146,
1.4413964035004143,
1.5163270666843325,
1.4994392019557201,
1.4828935692629477,
1.454683743123933,
1.344902759461891,
1.3645001762495266,
1.4641236404734335,
1.4480413104605487,
1.5250640534979152,
1.558661236537723,
1.6415420188678531,
1.7526155503716057,
1.9014844481400617,
1.9399649177010603,
2.0222805109549693,
2.073309440312423,
2.0941940123640648,
2.1560964115022676,
2.306613940892257,
2.5140948633509357,
2.53812668830391,
2.267570443040743,
2.6306966383626142,
2.5989797922569937,
2.3698455818056123,
2.433185132469718,
2.4236438218064196,
2.2709479838844358,
1.9316678150432316,
1.9662877630999709,
1.9312007323963436,
2.002302088136748,
1.989924573522853,
2.002952855403029,
2.102387587855181,
2.2705875794718584,
2.1098122784471887,
2.22697439907104,
2.376089494059405,
2.3827445281772164,
1.9599738430789138,
2.0719100678060935,
2.018747224582462,
1.940879810513474,
1.9423655769017738,
1.9329487855040182,
1.9138086555510994,
2.1230021499273346,
2.1859556136168834,
2.102312430622071,
2.0603979741494487,
2.0245538227201445,
2.0880132078185794,
2.0758672642895557,
1.997696728218259,
2.131500970660232,
2.414757266757995,
2.4200241828527975,
2.2669816505251905,
2.3279445809642163,
2.3759464935993586,
2.4433853288335126,
2.6897963726614402,
2.636287101610439,
2.677841306671383,
2.6877115448628826,
2.6204391764843558,
2.65115216773326,
2.738394866778156,
2.908515947071586,
3.0232746713743435,
3.061039222507026,
3.168974868894562,
3.2711710986189955,
3.4306230958052506,
3.547778362364281,
3.7060202594817153,
3.890657169612374,
3.6990684580615185,
3.895048015699612,
4.05470763604472,
4.341722420820101,
4.119834866110734
],
"val_loss": [
0.8459139466285706,
0.7255819439888,
0.4773685932159424,
0.4253450334072113,
0.39638346433639526,
0.4533487558364868,
0.6443014740943909,
0.45511728525161743,
0.4342866837978363,
0.41023844480514526,
0.3986179828643799,
0.39068448543548584,
0.34544748067855835,
0.34135836362838745,
0.38273873925209045,
0.35242995619773865,
0.3378754258155823,
0.3336642384529114,
0.3774098753929138,
0.36696887016296387,
0.3464660346508026,
0.31090012192726135,
0.3298916518688202,
0.3641675114631653,
0.3354218304157257,
0.33184218406677246,
0.32745593786239624,
0.37733882665634155,
0.3758609890937805,
0.3192984163761139,
0.3194577097892761,
0.3145724833011627,
0.3239798843860626,
0.311661034822464,
0.35180798172950745,
0.3499908447265625,
0.3651827275753021,
0.29535937309265137,
0.31475815176963806,
0.30375099182128906,
0.29772475361824036,
0.3023540675640106,
0.32907694578170776,
0.2913919985294342,
0.2975563704967499,
0.2961149513721466,
0.2997394800186157,
0.29454874992370605,
0.2745032012462616,
0.27449169754981995,
0.29954051971435547,
0.2913084626197815,
0.2508922517299652,
0.265569806098938,
0.2379729151725769,
0.2018006294965744,
0.2909032702445984,
0.2795371115207672,
0.25604408979415894,
0.28753161430358887,
0.2482282966375351,
0.20756657421588898,
0.2021738737821579,
0.2097233384847641,
0.2198784500360489,
0.20324313640594482,
0.24283136427402496,
0.19751301407814026,
0.23160122334957123,
0.19893592596054077,
0.2252022922039032,
0.20365329086780548,
0.20128561556339264,
0.19020332396030426,
0.20321467518806458,
0.20708370208740234,
0.17107164859771729,
0.20015837252140045,
0.18789109587669373,
0.206908717751503,
0.16649797558784485,
0.1901448667049408,
0.1747097223997116,
0.18101996183395386,
0.20085777342319489,
0.18177808821201324,
0.17800840735435486,
0.1947261393070221,
0.1743592917919159,
0.19792473316192627,
0.16174711287021637,
0.15327849984169006,
0.19699683785438538,
0.16290144622325897,
0.16256821155548096,
0.19208543002605438,
0.25228044390678406,
0.1812589317560196,
0.27201780676841736,
0.21820707619190216
]
}