{
  "sspg": {
    "n": 20,
    "pearson_r": 0.7237702007119919,
    "pearson_p": 0.00030930550151273787,
    "spearman_r": 0.7669172932330827,
    "spearman_p": 7.978155088069932e-05,
    "r2": 0.2661247814669153,
    "rmse": 68.3793768605699,
    "mae": 52.44813910326477
  },
  "di": {
    "n": 16,
    "pearson_r": 0.660290162250086,
    "pearson_p": 0.0053715271563956534,
    "spearman_r": 0.5411764705882353,
    "spearman_p": 0.03040021888817021,
    "r2": 0.2779658086647596,
    "rmse": 0.6160511126705472,
    "mae": 0.5513117565720882
  }
}