{
  "sspg": {
    "rmse": 69.19731787097331,
    "mae": 49.450148052639435,
    "r2": -0.05007245150423145,
    "pearson_r": 0.1506751542400327,
    "pearson_p": 0.38039514449580303,
    "spearman_r": 0.35807233711666225,
    "spearman_p": 0.03201033735346254,
    "n": 36
  },
  "di": {
    "rmse": 0.6194090983855447,
    "mae": 0.5552434027194977,
    "r2": -0.06578229861215301,
    "pearson_r": 0.488748002468348,
    "pearson_p": 0.10688087408211595,
    "spearman_r": 0.3507209716117314,
    "spearman_p": 0.26367755350891425,
    "n": 12
  }
}