{
"epoch": [
1,
2,
3,
4,
5,
6,
7,
8,
9,
10,
11,
12,
13,
14,
15,
16,
17,
18,
19,
20,
21,
22,
23,
24,
25,
26,
27,
28,
29,
30,
31,
32,
33,
34,
35,
36,
37,
38,
39,
40,
41,
42,
43,
44,
45,
46,
47,
48,
49,
50,
51,
52,
53,
54,
55,
56,
57,
58,
59,
60,
61,
62,
63,
64,
65,
66,
67,
68,
69,
70,
71,
72,
73,
74,
75,
76,
77,
78,
79,
80,
81,
82,
83,
84,
85,
86,
87,
88,
89,
90,
91,
92,
93,
94,
95,
96,
97,
98,
99,
100
],
"train_loss": [
271.08987006240005,
67.87493524025744,
47.45458140335684,
34.82604445810393,
25.110651181438776,
18.01318951103631,
12.74002217120073,
8.984565167915164,
6.190578633406031,
4.328378106665424,
3.103452979110357,
2.2879204064842282,
1.8081165336248444,
1.5090304481701589,
1.3331901876945196,
1.210507832174226,
1.1883303978311734,
1.0432755665516291,
1.0974259273273739,
1.037214341126089,
1.0422180787784847,
0.9790450902435723,
0.9775616512523861,
0.9159143538925592,
0.9450513781525018,
0.9445174031370268,
0.9775680266027376,
0.9320502069991404,
0.9615909307021794,
0.9837417940455159,
1.0211711849753313,
1.0857547962759424,
1.1357586562164186,
1.190121713585741,
1.3828721243565476,
1.5226125407406663,
1.398124550271222,
1.362711929899501,
1.2938130099003708,
1.3630686688610887,
1.2357956171035767,
1.2946859570000115,
1.2400797445943037,
1.2343790606250913,
1.2880291741664016,
1.233801278542346,
1.2513956526133019,
1.298986808521541,
1.203049207296897,
1.1971846884629858,
1.2210077845205471,
1.2204715548537848,
1.2237287065175575,
1.2772515045376274,
1.263870294638506,
1.2332066701153133,
1.2214240276907373,
1.217315547109589,
1.1806335008050513,
1.214975760677668,
1.1866373105311956,
1.1954154367521992,
1.1817537649409977,
1.2447619569583201,
1.2888405416894146,
1.2679978853135596,
1.2342393858226266,
1.2595791403702863,
1.1862536837735513,
1.1576219168234998,
1.1352125791114147,
1.1343640342472106,
1.1251869755467092,
1.1503284296651526,
1.1330360089700053,
1.1397128640197394,
1.1611588179595826,
1.1890911239338673,
1.1986462140646506,
1.2093966288829412,
1.241624106572369,
1.2710461344305926,
1.2688669388688456,
1.2857605284593236,
1.3102386579738827,
1.3073999637693872,
1.3209141342658697,
1.3068098834180457,
1.3706856299573043,
1.3350969130598653,
1.3834330829109733,
1.3726022675281435,
1.3467181442290779,
1.3638339258554413,
1.394314509677136,
1.3943310121851644,
1.4379030982340415,
1.431344826390424,
1.4487013929472194,
1.4511258132814422
],
"val_loss": [
1.1985598802566528,
1.0799281597137451,
1.0054007768630981,
1.019556999206543,
0.9816381931304932,
0.825984537601471,
0.8935995101928711,
0.8241447806358337,
0.9009925723075867,
0.7846768498420715,
0.8035718202590942,
0.7297435998916626,
0.7701482176780701,
0.7361344695091248,
0.7197404503822327,
0.6698280572891235,
0.6396280527114868,
0.593563973903656,
0.662350594997406,
0.6747180223464966,
0.6097244024276733,
0.4662393033504486,
0.5607338547706604,
0.5450094938278198,
0.4755077362060547,
0.4961346983909607,
0.46975183486938477,
0.4295956492424011,
0.4454420506954193,
0.4337037205696106,
0.38779377937316895,
0.35091251134872437,
0.3547538220882416,
0.4708884060382843,
0.5779377222061157,
0.6636493802070618,
0.646148145198822,
0.5656927824020386,
0.4654335677623749,
0.5124331712722778,
0.46641382575035095,
0.5054470300674438,
0.411416620016098,
0.4386988878250122,
0.46000000834465027,
0.41859158873558044,
0.4313831925392151,
0.451250284910202,
0.4056480824947357,
0.41593196988105774,
0.44673746824264526,
0.40960127115249634,
0.40050208568573,
0.39330247044563293,
0.4122125506401062,
0.4148898422718048,
0.4145622253417969,
0.40078040957450867,
0.4048708379268646,
0.38631829619407654,
0.4284871518611908,
0.384854257106781,
0.4088202118873596,
0.4586552381515503,
0.42717987298965454,
0.4080381691455841,
0.4098731279373169,
0.38350123167037964,
0.39981892704963684,
0.3905986249446869,
0.3863189220428467,
0.41513556241989136,
0.35232406854629517,
0.3577260971069336,
0.3397458493709564,
0.3235951364040375,
0.3214426040649414,
0.3260660469532013,
0.32349148392677307,
0.311176061630249,
0.3048056662082672,
0.3151153028011322,
0.3044009208679199,
0.32959282398223877,
0.3184719681739807,
0.3155966103076935,
0.291807621717453,
0.27391359210014343,
0.30264416337013245,
0.2845320701599121,
0.28658047318458557,
0.29173123836517334,
0.31051069498062134,
0.2859331965446472,
0.2802636921405792,
0.2946166396141052,
0.266355961561203,
0.2779618501663208,
0.2796032130718231,
0.26111695170402527
]
}