{
"epoch": [
1,
2,
3,
4,
5,
6,
7,
8,
9,
10,
11,
12,
13,
14,
15,
16,
17,
18,
19,
20,
21,
22,
23,
24,
25,
26,
27,
28,
29,
30,
31,
32,
33,
34,
35,
36,
37,
38,
39,
40,
41,
42,
43,
44,
45,
46,
47,
48,
49,
50,
51,
52,
53,
54,
55,
56,
57,
58,
59,
60,
61,
62,
63,
64,
65,
66,
67,
68,
69,
70,
71,
72,
73,
74,
75,
76,
77,
78,
79,
80,
81,
82,
83,
84,
85,
86,
87,
88,
89,
90,
91,
92,
93,
94,
95,
96,
97,
98,
99,
100
],
"recon_loss": [
6.554610215224229,
1.3148874462424935,
0.58212024592734,
0.7003251995359149,
0.6843050424154703,
0.6435947952332435,
0.4535405078491607,
0.3892026210760141,
0.3659572469723689,
0.39533444658502354,
0.3612803847758801,
0.3033326423013365,
0.3784938384960224,
0.28752778180233846,
0.3933907271205605,
0.35481963142172085,
0.34215902314557656,
0.37273950197479944,
0.379567123852767,
0.36128655269548493,
0.3543286325482579,
0.353284849748983,
0.3416010528415829,
0.3497371120112283,
0.36526773928047773,
0.34367634027035204,
0.32854266542118865,
0.3411661018798878,
0.324344272350336,
0.3226963842844034,
0.31004139432659394,
0.303344318231979,
0.29720536416227167,
0.3397165018242675,
0.37861544280857234,
0.32789090198355836,
0.34541188161094466,
0.31774275604780616,
0.29530330718337716,
0.2871624929951383,
0.289073086017138,
0.268755133662905,
0.29481694915077905,
0.3595103652446301,
0.3758197163606619,
0.41708741017750334,
0.3682514026567533,
0.290249105397757,
0.3582925277870971,
0.5398007244258732,
0.3527786507234945,
0.6754277890378778,
0.4375822493782291,
0.4305202697778677,
0.45499943835394724,
0.39673844521695917,
0.3339065539759475,
0.33558602379514024,
0.3221437811077415,
0.3137397982857444,
0.2981539558280598,
0.3087268703943723,
0.3077184453413084,
0.2986533684389932,
0.3033819682412333,
0.3457093250441861,
0.33183459221542655,
0.3447263418854057,
0.34975567808398955,
0.3503231127540787,
0.3463206209919669,
0.33476183747316335,
0.3676954062728139,
0.3486544439544925,
0.3343282009099985,
0.3456347499574934,
0.33939344581071434,
0.33339555039034263,
0.3191272430605703,
0.31539907974082154,
0.3066987797811434,
0.3123232248154553,
0.3040289832400037,
0.3112733708573626,
0.30344259235766025,
0.30021030871899096,
0.29852099465085313,
0.311301646681575,
0.3225750857359403,
0.3301968802879383,
0.3805321075699546,
0.5053699426836782,
0.49222185898136783,
0.49923074129339934,
0.5431400785198459,
0.48251698717668456,
0.42520608530416115,
0.397591201902984,
0.38246562573816867,
0.36599537536695403
],
"sspg_loss": [
0.0,
0.0,
0.0,
0.0,
0.0,
0.0,
0.0,
0.0,
0.0,
0.0,
0.0,
0.0,
0.0,
0.0,
0.0,
0.0,
0.0,
0.0,
0.0,
0.0,
0.0,
0.0,
0.0,
0.0,
0.0,
0.0,
0.0,
0.0,
0.0,
0.0,
0.0,
0.0,
0.0,
0.0,
0.0,
0.0,
0.0,
0.0,
0.0,
0.0,
0.0,
0.0,
0.0,
0.0,
0.0,
0.0,
0.0,
0.0,
0.0,
0.0,
0.0,
0.0,
0.0,
0.0,
0.0,
0.0,
0.0,
0.0,
0.0,
0.0,
0.0,
0.0,
0.0,
0.0,
0.0,
0.0,
0.0,
0.0,
0.0,
0.0,
0.0,
0.0,
0.0,
0.0,
0.0,
0.0,
0.0,
0.0,
0.0,
0.0,
0.0,
0.0,
0.0,
0.0,
0.0,
0.0,
0.0,
0.0,
0.0,
0.0,
0.0,
0.0,
0.0,
0.0,
0.0,
0.0,
0.0,
0.0,
0.0,
0.0
],
"di_loss": [
0.0,
0.0,
0.0,
0.0,
0.0,
0.0,
0.0,
0.0,
0.0,
0.0,
0.0,
0.0,
0.0,
0.0,
0.0,
0.0,
0.0,
0.0,
0.0,
0.0,
0.0,
0.0,
0.0,
0.0,
0.0,
0.0,
0.0,
0.0,
0.0,
0.0,
0.0,
0.0,
0.0,
0.0,
0.0,
0.0,
0.0,
0.0,
0.0,
0.0,
0.0,
0.0,
0.0,
0.0,
0.0,
0.0,
0.0,
0.0,
0.0,
0.0,
0.0,
0.0,
0.0,
0.0,
0.0,
0.0,
0.0,
0.0,
0.0,
0.0,
0.0,
0.0,
0.0,
0.0,
0.0,
0.0,
0.0,
0.0,
0.0,
0.0,
0.0,
0.0,
0.0,
0.0,
0.0,
0.0,
0.0,
0.0,
0.0,
0.0,
0.0,
0.0,
0.0,
0.0,
0.0,
0.0,
0.0,
0.0,
0.0,
0.0,
0.0,
0.0,
0.0,
0.0,
0.0,
0.0,
0.0,
0.0,
0.0,
0.0
],
"si_cv": [
0.033114831894636154,
0.06319748610258102,
0.15579526126384735,
0.1477956771850586,
0.144209086894989,
0.12027056515216827,
0.15614072978496552,
0.20173819363117218,
0.25502482056617737,
0.24229876697063446,
0.16693568229675293,
0.16017046570777893,
0.1541966199874878,
0.16144393384456635,
0.20894357562065125,
0.28979820013046265,
0.2779234051704407,
0.28335267305374146,
0.280981183052063,
0.23688524961471558,
0.22186434268951416,
0.2136937379837036,
0.2260461449623108,
0.2439182549715042,
0.2249583601951599,
0.237396240234375,
0.24482174217700958,
0.2580362856388092,
0.209407240152359,
0.19397574663162231,
0.2262839823961258,
0.2156573086977005,
0.22271816432476044,
0.24066434800624847,
0.2758593261241913,
0.31662607192993164,
0.3376913368701935,
0.21930813789367676,
0.16226692497730255,
0.1635417342185974,
0.1926916539669037,
0.21543081104755402,
0.2139541208744049,
0.2174222469329834,
0.21815060079097748,
0.20472581684589386,
0.19517911970615387,
0.1843968629837036,
0.16497188806533813,
0.15559913218021393,
0.15546227991580963,
0.15585224330425262,
0.15414074063301086,
0.1535644680261612,
0.16161468625068665,
0.19337111711502075,
0.26406237483024597,
0.3148898482322693,
0.27713441848754883,
0.2330237179994583,
0.23443736135959625,
0.24473881721496582,
0.24057498574256897,
0.241049662232399,
0.23844915628433228,
0.24585196375846863,
0.2680605947971344,
0.2860206663608551,
0.28336748480796814,
0.26293545961380005,
0.2473778873682022,
0.24578572809696198,
0.27015990018844604,
0.2844010889530182,
0.29639187455177307,
0.3214169442653656,
0.3451601564884186,
0.3397086560726166,
0.32018572092056274,
0.32678642868995667,
0.3337431252002716,
0.3130784034729004,
0.26960766315460205,
0.2497590333223343,
0.24991141259670258,
0.25765281915664673,
0.2481793910264969,
0.19004392623901367,
0.17204898595809937,
0.1636897772550583,
0.1554550975561142,
0.14320291578769684,
0.137893944978714,
0.14365500211715698,
0.15900689363479614,
0.17738501727581024,
0.20772145688533783,
0.2465956062078476,
0.25777220726013184,
0.2596586346626282
],
"mi_cv": [
0.03850766643881798,
0.09385409206151962,
0.27952513098716736,
0.20117516815662384,
0.16211535036563873,
0.12213336676359177,
0.13807669281959534,
0.16220742464065552,
0.20211373269557953,
0.21042895317077637,
0.16001451015472412,
0.16281910240650177,
0.1682954728603363,
0.17667753994464874,
0.2236781269311905,
0.3055887520313263,
0.304261177778244,
0.3218408524990082,
0.3312738537788391,
0.2814551293849945,
0.2732871174812317,
0.26031503081321716,
0.2657932639122009,
0.2735868990421295,
0.2590658366680145,
0.2893688380718231,
0.2944888174533844,
0.32346436381340027,
0.2603790760040283,
0.23186206817626953,
0.25811296701431274,
0.20834293961524963,
0.17304235696792603,
0.16223205626010895,
0.1691858172416687,
0.19657541811466217,
0.1993665248155594,
0.17636336386203766,
0.1607527732849121,
0.1620476245880127,
0.18594983220100403,
0.2024049162864685,
0.1989763230085373,
0.19854862987995148,
0.19471634924411774,
0.1821073442697525,
0.17484113574028015,
0.16590256989002228,
0.14949017763137817,
0.14164672791957855,
0.1420346200466156,
0.14253945648670197,
0.14126615226268768,
0.14135359227657318,
0.14797693490982056,
0.17293107509613037,
0.2169039398431778,
0.2525438368320465,
0.2188083529472351,
0.18651574850082397,
0.18863150477409363,
0.19268371164798737,
0.19012805819511414,
0.19772329926490784,
0.1996137648820877,
0.2087678164243698,
0.22816571593284607,
0.23965555429458618,
0.23697243630886078,
0.21941249072551727,
0.21040894091129303,
0.21703588962554932,
0.24064183235168457,
0.2517385482788086,
0.26155558228492737,
0.28389066457748413,
0.3042144477367401,
0.30141481757164,
0.287975549697876,
0.3008698523044586,
0.3120339810848236,
0.2937835454940796,
0.2489529699087143,
0.228260338306427,
0.23060713708400726,
0.24332809448242188,
0.23654910922050476,
0.16944147646427155,
0.14694155752658844,
0.1382928043603897,
0.13500714302062988,
0.1275692731142044,
0.1257634162902832,
0.13146501779556274,
0.14376449584960938,
0.1600315272808075,
0.18241897225379944,
0.2138611376285553,
0.2183772772550583,
0.2141324132680893
]
}