{
  "sspg": {
    "rmse": 113.40430163204086,
    "mae": 86.38424072265624,
    "r2": -1.035783922828784,
    "pearson_r": 0.6062784715526467,
    "pearson_p": 0.06315096893826733,
    "spearman_r": 0.47416632407045034,
    "spearman_p": 0.16619192808155497,
    "n": 10
  },
  "di": {
    "rmse": 15.853546434644864,
    "mae": 15.013808210690817,
    "r2": -473.4054237214795,
    "pearson_r": 0.47144004556711483,
    "pearson_p": 0.34523005422164593,
    "spearman_r": 0.48571428571428577,
    "spearman_p": 0.3287230320699709,
    "n": 6
  }
}