{
"epoch": [
1,
2,
3,
4,
5,
6,
7,
8,
9,
10,
11,
12,
13,
14,
15,
16,
17,
18,
19,
20,
21,
22,
23,
24,
25,
26,
27,
28,
29,
30,
31,
32,
33,
34,
35,
36,
37,
38,
39,
40,
41,
42,
43,
44,
45,
46,
47,
48,
49,
50,
51,
52,
53,
54,
55,
56,
57,
58,
59,
60,
61,
62,
63,
64,
65,
66,
67,
68,
69,
70,
71,
72,
73,
74,
75,
76,
77,
78,
79,
80,
81,
82,
83,
84,
85,
86,
87,
88,
89,
90,
91,
92,
93,
94,
95,
96,
97,
98,
99,
100
],
"train_loss": [
25.11892034275697,
2.16727612278249,
1.7326397824995587,
1.24322644849815,
0.9921142334985261,
0.9010067351973883,
0.6504324479858474,
0.591533381750088,
0.5344429783301778,
0.4784372909234302,
0.4776310584332683,
0.41518969465010236,
0.4390783817461221,
0.4165771984227813,
0.4243828191025422,
0.39382585676589815,
0.40376078433329515,
0.43660467951604637,
0.46658546204614165,
0.4516751170158386,
0.4958379923707188,
0.5012895152120307,
0.46263766288757324,
0.4996863181638245,
0.46819579542273343,
0.44824205589766547,
0.41892509944368117,
0.398246030111124,
0.5059843275806691,
0.5087919536203441,
0.4438203785679128,
0.3743850057668025,
0.39975777533974977,
0.3463454391106521,
0.34487234129764066,
0.3596653596009358,
0.35808121317093916,
0.3345471390403143,
0.31914344843071285,
0.36073806557324856,
0.33638701034654483,
0.3875186440378132,
34.18605419550792,
0.4131488835457528,
0.3472585024515001,
0.4264129099279347,
0.40233471724066405,
0.3896109981111961,
0.3811459232970039,
0.3325776031406799,
0.3184854960677647,
0.33165106501909764,
0.3356262386435329,
0.3378957775559756,
0.3524734402942185,
0.34519004379168594,
0.34806793219972365,
0.35696714909950106,
0.33388464167566584,
0.3241807729891031,
0.31673975908520197,
0.3342634607659708,
0.32060526591716426,
0.3489086831560229,
0.3630867576835179,
0.3403510548690758,
0.3266800169897552,
0.33997693495585185,
0.339903330743903,
0.34049142528288434,
0.3336524429297683,
0.32811121450792446,
0.3317874498886637,
0.33073062707882117,
0.3388120270896666,
0.36907891294743755,
0.361216801522982,
0.3919443263865934,
0.3620619756160396,
0.34495354701976966,
0.35799084530018344,
0.3579643905752956,
0.36982224247243145,
0.3670163092636826,
0.35721076774125055,
0.3739934841004929,
0.33049866025990776,
0.35716961176678685,
0.33517543868263167,
0.3323197007769405,
0.3430894539497866,
0.33516324363132516,
0.31712739582699123,
0.3157553239033954,
0.3238556691915682,
0.3125841343166805,
0.3962524686709489,
0.38787813174842606,
0.39717838286173224,
0.37538007757451275
],
"val_loss": [
0.9595233201980591,
1.243562936782837,
0.7299209237098694,
0.5773526430130005,
0.5535669922828674,
0.47727689146995544,
0.5271217823028564,
0.5420160889625549,
0.3705502152442932,
0.4331524968147278,
0.33737486600875854,
0.4359937608242035,
0.3183911442756653,
0.32296204566955566,
0.37791362404823303,
0.2939790189266205,
0.3632097840309143,
0.33713841438293457,
0.3235794007778168,
0.3504261374473572,
0.3744027018547058,
0.3239089250564575,
0.30342769622802734,
0.3492385149002075,
0.36701685190200806,
0.3360953629016876,
0.3234557807445526,
0.294069766998291,
0.3449751138687134,
0.32636043429374695,
0.31986457109451294,
0.2775093913078308,
0.2745042145252228,
0.3159649074077606,
0.26924774050712585,
0.258653461933136,
0.276941180229187,
0.25251418352127075,
0.3379569947719574,
0.2594446837902069,
0.2984558939933777,
0.3126195967197418,
0.46364548802375793,
0.2685428261756897,
0.3738677203655243,
0.31901559233665466,
0.3326345980167389,
0.30131128430366516,
0.2937699556350708,
0.2812628149986267,
0.291453093290329,
0.3127927780151367,
0.3119850754737854,
0.33105114102363586,
0.3192870616912842,
0.31514039635658264,
0.3157438039779663,
0.30932366847991943,
0.2962596118450165,
0.2648392915725708,
0.2618941366672516,
0.2854171395301819,
0.27246975898742676,
0.27072012424468994,
0.29980435967445374,
0.2664683759212494,
0.2663036286830902,
0.27330493927001953,
0.26023784279823303,
0.273151695728302,
0.29610249400138855,
0.2725732922554016,
0.27899840474128723,
0.30081090331077576,
0.295705109834671,
0.2796395719051361,
0.31558576226234436,
0.28144529461860657,
0.2586677074432373,
0.2900681495666504,
0.28037530183792114,
0.27106332778930664,
0.2996232211589813,
0.2552253305912018,
0.3008584976196289,
0.24207164347171783,
0.26818111538887024,
0.25144925713539124,
0.2420436441898346,
0.2805631756782532,
0.273504376411438,
0.24767906963825226,
0.2474508434534073,
0.2411731779575348,
0.2442682385444641,
0.26044031977653503,
0.31034472584724426,
0.3103747069835663,
0.297441303730011,
0.3019828796386719
]
}