{
"epoch": [
1,
2,
3,
4,
5,
6,
7,
8,
9,
10,
11,
12,
13,
14,
15,
16,
17,
18,
19,
20,
21,
22,
23,
24,
25,
26,
27,
28,
29,
30,
31,
32,
33,
34,
35,
36,
37,
38,
39,
40,
41,
42,
43,
44,
45,
46,
47,
48,
49,
50,
51,
52,
53,
54,
55,
56,
57,
58,
59,
60,
61,
62,
63,
64,
65,
66,
67,
68,
69,
70,
71,
72,
73,
74,
75,
76,
77,
78,
79,
80,
81,
82,
83,
84,
85,
86,
87,
88,
89,
90,
91,
92,
93,
94,
95,
96,
97,
98,
99,
100
],
"train_loss": [
46.36035984813577,
3.0140121726706477,
2.480817402943526,
1.661311685448826,
1.5764858769898367,
1.4907048161667171,
1.5452857466027288,
1.4468754695193602,
1.3800149093760121,
2.0418070849805776,
1.3824430680511022,
1.3947276968767148,
1.304252838734353,
1.2562647455989724,
1.0844746957911122,
1.2275389350286805,
1.2002171714707177,
1.360205082610102,
1.1421225908959265,
1.093383766046845,
0.967042858647828,
0.9402397924130506,
1.1643680871123134,
1.127173645661609,
1.1688868385730404,
1.0080166338103833,
1.0873127196094778,
1.0616931909381753,
1.043654183349987,
1.0440810570622434,
1.0871513302963558,
1.0967448772770343,
0.9916513627118403,
1.2985192938606338,
1.0228223245922883,
1.0273352849601518,
1.0380667141168425,
1.0224085042972375,
1.0891862470324676,
0.8969987819690516,
0.9172776400452793,
0.8579420630294498,
1.0254102024701561,
0.8733243788823043,
1.1243926971265585,
0.9632857860905109,
0.868556274045812,
1.0023764997425646,
0.8604654923524007,
0.9063532765549008,
0.8748335619964221,
0.8737046016324864,
1.01117875493399,
0.9068958877336861,
0.8767245500394614,
0.8529010037384411,
1.1019583533305932,
1.0000511673417423,
1.0034240903240619,
1.1509007062062178,
1.0899151669870508,
1.0868526649947214,
1.2011409761882064,
1.1297740263514,
0.9780529448301485,
0.9755791626354255,
0.9039001665493049,
0.888469671848977,
1.1684297252409528,
0.8836127826482942,
0.9312916926228174,
1.105464469088186,
0.980741013394724,
0.8734605642828611,
0.8594697772866429,
1.1484567614475099,
1.1002612220178736,
0.9181883960667223,
0.8955468800988527,
0.9669363026571746,
1.0467083902642278,
0.7692123887562515,
0.7765763443295318,
0.8413879611704609,
0.8249908886333503,
0.7849089497386819,
0.9125204983324108,
0.8404240861977681,
0.7775468306966348,
0.8320296350682136,
0.8249601763073761,
0.8476827658048951,
0.8198593258857727,
0.8124420070412135,
0.9175597972208911,
0.7931848534263006,
1.0132721379251763,
0.8360336959952175,
0.9262708266182701,
0.7789935428317231
],
"val_loss": [
1.2757494449615479,
1.9339405298233032,
0.9562655091285706,
0.9504409432411194,
0.8830885887145996,
1.0571438074111938,
0.6848732829093933,
0.6769090294837952,
1.054707407951355,
0.9196563363075256,
0.6613783240318298,
0.6525101661682129,
0.6939605474472046,
0.5743281841278076,
0.7201203107833862,
0.6122711300849915,
0.4959825873374939,
0.6404316425323486,
0.49905869364738464,
0.4973459839820862,
0.6084235906600952,
0.48956239223480225,
0.4559427797794342,
0.5613111853599548,
0.5147551894187927,
0.42564427852630615,
0.57050621509552,
0.38925909996032715,
0.42665672302246094,
0.5193377137184143,
0.40389901399612427,
0.4162031412124634,
0.5605041980743408,
0.5248336791992188,
0.3894089460372925,
0.47306448221206665,
0.4170895218849182,
0.4230842590332031,
0.3444124758243561,
0.3843992352485657,
0.43812885880470276,
0.3673121929168701,
0.30595526099205017,
0.47222796082496643,
0.3463694155216217,
0.29778456687927246,
0.3302091062068939,
0.32554131746292114,
0.29593950510025024,
0.24693197011947632,
0.32847875356674194,
0.2905469834804535,
0.27534109354019165,
0.29117387533187866,
0.3928340673446655,
0.2526732087135315,
0.41671890020370483,
0.26036718487739563,
0.4788272976875305,
0.42698389291763306,
0.45087748765945435,
0.39632469415664673,
0.4212798476219177,
0.40704819560050964,
0.3344188630580902,
0.4352364242076874,
0.33722999691963196,
0.33330488204956055,
0.3687170743942261,
0.368295818567276,
0.4280519485473633,
0.5457204580307007,
0.36535775661468506,
0.32596033811569214,
0.29829394817352295,
0.40897148847579956,
0.28312304615974426,
0.27212709188461304,
0.38496047258377075,
0.35174068808555603,
0.2891307771205902,
0.286003977060318,
0.29155319929122925,
0.2521808445453644,
0.2339594066143036,
0.36985546350479126,
0.43161529302597046,
0.28641277551651,
0.3037920296192169,
0.3266528844833374,
0.39363929629325867,
0.34378567337989807,
0.3519326448440552,
0.4469531178474426,
0.4025305509567261,
0.2893948554992676,
0.3612230122089386,
0.5078887939453125,
0.3131568729877472,
0.7720891237258911
]
}