{
  "config": "Exp5_Finetune_16D",
  "seed": 84,
  "ckpt": "/Users/hertz1030/Documents/GitHub/interpretable-cgm-representations/New_paper1_results_glucovector_v17_multiseed/Exp5_Finetune_16D/seed_84/phase2_finetune_head/autoencoder_p1_full.pt",
  "sspg": {
    "target": "sspg",
    "train_metric": {
      "n": 63,
      "pearson_r": 0.2133898572746053,
      "spearman_r": 0.30176721397052464,
      "r2": 0.03539378791733783,
      "rmse": 73.0907848475352,
      "mae": 61.71271950480753
    },
    "d4_raw_metric": {
      "n": 20,
      "pearson_r": 0.5133074252519971,
      "spearman_r": 0.6406015037593984,
      "r2": 0.06853145353905199,
      "rmse": 77.03678050169697,
      "mae": 60.45569886937544
    },
    "d4_cal_metric": {
      "n": 20,
      "pearson_r": 0.5133074252519969,
      "spearman_r": 0.6406015037593984,
      "r2": 0.037373787635112676,
      "rmse": 78.31462434846001,
      "mae": 62.56670028243899
    },
    "calibration": {
      "a": 1.1037929456426987,
      "b": -5.1263737623887
    }
  },
  "di": {
    "target": "di",
    "train_metric": {
      "n": 63,
      "pearson_r": 0.3526458918260349,
      "spearman_r": 0.32882499072297217,
      "r2": 0.09018679732643853,
      "rmse": 1.0719201816165311,
      "mae": 0.8039006742569165
    },
    "d4_raw_metric": {
      "n": 16,
      "pearson_r": 0.7083638855880627,
      "spearman_r": 0.6794117647058824,
      "r2": 0.14816396086133854,
      "rmse": 0.6691382704786688,
      "mae": 0.5342638896364197
    },
    "d4_cal_metric": {
      "n": 16,
      "pearson_r": 0.7083638855880627,
      "spearman_r": 0.6794117647058824,
      "r2": 0.2181513225599816,
      "rmse": 0.641060794389855,
      "mae": 0.5195737760341876
    },
    "calibration": {
      "a": 1.6608982425410708,
      "b": -0.9424673657638554
    }
  }
}