{
"epoch": [
1,
2,
3,
4,
5,
6,
7,
8,
9,
10,
11,
12,
13,
14,
15,
16,
17,
18,
19,
20,
21,
22,
23,
24,
25,
26,
27,
28,
29,
30,
31,
32,
33,
34,
35,
36,
37,
38,
39,
40,
41,
42,
43,
44,
45,
46,
47,
48,
49,
50
],
"recon_loss": [
0.9059643296452312,
2.3756106441671196,
1.4429566844717248,
0.7804401230502438,
0.5269470141305552,
0.4929149773987857,
0.425916223750486,
0.4616664121677349,
0.4000952882426126,
0.43090082840486005,
0.3900173983790658,
0.4033486798599169,
0.38207241931518954,
0.35958900931593657,
0.3749664480035955,
0.3505659227247362,
0.34785435532594655,
0.36368182998198967,
0.3538972448993039,
0.3466545498216307,
0.3495900627080496,
0.36114404186025845,
0.3629156428498107,
0.34946024650103086,
0.3361216164254523,
0.3436231698308672,
0.34797029177863875,
0.3390521906413041,
0.3564239035953175,
0.34316591550777487,
0.36846722294757894,
0.36090449001881986,
0.3537642448753506,
0.39263393507375344,
0.3564230370057094,
0.3712465927585379,
0.3609568190265012,
0.39230819259371075,
0.35952816613308797,
0.35336766304907863,
0.35708840365533706,
0.3522941899764073,
0.3464323742823167,
0.3441093300844168,
0.34889331692224973,
0.334754969392504,
0.33054573621068684,
0.33025687004064586,
0.33648420812247637,
0.35800575861683137
],
"sspg_loss": [
6.358543247371525,
9.806617078843054,
3.604626206608562,
1.473705901728048,
1.3677858005870471,
1.1467144938258382,
1.0408513530508263,
1.014307289928585,
1.0185356527179867,
1.0161123043530946,
1.0128055478071238,
0.9757573434284755,
0.9915809383640042,
1.0329304608431729,
1.0320516019672543,
0.9902670654383573,
1.0433403276777886,
1.2944037341452264,
1.0490694820106803,
1.0432783411694813,
0.9953431309043587,
1.0015170341962343,
0.9706532599089982,
1.0017397186972878,
1.0219115692299683,
1.0002751036897881,
1.0020983993233024,
0.9948043041415029,
0.9952176135855836,
1.0146180700946164,
0.9938271146316033,
0.9987065273445922,
0.986591809755796,
0.9988316560720468,
0.9715737007655106,
0.9487429245725855,
1.082455193067526,
0.999461081120875,
1.0181033998340756,
1.0069770038901986,
1.0060634009249798,
1.0123901738748922,
0.9922548114479363,
1.0161130970174617,
0.9933341973787778,
0.9994018341039682,
0.9891312122344971,
1.000021132555875,
1.005221986151361,
0.983964458688513
],
"di_loss": [
27.944783024973685,
13.333868342560606,
6.09090713092259,
2.947952544534361,
2.2495291883295234,
1.533720889648834,
1.0603883684455575,
1.0769034113202776,
0.9804865803037371,
0.9810930753683115,
0.9780407602136786,
0.9835297860108413,
0.9191265709988483,
0.9653330584625145,
1.0168500774866576,
0.8906803432997171,
0.8868648046022886,
0.9567485621997288,
0.9540941181120934,
1.0413886734417506,
0.9323080499450882,
0.8975340631101039,
0.9443169189737989,
0.8569288656309053,
1.0058207806054649,
0.8907546824836111,
0.9471666998677439,
0.9688364004159903,
1.0516681067355267,
0.95724633065137,
0.9691572738932325,
0.9853912359708316,
0.9867824137984932,
1.0206901423342816,
0.9981067970201567,
1.0524901894779948,
0.9398720202507911,
0.8321172935622079,
0.8788559189090481,
0.9730832220672013,
0.9105295639533502,
0.9322170607455365,
0.9100163617691437,
1.0841073866014357,
0.8863204655709205,
0.9126409803118024,
0.9180220566786729,
1.0004407275806775,
0.9172851269121294,
1.0172116106206721
],
"si_cv": [
0.06946267932653427,
0.1341387778520584,
0.26021808385849,
0.1983667016029358,
0.07706955820322037,
0.13456881046295166,
0.3524072766304016,
0.3870612382888794,
0.18333174288272858,
0.20465700328350067,
0.19992871582508087,
0.1459566056728363,
0.10501374304294586,
0.08607163280248642,
0.09022078663110733,
0.2625499665737152,
0.388020783662796,
0.4000937044620514,
0.28770047426223755,
0.17026500403881073,
0.14444243907928467,
0.16522227227687836,
0.21668531000614166,
0.19343267381191254,
0.17872124910354614,
0.177131786942482,
0.08046895265579224,
0.21682211756706238,
0.4422537684440613,
0.2903285324573517,
0.3791426718235016,
0.5322054624557495,
0.472139835357666,
0.42876437306404114,
0.4353138208389282,
0.35479792952537537,
0.23407310247421265,
0.28028246760368347,
0.1997029036283493,
0.09599888324737549,
0.06282038241624832,
0.0830991119146347,
0.16642718017101288,
0.23066072165966034,
0.306941419839859,
0.2758443057537079,
0.18494412302970886,
0.1851740926504135,
0.21344859898090363,
0.17285016179084778
],
"mi_cv": [
0.1075921282172203,
0.1499900072813034,
0.2216535359621048,
0.10127226263284683,
0.03964972868561745,
0.03540705144405365,
0.09533002972602844,
0.146779403090477,
0.10023607313632965,
0.16154655814170837,
0.1949950009584427,
0.13110868632793427,
0.0660458579659462,
0.037230800837278366,
0.0447772778570652,
0.10181054472923279,
0.1515119969844818,
0.15740667283535004,
0.1104787141084671,
0.06651093810796738,
0.04421120509505272,
0.027322037145495415,
0.027650706470012665,
0.04538595676422119,
0.06260394304990768,
0.15354099869728088,
0.113339863717556,
0.16415083408355713,
0.16847990453243256,
0.10084983706474304,
0.10799741744995117,
0.1301218867301941,
0.16697794198989868,
0.16577565670013428,
0.14754119515419006,
0.11632827669382095,
0.086312435567379,
0.16457252204418182,
0.16761548817157745,
0.14879660308361053,
0.1794927418231964,
0.2143644243478775,
0.29653194546699524,
0.3864172399044037,
0.5419076681137085,
0.5927577614784241,
0.4863668382167816,
0.2581348121166229,
0.2451886236667633,
0.2683655917644501
]
}