{
"epoch": [
1,
2,
3,
4,
5,
6,
7,
8,
9,
10,
11,
12,
13,
14,
15,
16,
17,
18,
19,
20,
21,
22,
23,
24,
25,
26,
27,
28,
29,
30,
31,
32,
33,
34,
35,
36,
37,
38,
39,
40,
41,
42,
43,
44,
45,
46,
47,
48,
49,
50
],
"train_loss": [
19.442689585995364,
7.5634466672872565,
2.5520183498209175,
0.987958338353541,
0.6549847327269517,
0.3919653033281302,
0.3365400361937362,
0.330808429748981,
0.2373007640436098,
0.2005815463406699,
0.14270962010343352,
0.21440503233438962,
0.2714496502628574,
0.10506458174098622,
0.11439246829454001,
0.2150773417640042,
0.36551346484716835,
0.3874789522839831,
0.29938284239985724,
0.1629440745750031,
0.15042678140974663,
0.21030402647984492,
0.12839649269333134,
0.16867100611909644,
0.12387423676910339,
0.15259034331742818,
0.08787873813084193,
0.3111845272315013,
-0.022725097835063934,
0.08194391293959184,
0.19680693203752692,
0.15372913611399663,
0.23601502412325376,
0.26144273830698683,
0.029637840467614012,
0.28613660552284936,
0.2814095233167921,
0.22660901291029795,
0.22033844752745194,
0.30304620947156635,
0.21295862344952374,
0.22577130562299258,
0.2756590475509693,
0.23213103607103422,
0.06912998835761826,
0.10201225342688622,
0.1241535891766672,
0.22176494110714307,
0.10110852107792706,
0.16502387066940208
],
"val_loss": [
2.8457186222076416,
2.094968318939209,
0.5614731311798096,
0.5408074259757996,
0.5759350657463074,
0.5217931270599365,
0.5491865277290344,
0.49011677503585815,
0.49685537815093994,
0.4751370847225189,
0.4768522083759308,
0.46158525347709656,
0.43517327308654785,
0.47599056363105774,
0.4147951900959015,
0.3959069550037384,
0.4039314389228821,
0.4028986692428589,
0.389537513256073,
0.39336124062538147,
0.43566352128982544,
0.40354856848716736,
0.4416879415512085,
0.38285380601882935,
0.38125354051589966,
0.4368543028831482,
0.4198126494884491,
0.4125387370586395,
0.4078163802623749,
0.3898888826370239,
0.3878028988838196,
0.45187392830848694,
0.3970235288143158,
0.42803245782852173,
0.4222870469093323,
0.4510946273803711,
0.4197962284088135,
0.3824349343776703,
0.45068055391311646,
0.41227543354034424,
0.45164307951927185,
0.4002942740917206,
0.42051979899406433,
0.3950096070766449,
0.3848978281021118,
0.36818182468414307,
0.368794709444046,
0.3722444176673889,
0.4333353638648987,
0.3718254566192627
]
}