{
"epoch": [
1,
2,
3,
4,
5,
6,
7,
8,
9,
10,
11,
12,
13,
14,
15,
16,
17,
18,
19,
20,
21,
22,
23,
24,
25,
26,
27,
28,
29,
30,
31,
32,
33,
34,
35,
36,
37,
38,
39,
40,
41,
42,
43,
44,
45,
46,
47,
48,
49,
50,
51,
52,
53,
54,
55,
56,
57,
58,
59,
60,
61,
62,
63,
64,
65,
66,
67,
68,
69,
70,
71,
72,
73,
74,
75,
76,
77,
78,
79,
80,
81,
82,
83,
84,
85,
86,
87,
88,
89,
90,
91,
92,
93,
94,
95,
96,
97,
98,
99,
100
],
"train_loss": [
4.5621410314138835,
1.705105193249591,
1.7997915559000783,
1.4953765033127426,
1.0458650403208547,
0.9774318747706228,
0.6755825072139888,
0.5545511160578046,
0.5364159693965664,
0.4691113937984813,
0.45807243864257613,
0.3976638042307519,
0.370148956001579,
0.33287092617579866,
0.31493456642349044,
0.3266488824571882,
0.312652755480308,
0.2972618716877776,
0.33941750867026194,
0.3728508291306434,
0.3456992096715159,
0.4012856568608965,
0.33622794182269605,
0.4037687797825058,
0.2781993522272482,
0.27233623877748264,
0.2870692734594469,
0.3189206231724132,
0.2794358451645096,
0.33425044858610475,
0.3014698028564453,
0.2854054140580165,
0.2864724796313744,
0.29881965920522613,
0.3060187716762741,
0.26463343609463086,
0.26378802742276874,
0.26999725807796826,
0.2623544544368595,
0.28294639540957167,
0.25926352243918876,
0.28222090160691893,
0.30147617049031444,
0.25447041009153637,
0.23849574311987146,
0.2425662043032708,
0.24942953207276083,
0.2686038470113432,
0.2884853652545384,
0.29132141540576884,
0.2785809899305368,
0.2621329569971407,
0.27457321696467213,
0.27474164575725407,
0.28194954062437083,
0.30269804171153475,
0.3099479323083704,
0.29315862640157925,
0.303842356065651,
0.27944268537806227,
0.3167730225371076,
0.29279744470274294,
0.2947698204548328,
0.31135801564563403,
0.30678266209441346,
0.322927687075231,
0.27911809976998864,
0.3250664650619804,
0.30207694776646504,
0.330387747132933,
0.3260318215017195,
0.282119678986537,
0.2845571567485859,
0.2998678068836014,
0.2737745820701896,
0.264319956689686,
0.2755495569148621,
0.27780327665341364,
0.273960902319326,
0.29052119015099165,
0.2640517853297196,
0.2728942661703407,
0.2587025616463129,
0.26950696846107386,
0.2831211426815429,
0.24851881954577063,
0.25808072399783444,
0.2596361979648664,
0.27218659164069536,
0.27160049916861895,
0.2624953578818928,
0.25455938028050706,
0.29005465104982453,
0.27443591379500054,
0.2552744997786237,
0.2604221384246628,
0.25570972360573807,
0.2655381076521688,
0.2675073514511059,
0.2736372374869012
],
"val_loss": [
1.5081912279129028,
0.8811841607093811,
0.6339167952537537,
0.5649029612541199,
0.566684365272522,
0.31818240880966187,
0.48944780230522156,
0.36619824171066284,
0.3134637773036957,
0.24326388537883759,
0.19474317133426666,
0.23637358844280243,
0.19939737021923065,
0.12629292905330658,
0.141884446144104,
0.11936122924089432,
0.22370578348636627,
0.22427339851856232,
0.35360369086265564,
0.16927358508110046,
0.20517732203006744,
0.20758432149887085,
0.15864966809749603,
0.14931859076023102,
0.20417822897434235,
0.14590539038181305,
0.15621426701545715,
0.1143123209476471,
0.25038954615592957,
0.12658922374248505,
0.11474885791540146,
0.1166372150182724,
0.13932955265045166,
0.20021073520183563,
0.1194678544998169,
0.11655248701572418,
0.10642638802528381,
0.10735730081796646,
0.12404932081699371,
0.15832556784152985,
0.13976114988327026,
0.14451617002487183,
0.1176840141415596,
0.10201267153024673,
0.1291743814945221,
0.12096316367387772,
0.13183149695396423,
0.11596865952014923,
0.15611611306667328,
0.18361061811447144,
0.18551450967788696,
0.13044804334640503,
0.1127094253897667,
0.18407617509365082,
0.1470319926738739,
0.18246988952159882,
0.13391205668449402,
0.14667019248008728,
0.16476266086101532,
0.14742082357406616,
0.13368265330791473,
0.15019464492797852,
0.13163894414901733,
0.13713876903057098,
0.14183871448040009,
0.14428019523620605,
0.20510029792785645,
0.12811017036437988,
0.1277843713760376,
0.15414509177207947,
0.12808440625667572,
0.16748148202896118,
0.1268227994441986,
0.11849205195903778,
0.14475619792938232,
0.1346566379070282,
0.12683099508285522,
0.15055271983146667,
0.1542426496744156,
0.1360509693622589,
0.1304357945919037,
0.13202153146266937,
0.12930040061473846,
0.123032346367836,
0.12859956920146942,
0.13826650381088257,
0.13468727469444275,
0.12604236602783203,
0.12206590920686722,
0.12751521170139313,
0.131847083568573,
0.12876446545124054,
0.12266518920660019,
0.11980000883340836,
0.11916598677635193,
0.11933186650276184,
0.11954042315483093,
0.12011553347110748,
0.12045429646968842,
0.12077275663614273
]
}