{
"epoch": [
1,
2,
3,
4,
5,
6,
7,
8,
9,
10,
11,
12,
13,
14,
15,
16,
17,
18,
19,
20,
21,
22,
23,
24,
25,
26,
27,
28,
29,
30,
31,
32,
33,
34,
35,
36,
37,
38,
39,
40,
41,
42,
43,
44,
45,
46,
47,
48,
49,
50,
51,
52,
53,
54,
55,
56,
57,
58,
59,
60,
61,
62,
63,
64,
65,
66,
67,
68,
69,
70,
71,
72,
73,
74,
75,
76,
77,
78,
79,
80,
81,
82,
83,
84,
85,
86,
87,
88,
89,
90,
91,
92,
93,
94,
95,
96,
97,
98,
99,
100
],
"recon_loss": [
4.629851883107966,
1.4213960155264123,
1.0284090011150806,
0.537280944260684,
0.4613113604582749,
0.47358078538597403,
0.44607596196137467,
0.3665471680752643,
0.3804751212720747,
0.3159931561389527,
0.3555326628220546,
0.4068962134324111,
0.3573161425528588,
0.3950291926210577,
0.445238429230529,
0.40568146070876676,
0.34609695611061986,
0.30261569673364813,
0.33650974329415856,
0.4579218006753302,
0.4228218716460389,
0.7502485227275204,
2.030159804728124,
1.0121801054322874,
0.730980773250778,
0.5670832805819326,
0.8420785905478837,
0.5374827861011803,
0.44418690808407674,
0.39418401578804113,
0.36938239885615065,
0.36830899158081454,
0.3439881608083651,
0.33646540053479085,
0.3257815466298685,
0.32189764295305523,
0.3379138115938608,
0.3209708480091838,
0.3453815711009038,
0.32813749530098657,
0.30721462856639514,
0.3165113086050207,
0.31229637505172136,
0.30405929974921336,
0.2934166556828982,
0.29669649260384695,
0.30851744928143243,
0.29836734819721866,
0.30179575046935636,
0.3062470412099516,
0.290814115049003,
0.2892420899558377,
0.2913223725634736,
0.28359985699901336,
0.28658569633186637,
0.3061627484374232,
0.2980874072421681,
0.2968245496997586,
0.31071756102822046,
0.3100802611995053,
0.3029414964960767,
0.2971584847221127,
0.2990557323028515,
0.30189189469659483,
0.2996039959517392,
0.2981189195211832,
0.2907240928767563,
0.2955137835694598,
0.28285194294793264,
0.2866521605423519,
0.2857283822127751,
0.2840977613027994,
0.27855525504459033,
0.28570596506069235,
0.27944806489077484,
0.2685227785017583,
0.2713183555510137,
0.26362222026694904,
0.2668124452813879,
0.26402423443732326,
0.2648819092806284,
0.27129420986423247,
0.26462582643930016,
0.26661458224445195,
0.2674567678145,
0.2694539613537974,
0.2635245267059896,
0.2644908950700388,
0.26557822002993003,
0.2676290403325836,
0.2636230686655292,
0.2608813399618322,
0.27750867102053256,
0.25231344514078907,
0.2564746946483463,
0.25942123594222133,
0.2670197355282771,
0.26156671867742165,
0.2642093416932341,
0.26374132524837146
],
"sspg_loss": [
9.838875015060623,
3.19446612023688,
1.7291061723387087,
2.082959206073315,
1.113794895735654,
0.9768312240575815,
1.186754671010104,
1.0805972257217804,
0.9826882303535164,
0.9530121304772117,
0.9957398346492222,
1.0055024422608412,
0.9680564031972514,
0.9667710615442945,
1.0058053546137624,
0.9926104909413821,
0.9903075501516267,
1.084914486903649,
1.0261337540366433,
1.0051183313518375,
0.9828643055705281,
0.9205946875857068,
0.9793617942116477,
1.110193924083338,
1.0013866161371205,
1.0141812485533874,
1.010197791186246,
0.9702197251381812,
0.9764361164786599,
0.9257033389884156,
0.9107830903746865,
0.9290342238042262,
0.9503896275123993,
1.061133664923829,
0.8705005893459568,
1.0136757779431034,
0.8988240307027643,
0.9918243126435713,
1.0317967812736313,
1.0043637675124328,
1.0123961281466793,
1.0150548931840178,
0.9942640731861065,
0.9737091064453125,
0.9756361873118908,
0.9852206459293118,
1.0014579419965868,
1.0068739513298133,
1.0088682128237438,
1.0020227478696155,
0.9726696138258104,
1.0040954475278978,
1.0028641518060264,
0.9752622579599356,
0.9988960879189628,
1.002510467907051,
0.9995713791289886,
1.0050948177065169,
1.0057219081110769,
1.014776419509541,
0.981589957491144,
0.9935587691022204,
0.999897610057484,
0.9945689509441327,
1.0072653278127892,
1.0250786310666566,
1.013352498605654,
0.9953647449419096,
1.0165776246553893,
0.9995158461781292,
0.9962981536790922,
1.027428582117155,
0.9883868175667602,
1.0041118535128506,
0.9917257312056306,
1.0336404264747323,
1.0056229055701913,
0.9968383962457831,
1.0014214391832228,
1.033213757849359,
1.0153062142334974,
0.9932298846059031,
0.9853680931128465,
1.0036082484505393,
1.0124472139717697,
1.0009522453531043,
0.9754364908515633,
0.9752259115120033,
0.99159836769104,
0.9712485802638067,
1.0082650571674496,
1.004432627907047,
0.9913896105506204,
0.9731032817394702,
1.0050316754873696,
1.0152186836515154,
1.0035903059042894,
0.9996984856469291,
1.001841350035234,
0.9690033011622243
],
"di_loss": [
81.57600095674589,
3.0566358442430372,
1.682175029407848,
1.1230166051294896,
1.076124671217683,
0.9499959434781756,
1.2137677034774383,
0.960863855752078,
1.0736869263958622,
0.9284415136684071,
1.0987912044896708,
1.0378318816036374,
0.9760836556360319,
0.9924187087393427,
0.943814807123952,
0.9887893540518624,
1.0174131695326272,
1.085943814996001,
1.0045866842393751,
1.021958901123567,
0.9909542783514246,
0.9999496627163578,
1.0120696572514323,
1.0246966144481262,
0.9998906943705175,
1.0036438904799425,
1.046025689546164,
0.9699747682391823,
0.9640274295559177,
0.995498378555496,
1.0254660163606917,
0.8546298959038474,
0.9761567781497906,
1.0459723968010444,
0.9479118399805837,
1.0606871611112123,
0.9727728831303584,
1.004406454501214,
0.9642981739787312,
0.992467127837144,
1.0278018635588806,
1.0377652799928343,
0.9980381711736902,
0.9722771520738478,
0.9947556148875843,
1.0178588071426788,
1.0035088604146785,
0.9776297219387897,
0.9683160921195885,
0.9815725157787274,
0.9799265381577728,
1.043245701046733,
0.9889163576163255,
0.9683284418923515,
0.9874802030526199,
1.0048768706135935,
1.0116931184545739,
1.0131589778057941,
0.9781756455248053,
1.038437236439098,
1.042232154251693,
1.0032065108224943,
1.0040680541620626,
0.9619459289234954,
1.0116875140697925,
0.9686385377660974,
1.0178726214867133,
0.9945043991138409,
0.9758790816579547,
0.9856368264594635,
0.9593827143892065,
1.0078228704341046,
0.9890962831385723,
1.0431152798912742,
1.0053026145928865,
0.9886050309453692,
1.0230763376533212,
1.0032697575432914,
1.000784480726564,
0.969291483427023,
1.0200426222442032,
0.9875600229610096,
0.9900466761031708,
1.0091254788559754,
1.0119021287212124,
0.9841152677288303,
1.0069430153091232,
1.0228121032962552,
0.9586974343696197,
0.9810865265982491,
0.9955121263281091,
0.9835868733269828,
1.0002636297956689,
1.033594959742063,
1.010999504621927,
0.9861209175803445,
0.9940185237240482,
0.9988587568332623,
1.0076699349787328,
1.0222084336466604
],