{
"epoch": [
1,
2,
3,
4,
5,
6,
7,
8,
9,
10,
11,
12,
13,
14,
15,
16,
17,
18,
19,
20,
21,
22,
23,
24,
25,
26,
27,
28,
29,
30,
31,
32,
33,
34,
35,
36,
37,
38,
39,
40,
41,
42,
43,
44,
45,
46,
47,
48,
49,
50,
51,
52,
53,
54,
55,
56,
57,
58,
59,
60,
61,
62,
63,
64,
65,
66,
67,
68,
69,
70,
71,
72,
73,
74,
75,
76,
77,
78,
79,
80,
81,
82,
83,
84,
85,
86,
87,
88,
89,
90,
91,
92,
93,
94,
95,
96,
97,
98,
99,
100
],
"train_loss": [
13.82390073057893,
2.1036373717444286,
1.4624638216836112,
0.9353184607121852,
0.7489458531528325,
0.7292461387522808,
0.7460212134695673,
0.6309869250693878,
0.6490388156531693,
0.5712676590139215,
0.645206855489062,
0.715360405383172,
0.6593987608884836,
0.698962701605512,
0.7628626498309049,
0.7142307611254902,
0.6440174610583813,
0.6046708411984629,
0.6182361299341376,
0.7427736783956552,
0.7043435712913414,
1.0338764360972814,
2.333296571459089,
1.3349261283874512,
1.038390490915868,
0.8736462523410846,
1.151902599768205,
0.8336660521371024,
0.7417384703438004,
0.6854243588137936,
0.6606902867168575,
0.6348466950577575,
0.6161246640341622,
0.6193391843275591,
0.5744942960801063,
0.5942648517621028,
0.5875055495794718,
0.5839070399086197,
0.6046877998810309,
0.5855029279535467,
0.5692970435340683,
0.5813887436668594,
0.571321406921783,
0.5571212501494915,
0.5484477838912567,
0.554471545405202,
0.5675971051315208,
0.5569442487382269,
0.5600356347375102,
0.5644721783600845,
0.5459888832909721,
0.555370398930141,
0.5539385823460369,
0.5398500762976609,
0.5445971070946037,
0.56582043619899,
0.5584495833941868,
0.5584633752897188,
0.5698336262207526,
0.5757413204614218,
0.5637692948440453,
0.5529499456479952,
0.5541323191159732,
0.551193193955855,
0.5548486725076452,
0.5509540632173613,
0.5476709174645411,
0.548046041618694,
0.5353972230638776,
0.5389653591366558,
0.5357339149945742,
0.5428185308134401,
0.5321997419580237,
0.5465581378379425,
0.5354676238902203,
0.5271626664446546,
0.5309289337752702,
0.5204963297038884,
0.5239070410078223,
0.5210696211108914,
0.5249842366614899,
0.5258066452942886,
0.518629988292595,
0.5244611834550833,
0.5265502047229123,
0.5247387758323124,
0.5186646658104735,
0.5212497595068696,
0.517559593374079,
0.5198067581498778,
0.5209698173906896,
0.5166799766676766,
0.5336713636076296,
0.510000694881786,
0.5151219259608876,
0.5166205682537772,
0.5238415080231505,
0.5184832819096454,
0.522216878154061,
0.5199127321119432
],
"val_loss": [
0.9985066652297974,
0.6069840788841248,
0.34492549300193787,
0.33953410387039185,
0.26503801345825195,
0.2755076587200165,
0.22187510132789612,
0.2931208312511444,
0.21697638928890228,
0.19811320304870605,
0.25604087114334106,
0.20943759381771088,
0.29112890362739563,
0.2957743704319,
0.3208514451980591,
0.21052885055541992,
0.1922345757484436,
0.2477787286043167,
0.2603018879890442,
0.2803494930267334,
0.39636528491973877,
1.1127275228500366,
0.7363254427909851,
0.4822465181350708,
0.2756027281284332,
0.32664552330970764,
0.441011905670166,
0.2511998414993286,
0.2693672776222229,
0.2394161969423294,
0.26759567856788635,
0.23466640710830688,
0.20810961723327637,
0.2010764181613922,
0.1995941549539566,
0.22693587839603424,
0.20394648611545563,
0.20667441189289093,
0.18674379587173462,
0.1815413236618042,
0.20001201331615448,
0.1939859241247177,
0.19377167522907257,
0.16432450711727142,
0.16534818708896637,
0.20135216414928436,
0.18810616433620453,
0.1918487250804901,
0.19119280576705933,
0.17648234963417053,
0.18130891025066376,
0.19406341016292572,
0.1829461008310318,
0.17914369702339172,
0.16818226873874664,
0.177397221326828,
0.1883075088262558,
0.19585056602954865,
0.19127747416496277,
0.1848810911178589,
0.19173230230808258,
0.1870943307876587,
0.1823490709066391,
0.18214306235313416,
0.1971549093723297,
0.1762826293706894,
0.17903827130794525,
0.173524871468544,
0.16421924531459808,
0.16099561750888824,
0.16328729689121246,
0.1710350513458252,
0.16584713757038116,
0.17116591334342957,
0.17019306123256683,
0.16649052500724792,
0.16233254969120026,
0.1599433869123459,
0.15816199779510498,
0.15977254509925842,
0.16001670062541962,
0.15841937065124512,
0.15630578994750977,
0.1557668298482895,
0.1551554650068283,
0.1567479968070984,
0.15646816790103912,
0.15667738020420074,
0.15606863796710968,
0.1570771038532257,
0.15851695835590363,
0.15900985896587372,
0.1594403088092804,
0.15961846709251404,
0.15998932719230652,
0.1607576608657837,
0.16108806431293488,
0.16108492016792297,
0.16107730567455292,
0.1610892415046692
]
}