{
  "n": 20,
  "pearson_r": 0.6940973289585106,
  "pearson_p": 0.0006863019555916971,
  "spearman_r": 0.8075187969924811,
  "spearman_p": 1.6726328546716402e-05,
  "r2": 0.19763247898298897,
  "rmse": 71.49912018099022,
  "mae": 49.00345042539949
}