{
  "n": 16,
  "pearson_r": 0.6462790784235799,
  "pearson_p": 0.006830779951175262,
  "spearman_r": 0.5970588235294118,
  "spearman_p": 0.014609731954981046,
  "r2": -0.21535960123169473,
  "rmse": 0.7992640191345184,
  "mae": 0.7196784921302808
}