{
  "sspg": {
    "rmse": 69.2055312764331,
    "mae": 49.45964262220595,
    "r2": -0.05032174390244171,
    "pearson_r": 0.44775527942555615,
    "pearson_p": 0.0061749248373967995,
    "spearman_r": 0.4610155316632695,
    "spearman_p": 0.0046580189227891115,
    "n": 36
  },
  "di": {
    "rmse": 1.8557012698972022,
    "mae": 1.7557321389516194,
    "r2": -8.565980077490412,
    "pearson_r": -0.01844072310672413,
    "pearson_p": 0.9546391032615089,
    "spearman_r": -0.12525748986133262,
    "spearman_p": 0.6981071471700495,
    "n": 12
  }
}