{
"epoch": [
1,
2,
3,
4,
5,
6,
7,
8,
9,
10,
11,
12,
13,
14,
15,
16,
17,
18,
19,
20,
21,
22,
23,
24,
25,
26,
27,
28,
29,
30,
31,
32,
33,
34,
35,
36,
37,
38,
39,
40,
41,
42,
43,
44,
45,
46,
47,
48,
49,
50,
51,
52,
53,
54,
55,
56,
57,
58,
59,
60,
61,
62,
63,
64,
65,
66,
67,
68,
69,
70,
71,
72,
73,
74,
75,
76,
77,
78,
79,
80,
81,
82,
83,
84,
85,
86,
87,
88,
89,
90,
91,
92,
93,
94,
95,
96,
97,
98,
99,
100,
101,
102,
103,
104,
105,
106,
107,
108,
109,
110,
111,
112,
113,
114,
115,
116,
117,
118,
119,
120,
121,
122,
123,
124,
125,
126,
127,
128,
129,
130,
131,
132,
133,
134,
135,
136,
137,
138,
139,
140,
141,
142,
143,
144,
145,
146,
147,
148,
149,
150,
151,
152,
153,
154,
155,
156,
157,
158,
159,
160,
161,
162,
163,
164,
165,
166,
167,
168,
169,
170,
171,
172,
173,
174,
175,
176,
177,
178,
179,
180,
181,
182,
183,
184,
185,
186,
187,
188,
189,
190,
191,
192,
193,
194,
195,
196,
197,
198,
199,
200
],
"train_loss": [
269.2435370617964,
49.96771852988896,
21.66661621454194,
6.565343415643286,
3.041402231051227,
2.5849534301307258,
2.651123020592637,
1.8190232336990477,
1.5279858506570652,
1.3817740697560348,
1.4674295402887299,
1.2799187649892072,
1.429850575492138,
1.4346514536639836,
1.2872071172308734,
1.2814458486602063,
1.4119827615933156,
1.172579947419054,
1.3388116397256926,
1.331625409013643,
1.3641571069326925,
1.2497830221972128,
1.377570045275951,
1.2063845058125773,
1.3641960236031239,
1.5234177450495443,
1.6859821419077596,
1.8789408206939697,
1.9670404355357012,
2.187500777207022,
2.053704581861421,
1.5451573959485752,
1.4068316653018862,
1.6896307543506772,
1.7895808013405388,
1.8105966753847018,
1.7438315922819723,
1.728105956175196,
1.7579795112760048,
1.760966255908876,
1.8123350640920204,
1.9539123313633475,
2.022659848055502,
2.068531113346731,
2.363681169945424,
2.32135891163443,
2.422264682965016,
2.7940315036323127,
2.6934250902941845,
2.682658980211874,
2.3932100956834206,
2.679136231189638,
2.7705839581376925,
2.7829472943553775,
3.045801068854144,
3.276940591691986,
3.4635169093064437,
3.4543111061486673,
3.762547158819484,
3.9079952502813864,
3.9322330632547695,
4.0993393011919155,
4.093627595526027,
4.325941900568684,
4.139935266314529,
3.0096379302618073,
3.3482996441247894,
3.611956489367748,
3.1373983274294637,
2.4603544351622815,
3.768182326489546,
4.466311954137847,
5.091748624336063,
5.096605225810855,
5.290356437052329,
5.827645399439053,
6.422431600375439,
6.729641846784457,
7.197245849399116,
7.267808906675324,
8.491421752088652,
10.25436136290783,
11.349020589993694,
13.1758456943542,
15.832490725780097,
17.015316520150254,
18.11371267123485,
19.944624788179173,
22.428050949817568,
23.81514613834892,
23.600913295595664,
24.968176849245086,
24.649428540327417,
25.231600123127613,
29.162938696192946,
33.068187172957295,
38.72918794286532,
45.136092208501864,
45.412079488198586,
49.03628356813446,
54.72890892929918,
59.100759881687914,
63.6415852824534,
67.93551149143009,
72.63170467586968,
76.8541987862174,
80.75170177549828,
84.96223311536895,
90.36362961896761,
96.01652580922044,
101.124346755621,
106.94517457015871,
112.94622304120402,
119.3026448647807,
125.8592423566683,
130.27822803887796,
135.38220274917722,
140.9376554714413,
141.17819021630476,
144.6633663628045,
150.20287244901883,
156.9096587173582,
156.68377553384136,
160.08168606495295,
164.9482021782342,
168.7908117339367,
172.1155614177073,
175.14517728550229,
177.65832002895084,
180.6329215943344,
184.21577249361775,
188.29285821389027,
192.9272718054103,
195.54276557982436,
197.96091010626844,
200.0601041298213,
202.2763513279712,
205.3243142676166,
207.99300258366142,
210.10748663474254,
213.82030553141917,
218.37101361132042,
223.37555219995693,
227.15561790165938,
231.34417640505814,
236.14303072231021,
241.86289881908988,
246.2135838786448,
250.40509273499015,
256.0952693909172,
261.31122282734066,
266.2002702848179,
270.1583403339536,
273.9304864838367,
279.6116546871155,
285.6505432128906,
290.9816409133551,
295.931143452802,
300.9523505263441,
305.9579902709,
310.4816267358975,
314.7647438349686,
319.5069978969304,
324.83342688853344,
330.98684139702266,
336.5793661282757,
340.9431930902436,
345.9606539508489,
351.15241776113436,
356.33105156365343,
360.9568825068436,
365.4499228169599,
370.01930417038324,
375.93439177265316,
382.0537601981576,
388.78998691829173,
394.05357252706693,
399.01718163678026,
400.17113272599346,
393.30011250653604,
395.77992620993786,
402.7054445762334,
409.51796091635396,
412.46605436069757,
420.8054667795737,
427.42539845864604,
432.92014294721946,
439.6649902824342,
446.0097629817452,
450.15818870724655,
453.4798829086184,
454.3677490714967,
455.93964896615097,
447.3723504975086,
456.71470221572037,
462.8100196658157,
466.2329791211707,
469.0994007981668,
472.5796890859529,
477.3244624100332
],