{
"epoch": [
1,
2,
3,
4,
5,
6,
7,
8,
9,
10,
11,
12,
13,
14,
15,
16,
17,
18,
19,
20,
21,
22,
23,
24,
25,
26,
27,
28,
29,
30,
31,
32,
33,
34,
35,
36,
37,
38,
39,
40,
41,
42,
43,
44,
45,
46,
47,
48,
49,
50,
51,
52,
53,
54,
55,
56,
57,
58,
59,
60,
61,
62,
63,
64,
65,
66,
67,
68,
69,
70,
71,
72,
73,
74,
75,
76,
77,
78,
79,
80,
81,
82,
83,
84,
85,
86,
87,
88,
89,
90,
91,
92,
93,
94,
95,
96,
97,
98,
99,
100,
101,
102,
103,
104,
105,
106,
107,
108,
109,
110,
111,
112,
113,
114,
115,
116,
117,
118,
119,
120,
121,
122,
123,
124,
125,
126,
127,
128,
129,
130,
131,
132,
133,
134,
135,
136,
137,
138,
139,
140,
141,
142,
143,
144,
145,
146,
147,
148,
149,
150,
151,
152,
153,
154,
155,
156,
157,
158,
159,
160,
161,
162,
163,
164,
165,
166,
167,
168,
169,
170,
171,
172,
173,
174,
175,
176,
177,
178,
179,
180,
181,
182,
183,
184,
185,
186,
187,
188,
189,
190,
191,
192,
193,
194,
195,
196,
197,
198,
199,
200
],
"train_loss": [
48.011681742482374,
38.58453009964584,
29.45092944355754,
18.623745559097884,
11.561532454057174,
10.577856460174957,
15.643357153062697,
10.251208379671171,
10.21830026205484,
10.679363287888565,
10.102187453926383,
7.242728778294155,
8.738325304799266,
7.317146561362526,
7.28113858111493,
4.973359646735253,
5.714685539146522,
5.607693511170226,
4.04484503919428,
3.4664337449259572,
3.382172528799478,
3.2299968793794704,
2.7109478727563636,
2.571207925870821,
2.2913169365424615,
1.7190411803010222,
1.8670307552659666,
1.6520769410319143,
1.4561678604646162,
1.3736096914712486,
1.2590208285814757,
0.989397228538216,
1.0427735285325483,
0.8976475611909643,
1.014884190125899,
0.7180704536376061,
0.7819578190902611,
0.671508925301688,
0.757574792032118,
0.577991985268407,
0.6373033384224037,
0.5376862426856895,
0.5520257400227832,
0.5491844578222795,
0.586203741562831,
0.4794312800679888,
0.47156746588744125,
0.43995984885599704,
0.425292576288248,
0.4583635492758317,
0.4487794955055435,
0.46468479989410993,
0.4394404911375665,
0.4534465360951114,
0.451496542661221,
0.4404883183442153,
0.4395398783993411,
0.43243546493641744,
0.43234359985822207,
0.4570539756254716,
0.42717476053671405,
0.4303528643273688,
0.43336269917426173,
0.42836208467359665,
0.44012694312380507,
0.44380749781410417,
0.43321242773687685,
0.4327574325846387,
0.4502968331436058,
0.44335493329283476,
0.4346986629746177,
0.44378814294740754,
0.4321638608907724,
0.42717810188020977,
0.42086117066346207,
0.43803550051404283,
0.4513764605893717,
0.4246753330354567,
0.43569364718028475,
0.4150715439350574,
0.4774059320425058,
0.415628276088021,
0.43420431714553337,
0.43425918980078265,
0.44341012796798307,
0.42972184040329675,
0.42219427421495515,
0.4344517782136991,
0.4373894941497159,
0.4267481542252875,
0.4178425085234952,
0.4329049393728182,
0.4145802476189353,
0.4294712334484249,
0.4186221771426015,
0.424909660568485,
0.41191612745260264,
0.4161564626476981,
0.4208768896468274,
0.4197234979697636,
0.44744178691467684,
0.4449374559637788,
0.4295599414156629,
0.42317066951231525,
0.40999587867167087,
0.4459380414578822,
0.42738901485096326,
0.445385966208074,
0.41824435645883734
],
"val_loss": [
0.12077275663614273,
0.12077275663614273,
0.12077275663614273,
0.12077275663614273,
0.12077275663614273,
0.12077275663614273,
0.12077275663614273,
0.12077275663614273,
0.12077275663614273,
0.12077275663614273,
0.12077275663614273,
0.12077275663614273,
0.12077275663614273,
0.12077275663614273,
0.12077275663614273,
0.12077275663614273,
0.12077275663614273,
0.12077275663614273,
0.12077275663614273,
0.12077275663614273,
0.12077275663614273,
0.12077275663614273,
0.12077275663614273,
0.12077275663614273,
0.12077275663614273,
0.12077275663614273,
0.12077275663614273,
0.12077275663614273,
0.12077275663614273,
0.12077275663614273,
0.12077275663614273,
0.12077275663614273,
0.12077275663614273,
0.12077275663614273,
0.12077275663614273,
0.12077275663614273,
0.12077275663614273,
0.12077275663614273,
0.12077275663614273,
0.12077275663614273,
0.12077275663614273,
0.12077275663614273,
0.12077275663614273,
0.12077275663614273,
0.12077275663614273,
0.12077275663614273,
0.12077275663614273,
0.12077275663614273,
0.12077275663614273,
0.12077275663614273,
0.12077275663614273,
0.12077275663614273,
0.12077275663614273,
0.12077275663614273,
0.12077275663614273,
0.12077275663614273,
0.12077275663614273,
0.12077275663614273,
0.12077275663614273,
0.12077275663614273,
0.12077275663614273,
0.12077275663614273,
0.12077275663614273,
0.12077275663614273,
0.12077275663614273,
0.12077275663614273,
0.12077275663614273,
0.12077275663614273,
0.12077275663614273,
0.12077275663614273,
0.12077275663614273,
0.12077275663614273,
0.12077275663614273,
0.12077275663614273,
0.12077275663614273,
0.12077275663614273,
0.12077275663614273,
0.12077275663614273,
0.12077275663614273,
0.12077275663614273,
0.12077275663614273,
0.12077275663614273,
0.12077275663614273,
0.12077275663614273,
0.12077275663614273,
0.12077275663614273,
0.12077275663614273,
0.12077275663614273,
0.12077275663614273,
0.12077275663614273,
0.12077275663614273,
0.12077275663614273,
0.12077275663614273,
0.12077275663614273,
0.12077275663614273,
0.12077275663614273,
0.12077275663614273,
0.12077275663614273,
0.12077275663614273,
0.12077275663614273,
0.12077275663614273,
0.12077275663614273,
0.12077275663614273,
0.12077275663614273,
0.12077275663614273,
0.12077275663614273,
0.12077275663614273,
0.12077275663614273,
0.12077275663614273
]
}