{
"epoch": [
1,
2,
3,
4,
5,
6,
7,
8,
9,
10,
11,
12,
13,
14,
15,
16,
17,
18,
19,
20,
21,
22,
23,
24,
25,
26,
27,
28,
29,
30,
31,
32,
33,
34,
35,
36,
37,
38,
39,
40,
41,
42,
43,
44,
45,
46,
47,
48,
49,
50,
51,
52,
53,
54,
55,
56,
57,
58,
59,
60,
61,
62,
63,
64,
65,
66,
67,
68,
69,
70,
71,
72,
73,
74,
75,
76,
77,
78,
79,
80,
81,
82,
83,
84,
85,
86,
87,
88,
89,
90,
91,
92,
93,
94,
95,
96,
97,
98,
99,
100,
101,
102,
103,
104,
105,
106,
107,
108,
109,
110,
111,
112,
113,
114,
115,
116,
117,
118,
119,
120,
121,
122,
123,
124,
125,
126,
127,
128,
129,
130,
131,
132,
133,
134,
135,
136,
137,
138,
139,
140,
141,
142,
143,
144,
145,
146,
147,
148,
149,
150,
151,
152,
153,
154,
155,
156,
157,
158,
159,
160,
161,
162,
163,
164,
165,
166,
167,
168,
169,
170,
171,
172,
173,
174,
175,
176,
177,
178,
179,
180,
181,
182,
183,
184,
185,
186,
187,
188,
189,
190,
191,
192,
193,
194,
195,
196,
197,
198,
199,
200
],
"recon_loss": [
0.1496415622048564,
0.17047829732492373,
0.13815087718623026,
0.1424439215621391,
0.15388774117092033,
0.17915233795518998,
0.14602872477723405,
0.13883174762323305,
0.15309041777214447,
0.15066502891577682,
0.13739966514048638,
0.1479797898368402,
0.1701495995769253,
0.1532629904421893,
0.1672271331409355,
0.1434251648652089,
0.15741896629333496,
0.16241668667886164,
0.16575556103285258,
0.15550772768336457,
0.1446472272857443,
0.1467950882075669,
0.16108155250549316,
0.14472388330992167,
0.15410738564156867,
0.15396530713353837,
0.14762472003311305,
0.1435067711712478,
0.15734151915296332,
0.1491060173743731,
0.1472524358080579,
0.155916447376276,
0.1506619399244135,
0.14367758356905602,
0.1517940080398089,
0.1637866748617841,
0.15149415506945027,
0.1426218705517905,
0.17047975725167758,
0.15593679094469393,
0.16554716732594874,
0.1453161717622311,
0.15643203258514404,
0.14237563660392513,
0.15203916116968377,
0.15921249656708208,
0.14399035236278138,
0.13803034962771774,
0.14256252541944578,
0.14604048227721994,
0.14902524204997272,
0.16125073487108404,
0.14714523859612352,
0.14795714365197465,
0.14606798807908963,
0.15369555450879135,
0.14720721755708968,
0.13945237266552912,
0.15855106982317838,
0.17484505300397996,
0.1422261961481788,
0.1479037588873467,
0.15157620995849758,
0.14979908373448755,
0.15445915077413833,
0.15034419627158674,
0.1526035364572104,
0.15504182730015223,
0.16759402198450907,
0.1638080630596582,
0.15437836112914147,
0.1584243058384239,
0.14007484003320916,
0.15435763516209342,
0.1485421768837161,
0.1452417594271821,
0.16430776633999564,
0.1379999980911032,
0.1563942904596205,
0.1467932482044418,
0.18615916023006687,
0.13769457518280326,
0.15357596552991248,
0.16097494534083776,
0.15761741337838112,
0.15253503620624542,
0.1463057410407376,
0.1618956450324554,
0.148018731892883,
0.149618889604296,
0.1452002703369438,
0.15204321312439906,
0.1465989537053294,
0.1691139398457168,
0.13997465488198516,
0.1494031260152916,
0.1380800875750455,
0.1531354221817735,
0.1496345035054467,
0.15059665755018012,
0.16374078547799742,
0.1602556084270601,
0.14585464999273226,
0.1508459553316042,
0.14750526516468493,
0.15940203314477747,
0.15923315344692826,
0.16132856789347413,
0.1412944889494351
],
"sspg_loss": [
364.3321495551568,
272.31441864410004,
199.19071603750254,
108.04214279372971,
64.29491555845583,
61.62603948023412,
89.00469138405539,
54.49327226118608,
55.64406110094739,
62.00710172777052,
61.60338731245561,
44.1322529284985,
46.454441665054915,
34.96078486256785,
34.394695678314605,
26.281493397502157,
27.057272155563552,
32.81794248308454,
23.568730515319032,
15.219682743022968,
13.197589341696206,
19.548995624889027,
14.864936035948915,
13.437686461906928,
13.1300777769708,
7.4388830754664035,
9.154586881786198,
8.492854539450112,
6.536687925264433,
7.559457884206401,
6.521006599649207,
4.865630261309735,
3.831784972896824,
3.4328109939377027,
3.7202238293437215,
2.2127942791232815,
2.710290410301902,
2.3264559693150706,
2.546075183075744,
1.6628218564120205,
2.3771829063242134,
1.368956422650969,
1.638173162163078,
1.7574172855971695,
2.287784025266573,
1.2299007796621941,
1.2911684497610314,
1.131039220017272,
0.788689011103147,
0.9959646122796195,
1.0149030762833435,
1.1217193386771462,
1.0274255144131648,
0.913661897956551,
0.9882197681959574,
0.9585128945189637,
0.9780117025623074,
0.9218210159958183,
0.7452200480869838,
0.837122723653719,
0.8518957042848909,
0.8672413090606789,
0.7825181848042971,
0.8465433709033123,
0.9090690690201598,
0.9429917707071676,
0.8584778061160794,
0.8310871712573162,
0.8876557969427729,
0.7654317919310037,
0.8631095882360037,
0.9338474478814509,
0.8872728657412838,
0.8194745724851434,
0.7812951245865265,
0.8449483885393514,
0.9064021636913349,
0.8869534916691966,
0.8436029739194102,
0.7399528282029288,
0.941302423353319,
0.80250312600817,
0.8782688332842542,
0.8654505579502552,
0.8864731889266473,
0.7982796546700713,
0.797475022154969,
0.7891836553424983,
0.9247487644096474,
0.8394518285602718,
0.7700650165607403,
0.8481510815682349,
0.7667271138785722,
0.777085411858249,
0.8237551853254244,
0.7587970758413339,
0.8368867345444568,
0.7592903840077387,
0.733720909465443,
0.7496951988765171,
0.7999967750790832,
0.8453660754414348,
0.9164207059067565,
0.7889662733325711,
0.7397591278150484,
0.8583690284134505,
0.7911593480543657,
0.8114215089129163,
0.9139392105015841
],
"di_loss": [
113.18475064364347,
110.72259199464476,
92.8335604977298,
75.66736820765904,
48.67802696723442,
41.257506085680674,
64.86509937435001,
45.526995572176844,
43.904535367891384,
42.17638298133751,
36.94099247920049,
25.711736010266588,
38.123811647489475,
35.57455246169846,
35.64091764177595,
20.91435316011503,
27.41189367120916,
20.53132763156643,
14.118663924080986,
16.786078279668633,
18.07416347404579,
10.179523096456156,
9.53022674461464,
9.723655155726842,
7.138520017846838,
7.108376645422601,
6.935974796097,
5.489348191719551,
5.34807673986856,
3.5820803766126756,
3.4931778938739333,
2.3656787686533742,
3.985831948069783,
3.003389885673275,
3.807178967958921,
2.226544771875654,
2.490847216024027,
1.8589160999694427,
2.221376539824845,
1.4542314464395696,
1.2368799107415336,
1.4512454410652063,
1.214265125138419,
1.207172223499843,
0.9503630337777076,
0.8687885032071696,
0.8811037935219802,
0.7847570893052337,
0.9351128262358827,
1.0237674713134766,
0.8791406750679016,
0.8091224834516451,
0.7920283164296832,
1.0377333806706714,
0.9625669346227275,
0.8059160283633641,
0.8418162983733338,
0.9045112396215463,
0.8892066130390415,
0.881467672137471,
0.894091227611938,
0.8537508945960504,
0.9318480321339199,
0.8355880070042301,
0.8441100925594182,
0.8881426066547246,
0.8441124806156406,
0.8425701577942093,
0.8358736696181359,
0.9265381980251957,
0.8365947472584712,
0.8162920498228693,
0.9301188162394932,
0.8052314365064943,
0.8383961668262234,
0.9794903726546795,
0.8607861531245244,
0.8763010385748627,
0.8458918665910696,
0.8393315216163536,
0.8676665851048061,
0.8733352732348751,
0.8245160006857538,
0.7638931959480434,
0.8679550553297067,
0.8700896842139108,
0.8579116510106372,
0.8328790355038334,
0.8654601368811223,
0.8283420243820587,
0.8528587732996259,
0.8569674406732831,
0.8095871302988622,
0.7229887419319773,
0.8592214088935357,
0.8927695333183586,
0.7979750911910812,
0.7674213105982001,
0.8752043742638129,
0.8380746462128379,
0.9335144603407228,
0.8979537533475207,
0.8171334436961583,
0.8307820922368533,
0.7816482209540033,
0.9034923222157862,
0.7869006735937936,
0.9256537014787848,
0.7520606711313322
],