time_bin,count,mean,median
night,11,0.0005636375,0.00053301983
morning,555,0.00064016244,0.00059583277
afternoon,629,0.00057339785,0.00053095777
evening,511,0.0005719656,0.0005294945
