feature,spearman_r_tau_m,p,n
fat_g,0.49191720258370886,1.2026652890335449e-104,1706
protein_g,0.29183227357487473,7.619415635916545e-35,1706
