{
  "sspg": {
    "spearman_r": -0.3714285714285715,
    "rmse": NaN,
    "n": 6
  },
  "di": {
    "spearman_r": 0.2571428571428572,
    "rmse": NaN,
    "n": 6
  }
}