{
"epoch": [
1,
2,
3,
4,
5,
6,
7,
8,
9,
10,
11,
12,
13,
14,
15,
16,
17,
18,
19,
20,
21,
22,
23,
24,
25,
26,
27,
28,
29,
30,
31,
32,
33,
34,
35,
36,
37,
38,
39,
40,
41,
42,
43,
44,
45,
46,
47,
48,
49,
50,
51,
52,
53,
54,
55,
56,
57,
58,
59,
60,
61,
62,
63,
64,
65,
66,
67,
68,
69,
70,
71,
72,
73,
74,
75,
76,
77,
78,
79,
80,
81,
82,
83,
84,
85,
86,
87,
88,
89,
90,
91,
92,
93,
94,
95,
96,
97,
98,
99,
100
],
"recon_loss": [
5.478870963849941,
1.1022899401288073,
0.7190601500142523,
0.5097298128765171,
0.38947883348505036,
0.4220925411757301,
0.35165336177128703,
0.3421894617441322,
0.34568847177409323,
0.3005026616469151,
0.3101880758249459,
0.32815632699918346,
0.2885001689946952,
0.3023344974557893,
0.29238060868086935,
0.31286565871799693,
0.29080759577390525,
0.28448388255944773,
0.2505771258548528,
0.2536146057253124,
0.26797409418250334,
0.23170783139076553,
0.2819661620785208,
0.2585734951646388,
0.2864899940851356,
0.30069628971464496,
0.25458206324016347,
0.2528340440838277,
0.2590362018897754,
0.2997201833905292,
0.2639164306035563,
0.25792956965811115,
0.2295375899607394,
0.2483809113252063,
0.2367691730751711,
0.22601171601720216,
0.2409006547527153,
0.23917304943589604,
0.2546639905757263,
0.23318456726915696,
0.23677233562749975,
0.22277778299415812,
0.21229045769246688,
0.21350533796959564,
0.20269085654691488,
0.19350177876087798,
0.21386470470358343,
0.21971625991228247,
0.21373201380757725,
0.21775505910901463,
0.21038856275943146,
0.196710380185552,
0.19237647424725926,
0.18627877076383398,
0.17241504174821518,
0.20787922699912256,
0.20149190172928721,
0.18840651076380946,
0.20198947529331976,
0.20799538756118102,
0.18855218251212305,
0.17355959136195542,
0.17622977808243087,
0.17717066407203674,
0.16780194489895797,
0.17687213320692047,
0.16766884190445186,
0.16824023964024393,
0.18632869109386155,
0.17974479496479034,
0.15780913103528382,
0.15493723787680394,
0.17819925178499782,
0.19363159717631942,
0.18023745415090514,
0.17439694640015355,
0.1818549650556901,
0.17620780613242076,
0.18026754948772303,
0.1721522275890623,
0.16531691030293955,
0.18721445944128917,
0.17380797888050561,
0.17252159419179963,
0.17008808042321885,
0.1743848343857196,
0.16637325850354523,
0.15903031437837778,
0.16564090587511784,
0.1695977970331657,
0.17903545937117407,
0.16909856568364537,
0.17204068237993897,
0.18655852121966227,
0.1656604721015241,
0.1741648102257432,
0.17863375117548375,
0.16710966750353323,
0.16869654688013702,
0.16521645237167343
],
"sspg_loss": [
9.700657680255024,
1.4550172421110779,
1.521106598757896,
1.1833194424124325,
1.057904730323984,
1.0038583704403468,
0.9684548132559833,
1.062054987715072,
1.0818519442021346,
0.964005109642734,
0.9825534850609403,
0.9983681420318219,
0.9669389694678683,
1.0030883841153955,
0.9594276111666896,
0.9712341788436184,
0.9771952568983832,
0.9251450710937756,
0.9150893552964475,
1.0399525866788977,
0.9083115784060053,
0.956594821284799,
0.9666922262736729,
0.9031846974076343,
0.9121135413145819,
1.0211340249085628,
0.9332961179629093,
0.9373217750998104,
0.9460728899771426,
1.0008381625183491,
0.8838395351121405,
0.9309910495742029,
0.8868554104276064,
0.9269581061451375,
0.9546326188480153,
0.9028988009741327,
0.906319207504016,
0.9458582301099762,
0.9268559958754468,
0.9011094800564421,
0.9062275410700245,
0.9008687223706927,
0.9198008700579154,
0.8930650959495737,
0.8675922325679234,
0.915224594228408,
0.9034134700518697,
0.9172131985175509,
0.8630728170651347,
0.9133010436506832,
0.8647267332597941,
0.9305374026298523,
0.9550695955252447,
0.9336790662853658,
0.8922726136295736,
0.9225279598676858,
0.8954093205828627,
0.9487748797200307,
0.8696586164105841,
0.9118444383645258,
0.8623458602849174,
0.8950548161979482,
0.8887562746761226,
0.8747570464591018,
0.878476223524879,
0.8832186771040204,
0.8523996367174036,
0.8904770973349819,
0.8862956121188252,
0.8771605311321611,
0.8909062918494729,
0.8892824614749235,
0.8990420371043581,
0.8419010398768577,
0.8650687792721916,
0.8655984702230501,
0.8513614680586743,
0.7649489776427004,
0.8968183543501782,
0.8220003988562512,
0.9130479057295984,
0.8785884280164703,
0.8428089583621305,
0.8790234697967017,
0.9002888443089333,
0.7991137404401764,
0.8810960725575936,
0.8496688414020699,
0.8897344024241471,
0.8490926252693689,
0.814758547213899,
0.854560002058494,
0.8425197951933917,
0.8058608009033844,
0.9009362644508105,
0.8754255982006297,
0.861315794351722,
0.8022129695956447,
0.8924725957277442,
0.8486703514051037
],
"di_loss": [
56.524620577066884,
1.966387930036593,
1.0492226496464063,
1.073560395160643,
0.9236003621285703,
0.9893073073956145,
0.9596920734694024,
0.9735649924318329,
1.0418521416287463,
0.949831955573138,
0.9750435292219916,
1.013726435789541,
0.9275675886819342,
0.976076254323751,
0.9130337649032849,
0.9186807875873662,
1.0150139607301278,
0.9165367464057538,
0.9223463735660585,
0.906311798997286,
0.9365926244679619,
1.0187744478217693,
0.9272540722574506,
0.9480330763744707,
0.9438209899333345,
0.9465944356277209,
0.9201023057729256,
0.9274137090234196,
0.8752210911582498,
0.938301924897843,
0.854535369312062,
0.9193896080265526,
0.9338677550564293,
0.9577925580890239,
0.9541758288856313,
0.9323484792428858,
0.9037682288835028,
0.9661732421201819,
0.893536906282441,
0.9363766998803916,
0.881112258474366,
0.9344200567037118,
0.924603882457028,
0.8958662267492599,
0.8897175032551549,
0.9238348427940818,
0.9133300200229933,
0.9147289806053418,
0.9157274160064569,
0.8800837512777633,
0.9260989397513766,
0.9592165365940383,
0.9807955978297386,
0.9402729423106218,
0.898515910661521,
0.9237321505025655,
0.8744856339542806,
0.9784629825784379,
0.858232300321595,
0.8519500243563612,
0.8530909023365053,
0.9019936814027674,
0.905774833775368,
0.8675236371384949,
0.9109524733879987,
0.8577773530944055,
0.9100569146020072,
0.89716286118291,
0.9030311222837752,
0.8696437252669775,
0.8707382017824831,
0.9080343947691076,
0.9022053915913365,
0.8782972427977234,
0.9073691328032678,
0.9145922460475889,
0.8689570121404504,
0.8437284100957277,
0.880967359582917,
0.8501653601141537,
0.8711734369021504,
0.873721013549997,
0.8758232658650694,
0.890128053536936,
0.9397655475039443,
0.8753101104447821,
0.8660896004748946,
0.8352383059613845,
0.902634916185331,
0.869644989486502,
0.8435538536360284,
0.8185835841323147,
0.8389852442661253,
0.8594839197246968,
0.9210277590431085,
0.848917398132196,
0.8463341343302687,
0.8125019253802901,
0.8862880909142374,
0.8530016932166925
],