{
"epoch": [
1,
2,
3,
4,
5,
6,
7,
8,
9,
10,
11,
12,
13,
14,
15,
16,
17,
18,
19,
20,
21,
22,
23,
24,
25,
26,
27,
28,
29,
30,
31,
32,
33,
34,
35,
36,
37,
38,
39,
40,
41,
42,
43,
44,
45,
46,
47,
48,
49,
50,
51,
52,
53,
54,
55,
56,
57,
58,
59,
60,
61,
62,
63,
64,
65,
66,
67,
68,
69,
70,
71,
72,
73,
74,
75,
76,
77,
78,
79,
80,
81,
82,
83,
84,
85,
86,
87,
88,
89,
90,
91,
92,
93,
94,
95,
96,
97,
98,
99,
100
],
"train_loss": [
12.15016880556315,
1.5275536645360355,
1.05021496129637,
0.7940806115374845,
0.642184477894246,
0.683535669531141,
0.6154892619918374,
0.6107093466430151,
0.621050664857656,
0.5529956467011395,
0.566993173931827,
0.5890544512692619,
0.5358112759950782,
0.5577894073574483,
0.5379199217848417,
0.5585444188919388,
0.549533840487985,
0.5310426449575344,
0.4952766642350109,
0.5075902948860361,
0.5150504167340383,
0.4973025632505657,
0.5498787229802428,
0.5277857833048877,
0.5546637227555283,
0.5883731832023428,
0.5289006724077112,
0.5372702444300932,
0.545134143168185,
0.5945859992203593,
0.5421504496025438,
0.5527442803903788,
0.5229303601409206,
0.5474398772255713,
0.5394278579399365,
0.5252410023152327,
0.5428471950923696,
0.5485189792488804,
0.5506064651393089,
0.543219656503501,
0.548483069203481,
0.5376492628530294,
0.5250927718246684,
0.5210770644059702,
0.5071697808614298,
0.506310582661829,
0.5256797821581864,
0.5307932511097243,
0.5250929408714551,
0.53335544742456,
0.528816021290146,
0.5210858888986731,
0.5222528927466449,
0.5108200754939007,
0.4916769108351539,
0.5307516761186744,
0.5152516212283063,
0.5167571897266292,
0.5087211938465342,
0.5232305008323253,
0.5020094388673285,
0.4956757646648824,
0.49929901131060944,
0.4926713742628819,
0.4902754496125614,
0.4964947019304548,
0.4878654853135598,
0.48812670066577046,
0.5070533597168803,
0.4983244976576637,
0.47639068911055554,
0.4761838557339516,
0.5019048014107872,
0.5097003874658537,
0.5010642895177633,
0.49477478235709565,
0.49727313032671183,
0.48235458661528197,
0.5041838173104936,
0.4858734149391912,
0.4904625596118574,
0.5086617259418263,
0.49206554288623716,
0.4969970937035665,
0.5025451909594175,
0.49079390959579405,
0.4897310005015686,
0.4755306747280249,
0.4928302474382545,
0.48968374253321095,
0.49336724221205513,
0.48513014101180707,
0.48900388218775515,
0.5018618547615885,
0.4964515646966566,
0.49506768859735056,
0.49783898602012827,
0.477024485333627,
0.49501281826436017,
0.4838151834091219
],
"val_loss": [
0.6138019561767578,
0.45219695568084717,
0.3983815312385559,
0.2346680760383606,
0.1730191707611084,
0.1847575604915619,
0.18810302019119263,
0.17343980073928833,
0.19351418316364288,
0.16767391562461853,
0.15856438875198364,
0.15013620257377625,
0.14492520689964294,
0.1400112360715866,
0.1497000753879547,
0.14543934166431427,
0.1501479148864746,
0.132468119263649,
0.1519673466682434,
0.14258676767349243,
0.16314555704593658,
0.13031044602394104,
0.14644113183021545,
0.122929647564888,
0.17786528170108795,
0.20664465427398682,
0.12570582330226898,
0.1570322960615158,
0.158689945936203,
0.1742495745420456,
0.14460134506225586,
0.15405327081680298,
0.16408666968345642,
0.17391252517700195,
0.12701474130153656,
0.11599276214838028,
0.15321844816207886,
0.16435334086418152,
0.14321628212928772,
0.14874139428138733,
0.10874724388122559,
0.12940289080142975,
0.12380418926477432,
0.13696876168251038,
0.12393177300691605,
0.1400614082813263,
0.11922378093004227,
0.14329925179481506,
0.12250807136297226,
0.13206644356250763,
0.11403442174196243,
0.10992159694433212,
0.10227206349372864,
0.10452830791473389,
0.11733334511518478,
0.1042153537273407,
0.1251125931739807,
0.12029536068439484,
0.11914163082838058,
0.12920600175857544,
0.11966938525438309,
0.12201382219791412,
0.09060915559530258,
0.09090694040060043,
0.1209789291024208,
0.10472282767295837,
0.10448635369539261,
0.09688572585582733,
0.10782568156719208,
0.098675936460495,
0.0998767614364624,
0.10154277831315994,
0.09609594941139221,
0.09763780981302261,
0.09595172107219696,
0.09602627903223038,
0.09292175620794296,
0.09322740882635117,
0.09607356041669846,
0.09969430416822433,
0.10093147307634354,
0.09550014138221741,
0.09410557895898819,
0.09412065148353577,
0.09440289437770844,
0.09461122751235962,
0.09386436641216278,
0.09374982863664627,
0.09517195075750351,
0.09775486588478088,
0.099362812936306,
0.09984616190195084,
0.09897511452436447,
0.09760887175798416,
0.09620720148086548,
0.09562285989522934,
0.09541598707437515,
0.0954396054148674,
0.09549934417009354,
0.09557118266820908
]
}