{
  "sspg": {
    "spearman_r": 0.5357142857142858,
    "rmse": NaN,
    "n": 7
  },
  "di": {
    "spearman_r": 0.5714285714285715,
    "rmse": NaN,
    "n": 7
  }
}