{
"epoch": [
1,
2,
3,
4,
5,
6,
7,
8,
9,
10,
11,
12,
13,
14,
15,
16,
17,
18,
19,
20,
21,
22,
23,
24,
25,
26,
27,
28,
29,
30,
31,
32,
33,
34,
35,
36,
37,
38,
39,
40,
41,
42,
43,
44,
45,
46,
47,
48,
49,
50,
51,
52,
53,
54,
55,
56,
57,
58,
59,
60,
61,
62,
63,
64,
65,
66,
67,
68,
69,
70,
71,
72,
73,
74,
75,
76,
77,
78,
79,
80,
81,
82,
83,
84,
85,
86,
87,
88,
89,
90,
91,
92,
93,
94,
95,
96,
97,
98,
99,
100
],
"train_loss": [
3.4078541328380636,
3.695332895625721,
2.417097265070135,
1.7522403667499493,
1.7922914709363664,
1.2232466796775916,
1.4781477544214818,
0.9574627164122346,
0.8623324276564958,
1.0006919479989387,
0.8825468088125253,
0.8750789684134644,
0.7828939781560527,
0.7278834503966493,
0.752114584693661,
0.7401718179900925,
0.7118187430617097,
0.681511093269695,
0.6455307471287715,
0.6135427727327718,
0.5756823149594393,
0.5327726896707113,
0.6009336644178861,
0.5325274250724099,
0.5688742995262146,
0.567501784145058,
0.5642435589394013,
0.5658581225903003,
0.5451411713253368,
0.5782945767625586,
0.5644158728711017,
0.5568636005575006,
0.5596340712788818,
0.5174551412656709,
0.530209997257629,
0.5398954323359898,
0.5197274727480752,
0.514564301673468,
0.5277503303119114,
0.5043647196385768,
0.5187666586467198,
0.5365782929705335,
0.5100834679293942,
0.5237443137478519,
0.5133738850618338,
0.5020241060040214,
0.5462225954253952,
0.5175729208178335,
0.504184273930339,
0.5140598811112441,
0.49204943474237023,
0.5088116681420958,
0.5160224139690399,
0.5110644465917117,
0.5261660574318526,
0.5204583329039735,
0.4881866334320663,
0.5037048373903547,
0.5117301259722028,
0.49937881935726514,
0.5280217125818327,
0.5322734481328494,
0.48960925000054495,
0.5276728318883227,
0.5091012066060846,
0.5118431642458037,
0.5146702342219167,
0.5352217322820193,
0.5021330427813839,
0.5268581687629997,
0.5116006716505274,
0.48926299655592287,
0.48810676940075765,
0.49690901071994337,
0.5134098313071511,
0.5270863005093166,
0.5061175753543903,
0.5312848741357977,
0.4927412279240497,
0.4977097340992519,
0.5073212137469998,
0.5011593227262621,
0.509852229000686,
0.5135934693472726,
0.4970755306157199,
0.51825849344204,
0.5015395306921625,
0.4851973211610472,
0.5097658262624369,
0.5151085694888969,
0.47929992613854344,
0.5146987267902919,
0.4858016909716965,
0.5393610004480783,
0.4977310218594291,
0.5260796206338065,
0.49118206562933986,
0.511646506074187,
0.5152619782980387,
0.5046585925987789
],
"val_loss": [
0.29094505310058594,
0.29094505310058594,
0.29094505310058594,
0.29094505310058594,
0.29094505310058594,
0.29094505310058594,
0.29094505310058594,
0.29094505310058594,
0.29094505310058594,
0.29094505310058594,
0.29094505310058594,
0.29094505310058594,
0.29094505310058594,
0.29094505310058594,
0.29094505310058594,
0.29094505310058594,
0.29094505310058594,
0.29094505310058594,
0.29094505310058594,
0.29094505310058594,
0.29094505310058594,
0.29094505310058594,
0.29094505310058594,
0.29094505310058594,
0.29094505310058594,
0.29094505310058594,
0.29094505310058594,
0.29094505310058594,
0.29094505310058594,
0.29094505310058594,
0.29094505310058594,
0.29094505310058594,
0.29094505310058594,
0.29094505310058594,
0.29094505310058594,
0.29094505310058594,
0.29094505310058594,
0.29094505310058594,
0.29094505310058594,
0.29094505310058594,
0.29094505310058594,
0.29094505310058594,
0.29094505310058594,
0.29094505310058594,
0.29094505310058594,
0.29094505310058594,
0.29094505310058594,
0.29094505310058594,
0.29094505310058594,
0.29094505310058594,
0.29094505310058594,
0.29094505310058594,
0.29094505310058594,
0.29094505310058594,
0.29094505310058594,
0.29094505310058594,
0.29094505310058594,
0.29094505310058594,
0.29094505310058594,
0.29094505310058594,
0.29094505310058594,
0.29094505310058594,
0.29094505310058594,
0.29094505310058594,
0.29094505310058594,
0.29094505310058594,
0.29094505310058594,
0.29094505310058594,
0.29094505310058594,
0.29094505310058594,
0.29094505310058594,
0.29094505310058594,
0.29094505310058594,
0.29094505310058594,
0.29094505310058594,
0.29094505310058594,
0.29094505310058594,
0.29094505310058594,
0.29094505310058594,
0.29094505310058594,
0.29094505310058594,
0.29094505310058594,
0.29094505310058594,
0.29094505310058594,
0.29094505310058594,
0.29094505310058594,
0.29094505310058594,
0.29094505310058594,
0.29094505310058594,
0.29094505310058594,
0.29094505310058594,
0.29094505310058594,
0.29094505310058594,
0.29094505310058594,
0.29094505310058594,
0.29094505310058594,
0.29094505310058594,
0.29094505310058594,
0.29094505310058594,
0.29094505310058594
]
}