{
"epoch": [
1,
2,
3,
4,
5,
6,
7,
8,
9,
10,
11,
12,
13,
14,
15,
16,
17,
18,
19,
20,
21,
22,
23,
24,
25,
26,
27,
28,
29,
30,
31,
32,
33,
34,
35,
36,
37,
38,
39,
40,
41,
42,
43,
44,
45,
46,
47,
48,
49,
50,
51,
52,
53,
54,
55,
56,
57,
58,
59,
60,
61,
62,
63,
64,
65,
66,
67,
68,
69,
70,
71,
72,
73,
74,
75,
76,
77,
78,
79,
80,
81,
82,
83,
84,
85,
86,
87,
88,
89,
90,
91,
92,
93,
94,
95,
96,
97,
98,
99,
100
],
"recon_loss": [
0.26423460922457953,
0.2702983327500232,
0.2608646386629575,
0.25890644107546124,
0.2698513222979261,
0.2596061121333729,
0.2625619281422008,
0.26600085624626707,
0.2634029442613775,
0.2616993922304797,
0.27060154660955654,
0.262220647814986,
0.2673943634931143,
0.27136214832206823,
0.2645521709671268,
0.26375813085537453,
0.25471820227511516,
0.26805247463189164,
0.26811965448515757,
0.26810140965820906,
0.27027311301850654,
0.2636383849304992,
0.26470561809354015,
0.2678087725267782,
0.26317624225244896,
0.26340774824092916,
0.26611368358135223,
0.2669642343149557,
0.27528701064648564,
0.2656710740033682,
0.263253799119553,
0.25991643752370563,
0.26275745053569993,
0.26659427138118,
0.2667557616512497,
0.26155352282833744,
0.2595759502479008,
0.2581279846754941,
0.2638065381483598,
0.26202896740529447,
0.25736598728539106,
0.26954296386087095,
0.25873187997124414,
0.26554775470263,
0.2660299702124162,
0.26642916070950495,
0.2667550187219273,
0.2736056717959317,
0.26082341663249126,
0.2676294163450018,
0.26062145519566227,
0.26646857524847056,
0.25890828611014727,
0.26951026181121923,
0.2635779231786728,
0.27872332466113103,
0.2635532164728487,
0.27049633531601397,
0.2605912240294667,
0.2572335314441037,
0.2641789084905154,
0.2721923938045254,
0.25955082727717116,
0.27527144435164214,
0.26612633273199005,
0.25768482085172234,
0.25735841865663406,
0.2647904540811266,
0.2674772534277532,
0.2683337386939433,
0.2629703323949467,
0.26634705763358574,
0.2625000643265712,
0.26410941837669966,
0.26632254386877086,
0.27926541381068043,
0.26379392557329945,
0.2611888461298757,
0.25532149687989963,
0.25826977948089697,
0.25993899672062365,
0.2643400508087951,
0.272178769692198,
0.26941066283684273,
0.2626424191834091,
0.27048262179671945,
0.2582044748516826,
0.25694202447866465,
0.2699651543970232,
0.2669127583503723,
0.2643591399703707,
0.27235952135804414,
0.2655986851298964,
0.27170562434506107,
0.2625583468319534,
0.2728414007208564,
0.2626744220396141,
0.2650284573629305,
0.2693540583570282,
0.280802196883536
],
"sspg_loss": [
16.076438804725548,
18.143816613531733,
12.011304904888203,
7.831048587699989,
8.55985875563188,
5.41916561126709,
4.292201958693467,
3.062362683283818,
2.14647144156617,
3.1251054615169376,
3.2123418071053247,
2.4770143341708493,
1.8409103170617835,
1.768376972768214,
1.6651489115380622,
1.9201517569554316,
1.7759730560438973,
1.6547616518937147,
1.3610469691165081,
1.205789788202806,
1.0086299769290081,
0.9208409662370558,
1.2507073484457933,
1.0868819487559331,
1.258412634397482,
1.1285586589342589,
1.1385003057393162,
1.070223168893294,
1.0043187574906782,
1.3710372881455855,
1.1978007369227224,
1.0368238555920588,
1.0180005407952644,
0.9245441865611386,
1.010289090020316,
1.1163008778126209,
0.9588672781919504,
1.0044623814619982,
1.058986398693803,
0.9259126565673135,
0.9564871509353836,
0.9725337849034892,
0.867683546109633,
0.8978071615293428,
0.9807667925760344,
0.782514578336245,
1.2617138453892298,
0.8966185411849579,
0.9304095800820883,
0.9503500600913902,
1.0243282968347722,
0.9496540481393988,
0.8960075362936243,
0.8312759221374214,
0.9625594554009376,
0.950170465878078,
0.8764987967231057,
0.8378680479990972,
1.0647174321211779,
0.9205983505620585,
1.0923550624351996,
0.9435205475076452,
0.8600428398553427,
1.0015271631154148,
0.8764794221172085,
0.9724782643380103,
0.9244245267533636,
1.0070033290169456,
0.962752151024806,
0.9295006657575632,
0.9838881871917031,
0.8474571317821354,
0.9029247358247832,
0.7020624504460917,
0.9785484810928246,
0.8970074278193635,
0.8685294521319402,
0.989760490206929,
0.9412288449027322,
0.9344998319427689,
0.9353410098459813,
0.9113231262603363,
0.8022327252796718,
0.9271204409661231,
0.826580249643945,
0.9314455413199091,
0.9042020145948831,
0.8496045121898899,
0.9130172168279623,
1.099071070745394,
0.7653384162234022,
0.9809820237871888,
0.8320367185326366,
1.166895180553585,
0.9001724580665688,
0.9989142727542233,
0.8346727652983232,
0.9005545153246297,
0.9495946408866288,
0.7606208595362577
],
"di_loss": [
14.782666763701997,
15.529440272938121,
8.973932650182155,
6.5252012277578375,
6.087453637804304,
3.640151311824848,
7.286567260692646,
3.275166873808031,
3.2657347189915646,
3.687731204094825,
2.3300216507602047,
3.0744801697792945,
2.7369972947355987,
2.219746890780214,
2.6333864973737047,
2.266896272634531,
2.217943460136265,
1.9027356157055149,
1.835975318760067,
1.67153499652813,
1.4683732444589788,
1.1934132622433948,
1.5344845706766301,
0.9832157082371897,
1.2214791318038842,
1.3352928533182515,
1.2657095147417736,
1.3416268066926436,
1.1171339610954383,
1.1781087989930983,
1.2367312288903571,
1.3555589589205654,
1.3736767149590827,
1.006975680976719,
1.04716441073975,
1.0900295028438816,
1.0655590334495941,
0.9828120996425678,
1.0033626014536077,
0.9203559493089651,
1.08043079020141,
1.120730765454181,
1.0687435246133186,
1.1070693576490724,
0.9155834510728911,
0.9963459589264609,
0.9558730218317602,
0.9659652152618805,
0.9261103636258609,
0.936865699755681,
0.7128627362189355,
0.8966882097256648,
1.0980449775596717,
1.007177199636187,
1.0862329424201669,
0.8900906737748678,
0.7927467196018665,
0.9171281216980575,
0.8695828310855023,
0.9237655633455747,
0.9689840372506674,
1.0802010692559278,
0.8634524298952772,
0.945397936678552,
0.9761803924263298,
0.9920162690150274,
1.071604753469492,
1.1202205311168323,
0.8067170149320132,
1.0786547885312663,
0.9253263535437646,
0.80461357321058,
0.7760535803708163,
1.0488445155032269,
0.9152356208144844,
1.0041128660177256,
0.9776181029034899,
1.1341108780402642,
0.8558797325406756,
0.88281089299685,
0.9613922904064129,
0.8797808188896674,
0.997412974958296,
0.9376188872696517,
0.9406620945249285,
0.9692244204607877,
0.9520597024397417,
0.8558596558385081,
0.907900615946039,
0.8057983269939175,
0.8069805913157277,
0.8653213621734025,
0.7929045232859525,
0.9325696771795099,
0.874465561532355,
0.9563790668140758,
0.8733148280676309,
0.9885372140190818,
0.9323957585669184,
0.9008542624386874
],