{
  "icc_sspg": 0.5610757309427562,
  "icc_di": 0.6043378762099336
}