{
  "tau_m_mean": 111.163895443299,
  "tau_m_std": 48.01990346014691,
  "tau_m_cv": 0.4319739180093821,
  "tau_m_min": 36.780426,
  "tau_m_max": 174.09866,
  "Gb_mean": 138.92134430927834,
  "Gb_std": 42.93514754490749,
  "Gb_cv": 0.3090608412644716,
  "Gb_min": 80.986534,
  "Gb_max": 297.54355,
  "si_mean": 0.0007183911621649485,
  "si_std": 0.0001775276082985021,
  "si_cv": 0.24711486791517862,
  "si_min": 7.767018e-05,
  "si_max": 0.0009252325,
  "mi_mean": 1.805686141443299,
  "mi_std": 0.32757104337759996,
  "mi_cv": 0.18141084103445657,
  "mi_min": 0.26039347,
  "mi_max": 2.237617
}