{
"epoch": [
1,
2,
3,
4,
5,
6,
7,
8,
9,
10,
11,
12,
13,
14,
15,
16,
17,
18,
19,
20,
21,
22,
23,
24,
25,
26,
27,
28,
29,
30,
31,
32,
33,
34,
35,
36,
37,
38,
39,
40,
41,
42,
43,
44,
45,
46,
47,
48,
49,
50,
51,
52,
53,
54,
55,
56,
57,
58,
59,
60,
61,
62,
63,
64,
65,
66,
67,
68,
69,
70,
71,
72,
73,
74,
75,
76,
77,
78,
79,
80,
81,
82,
83,
84,
85,
86,
87,
88,
89,
90,
91,
92,
93,
94,
95,
96,
97,
98,
99,
100
],
"recon_loss": [
5.5552780550795715,
0.9637455638352926,
0.7624338865280151,
0.6005325027100452,
0.5450116999737629,
0.4679620722671608,
0.44627939648442455,
0.7797794016924772,
0.4112936629877462,
0.4883989293079872,
0.4243829718657902,
0.42873234098607843,
0.5193057377617081,
0.618750491699615,
0.5422310674345339,
0.4689688469682421,
0.4170751621970883,
0.3972025084031093,
0.3933112625177805,
0.43950614023518253,
0.4100974596940078,
0.49216961047866126,
0.3918654082657455,
0.40928647425267606,
0.4305426331309529,
0.3695930296724493,
0.3940969039867451,
0.3394645800838223,
0.3364439045454001,
0.3145834733913471,
0.3362068917070116,
0.33443043642229847,
0.33278600890915117,
0.3441487233360092,
0.34175828989450036,
0.3543618383345666,
0.3509585683221941,
0.3353001436629853,
0.3301739570769397,
0.3308711466077086,
0.3057099778156776,
0.3033129313549438,
0.31117566762032445,
0.3026472055292749,
0.2960133014561294,
0.3212743386045679,
0.30477249274006135,
0.28446722572500055,
0.2652751768564249,
0.29697721770831514,
0.3218062744512186,
0.298105221290093,
0.3474867614832791,
0.3840605372732336,
0.3698448987750264,
0.3083165942074417,
0.3038564092153079,
0.32989251381391055,
0.3253303001840393,
0.3274869198922987,
0.3221833961350577,
0.31551404974677344,
0.3154317802423007,
0.3145554603694321,
0.3039124623521582,
0.30870031381582286,
0.30916626461140523,
0.2963657081127167,
0.3061515309593894,
0.3077464587502665,
0.29798218994945674,
0.3000756691802632,
0.30509445187333345,
0.2973666903260466,
0.29348447106101294,
0.29793123068747585,
0.29809398271820764,
0.2984591672172794,
0.289065857599308,
0.29697288843718445,
0.2935702549172686,
0.30003350431268866,
0.29711205850947986,
0.291159197107538,
0.3043487842206831,
0.29615006121722137,
0.2996443908709984,
0.29709247412619655,
0.300632030158848,
0.29108688796495463,
0.29754568152613453,
0.2942812918842613,
0.2941341442721231,
0.2892237781704246,
0.29417384793232015,
0.28978831737072436,
0.2954135372654184,
0.2902564205132522,
0.29459553763463897,
0.2912640974119112
],
"sspg_loss": [
0.0,
0.0,
0.0,
0.0,
0.0,
0.0,
0.0,
0.0,
0.0,
0.0,
0.0,
0.0,
0.0,
0.0,
0.0,
0.0,
0.0,
0.0,
0.0,
0.0,
0.0,
0.0,
0.0,
0.0,
0.0,
0.0,
0.0,
0.0,
0.0,
0.0,
0.0,
0.0,
0.0,
0.0,
0.0,
0.0,
0.0,
0.0,
0.0,
0.0,
0.0,
0.0,
0.0,
0.0,
0.0,
0.0,
0.0,
0.0,
0.0,
0.0,
0.0,
0.0,
0.0,
0.0,
0.0,
0.0,
0.0,
0.0,
0.0,
0.0,
0.0,
0.0,
0.0,
0.0,
0.0,
0.0,
0.0,
0.0,
0.0,
0.0,
0.0,
0.0,
0.0,
0.0,
0.0,
0.0,
0.0,
0.0,
0.0,
0.0,
0.0,
0.0,
0.0,
0.0,
0.0,
0.0,
0.0,
0.0,
0.0,
0.0,
0.0,
0.0,
0.0,
0.0,
0.0,
0.0,
0.0,
0.0,
0.0,
0.0
],
"di_loss": [
0.0,
0.0,
0.0,
0.0,
0.0,
0.0,
0.0,
0.0,
0.0,
0.0,
0.0,
0.0,
0.0,
0.0,
0.0,
0.0,
0.0,
0.0,
0.0,
0.0,
0.0,
0.0,
0.0,
0.0,
0.0,
0.0,
0.0,
0.0,
0.0,
0.0,
0.0,
0.0,
0.0,
0.0,
0.0,
0.0,
0.0,
0.0,
0.0,
0.0,
0.0,
0.0,
0.0,
0.0,
0.0,
0.0,
0.0,
0.0,
0.0,
0.0,
0.0,
0.0,
0.0,
0.0,
0.0,
0.0,
0.0,
0.0,
0.0,
0.0,
0.0,
0.0,
0.0,
0.0,
0.0,
0.0,
0.0,
0.0,
0.0,
0.0,
0.0,
0.0,
0.0,
0.0,
0.0,
0.0,
0.0,
0.0,
0.0,
0.0,
0.0,
0.0,
0.0,
0.0,
0.0,
0.0,
0.0,
0.0,
0.0,
0.0,
0.0,
0.0,
0.0,
0.0,
0.0,
0.0,
0.0,
0.0,
0.0,
0.0
],
"si_cv": [
0.046056635677814484,
0.11159003525972366,
0.18894332647323608,
0.26299989223480225,
0.25501319766044617,
0.2644940912723541,
0.2557297646999359,
0.2600003778934479,
0.19698075950145721,
0.16905929148197174,
0.22353994846343994,
0.3115316927433014,
0.2572566270828247,
0.2130146324634552,
0.2116718292236328,
0.20902913808822632,
0.20833316445350647,
0.2208469957113266,
0.2067556530237198,
0.20638799667358398,
0.21612343192100525,
0.2112216353416443,
0.22734566032886505,
0.24479499459266663,
0.2517620027065277,
0.2524411678314209,
0.2543589174747467,
0.2501915991306305,
0.23967662453651428,
0.23437468707561493,
0.2436952143907547,
0.24232549965381622,
0.25524935126304626,
0.25350311398506165,
0.24334613978862762,
0.24659037590026855,
0.25885099172592163,
0.2673273980617523,
0.28990811109542847,
0.31771016120910645,
0.3083849549293518,
0.2820100784301758,
0.2702864408493042,
0.2668798863887787,
0.26209914684295654,
0.2535233497619629,
0.24984301626682281,
0.25787127017974854,
0.27083441615104675,
0.2935694456100464,
0.32931235432624817,
0.3914317488670349,
0.4292179346084595,
0.44572973251342773,
0.4194349944591522,
0.3550453782081604,
0.32511106133461,
0.30727413296699524,
0.2967534065246582,
0.2956787049770355,
0.307829886674881,
0.3293532133102417,
0.34880274534225464,
0.3483242690563202,
0.3372724950313568,
0.3243429362773895,
0.31164851784706116,
0.3073295056819916,
0.3099311888217926,
0.3206257224082947,
0.3298170268535614,
0.3324192762374878,
0.32897087931632996,
0.32629141211509705,
0.320466548204422,
0.31236281991004944,
0.30794546008110046,
0.30750134587287903,
0.3096005618572235,
0.3136862516403198,
0.31677794456481934,
0.3166283965110779,
0.3169977366924286,
0.31710001826286316,
0.3167639970779419,
0.3172089457511902,
0.3184760510921478,
0.31827419996261597,
0.31880566477775574,
0.31877797842025757,
0.3181558847427368,
0.3181512653827667,
0.31824174523353577,
0.318205326795578,
0.3181271553039551,
0.3182121813297272,
0.31829166412353516,
0.31830838322639465,
0.3183506429195404,
0.31836968660354614
],
"mi_cv": [
0.028588904067873955,
0.09777132421731949,
0.16292841732501984,
0.23718073964118958,
0.23459675908088684,
0.24434450268745422,
0.24608299136161804,
0.24257035553455353,
0.17752836644649506,
0.1502479463815689,
0.1972379982471466,
0.2682379484176636,
0.22167475521564484,
0.17811986804008484,
0.17846107482910156,
0.1808263063430786,
0.1817084103822708,
0.19010794162750244,
0.17593328654766083,
0.17354221642017365,
0.17664864659309387,
0.16952002048492432,
0.18191246688365936,
0.19816921651363373,
0.20547570288181305,
0.21137526631355286,
0.21726451814174652,
0.21583786606788635,
0.2081330567598343,
0.1988898664712906,
0.20652377605438232,
0.2032225877046585,
0.21196982264518738,
0.2207689881324768,
0.22053827345371246,
0.2246456891298294,
0.23458214104175568,
0.23567363619804382,
0.2530183494091034,
0.2772236466407776,
0.2695040702819824,
0.2486325055360794,
0.24098920822143555,
0.23869186639785767,
0.23157556354999542,
0.21799786388874054,
0.21005135774612427,
0.21670563519001007,
0.22556723654270172,
0.24337409436702728,
0.2676803171634674,
0.3072238266468048,
0.32740283012390137,
0.3298405408859253,
0.30142319202423096,
0.24996289610862732,
0.22423596680164337,
0.21087948977947235,
0.20350909233093262,
0.20353512465953827,
0.2109535187482834,
0.22392407059669495,
0.23560386896133423,
0.23395000398159027,
0.22757217288017273,
0.2238563597202301,
0.22115683555603027,
0.22341656684875488,
0.22458727657794952,
0.22600524127483368,
0.2268972396850586,
0.22691108286380768,
0.22564679384231567,
0.22425879538059235,
0.22153937816619873,
0.21804775297641754,
0.21759748458862305,
0.2192998230457306,
0.22418458759784698,
0.2300702929496765,
0.2342805564403534,
0.23560962080955505,
0.2370956540107727,
0.23843902349472046,
0.23937545716762543,
0.24045680463314056,
0.24164879322052002,
0.2415824681520462,
0.2420773059129715,
0.2419024109840393,
0.24113965034484863,
0.24095149338245392,
0.24097882211208344,
0.2409486174583435,
0.24090313911437988,
0.24103578925132751,
0.2411501556634903,
0.24119265377521515,
0.24125583469867706,
0.2412913590669632
]
}