{
"epoch": [
1,
2,
3,
4,
5,
6,
7,
8,
9,
10,
11,
12,
13,
14,
15,
16,
17,
18,
19,
20,
21,
22,
23,
24,
25,
26,
27,
28,
29,
30,
31,
32,
33,
34,
35,
36,
37,
38,
39,
40,
41,
42,
43,
44,
45,
46,
47,
48,
49,
50,
51,
52,
53,
54,
55,
56,
57,
58,
59,
60,
61,
62,
63,
64,
65,
66,
67,
68,
69,
70,
71,
72,
73,
74,
75,
76,
77,
78,
79,
80,
81,
82,
83,
84,
85,
86,
87,
88,
89,
90,
91,
92,
93,
94,
95,
96,
97,
98,
99,
100
],
"train_loss": [
5.60757352779438,
1.0180998723228256,
0.8194405196549056,
0.6572086269205267,
0.6021632803724958,
0.5262970583779472,
0.5064225862552594,
0.8424073604794292,
0.4715318594660078,
0.5480348862610854,
0.48575284651347567,
0.4930506081550152,
0.5866301319041809,
0.6903827159435718,
0.614477447101048,
0.540627292224339,
0.4922041505962223,
0.4718588892515604,
0.46471930982230547,
0.511473437021305,
0.48011408455960164,
0.5585891925669336,
0.45921186077130305,
0.4753909281321934,
0.49148052001928355,
0.42913640358231286,
0.45396308929889234,
0.39760930584622667,
0.39361832939185104,
0.3715365111053764,
0.39330008084123785,
0.3928226731814347,
0.3920243065078537,
0.40401913438524517,
0.4033029605815937,
0.4164644375249937,
0.4129300512276687,
0.39636321075550923,
0.39030119196161045,
0.39086755065174844,
0.36586143947266914,
0.36411449584093963,
0.37226475601072434,
0.3642323872485718,
0.3561166110750917,
0.37889371986513015,
0.3631724614601631,
0.34471483741487774,
0.3269162994700593,
0.3620769598267295,
0.38892946614847557,
0.3638302536753865,
0.412124891559799,
0.4495987729592757,
0.43564455656262185,
0.3755889976179445,
0.37371301573592347,
0.4000626009006005,
0.3951321399057066,
0.3962804539637132,
0.3900484001481688,
0.38242670235695775,
0.3802759875724842,
0.3778683721245109,
0.36501933073068593,
0.36874053075716096,
0.3670685434496248,
0.35271470616390177,
0.36056590428600066,
0.36083714412404344,
0.3505290181605847,
0.3522571054371921,
0.35687502405860205,
0.34940663908983205,
0.34591508840585683,
0.3509771653584072,
0.3518566133139969,
0.3526676173333998,
0.3433338844930971,
0.35125312093016386,
0.34805045731655965,
0.3547181928312624,
0.3518849646116232,
0.34574142717695855,
0.358717133085449,
0.35016487635575333,
0.3533119512842847,
0.3506643826311285,
0.35418909749427396,
0.34465461040472056,
0.3511240149473215,
0.3479487942410754,
0.3478393968823668,
0.3429106381032374,
0.3478309457952326,
0.34342577976065797,
0.34902164359371385,
0.343837281713238,
0.34816196018999274,
0.34482672675089404
],
"val_loss": [
1.525712490081787,
1.1158555746078491,
0.6686086058616638,
0.4799180030822754,
0.47200721502304077,
0.5442384481430054,
0.5773510336875916,
0.43787017464637756,
0.5296964645385742,
0.5863775610923767,
0.45635291934013367,
0.7239789962768555,
0.7634358406066895,
1.0713801383972168,
0.4773835241794586,
0.4934348464012146,
0.49488377571105957,
0.5544716715812683,
0.4963138997554779,
0.536914050579071,
0.6078304648399353,
0.508102536201477,
0.5748171806335449,
0.5140073299407959,
0.5138648152351379,
0.47164037823677063,
0.42292729020118713,
0.4423217177391052,
0.40709388256073,
0.3792212903499603,
0.37691107392311096,
0.40760231018066406,
0.44335460662841797,
0.439743310213089,
0.44028398394584656,
0.4464847147464752,
0.4336921274662018,
0.4397298991680145,
0.43596693873405457,
0.42129307985305786,
0.4079032242298126,
0.3925579786300659,
0.39527595043182373,
0.38522428274154663,
0.3976779282093048,
0.38892418146133423,
0.34718775749206543,
0.3595888316631317,
0.3714880645275116,
0.4235391318798065,
0.4640638530254364,
0.5750585198402405,
0.6075276136398315,
0.5484521389007568,
0.47677913308143616,
0.43499287962913513,
0.47283217310905457,
0.4703286588191986,
0.4768410921096802,
0.45519039034843445,
0.4345319867134094,
0.4203316569328308,
0.41141656041145325,
0.374033123254776,
0.37849316000938416,
0.3900597095489502,
0.3866479992866516,
0.38725677132606506,
0.3818255662918091,
0.37967371940612793,
0.38038763403892517,
0.37649330496788025,
0.3724302649497986,
0.37293919920921326,
0.37207895517349243,
0.37549474835395813,
0.37598103284835815,
0.37462595105171204,
0.3703034222126007,
0.36821550130844116,
0.36808449029922485,
0.36689773201942444,
0.37259212136268616,
0.3633802533149719,
0.36853983998298645,
0.3656916320323944,
0.3667410910129547,
0.3700907528400421,
0.36816462874412537,
0.3684404492378235,
0.36903685331344604,
0.3666974902153015,
0.36723312735557556,
0.3675537705421448,
0.3678644895553589,
0.3682423532009125,
0.3689003884792328,
0.36927205324172974,
0.3693092465400696,
0.36913004517555237
]
}