{
"epoch": [
1,
2,
3,
4,
5,
6,
7,
8,
9,
10,
11,
12,
13,
14,
15,
16,
17,
18,
19,
20,
21,
22,
23,
24,
25,
26,
27,
28,
29,
30,
31,
32,
33,
34,
35,
36,
37,
38,
39,
40,
41,
42,
43,
44,
45,
46,
47,
48,
49,
50,
51,
52,
53,
54,
55,
56,
57,
58,
59,
60,
61,
62,
63,
64,
65,
66,
67,
68,
69,
70,
71,
72,
73,
74,
75,
76,
77,
78,
79,
80,
81,
82,
83,
84,
85,
86,
87,
88,
89,
90,
91,
92,
93,
94,
95,
96,
97,
98,
99,
100
],
"train_loss": [
80.26752958350842,
3.60858150047831,
3.3266701474048124,
3.0605369251553376,
2.9252540144589867,
3.7094907052446118,
2.8048290427368467,
2.4435941394012755,
2.412082081974143,
2.033091106037102,
1.962456486012676,
2.124884739960774,
2.007768756092185,
1.952120854122804,
1.9120821551521225,
1.7367047331120709,
1.9016479171148621,
1.7041389959873539,
2.096999445764145,
2.3471597928812007,
1.9163525930725702,
2.2149030690145963,
1.7593209531047556,
2.1384793602594057,
1.7597384594454624,
1.7332524545121901,
1.5424886525857566,
1.6717215640710132,
2.3763617383371485,
1.8608452695431095,
2.026228900002961,
1.7186386608841395,
1.732320249670803,
2.0028955912826083,
1.994916579510906,
2.086038002873411,
1.8959146820672668,
1.6500230000750853,
1.6366265634498973,
1.7903024595562775,
1.9142274313633985,
1.6926685763467657,
1.8838364346192615,
2.1681527902584263,
1.60095217794475,
1.5514455998297965,
1.8651397889203365,
1.91761842104468,
1.8510783155365746,
1.7082534001605345,
1.6982048029946808,
1.8647486661920454,
1.8696423591953693,
1.7707745925624772,
2.015042183422806,
1.686208458230047,
1.5027827685422237,
1.6003270810193355,
1.859468810334064,
1.5089396769457524,
1.2484028003003338,
1.424872089140486,
2.445283043502581,
2.011281938836126,
1.9330665073772468,
1.7019116058207975,
2.0205214472100286,
1.729974357208403,
1.920561653552669,
1.8998114189299027,
1.9001556682114553,
1.5916467881438756,
1.7366734282805187,
1.5204243837016644,
1.5472019645247128,
1.6860293515838018,
1.559322966207372,
1.9740757540901108,
1.4854915614175324,
1.5551871261974373,
1.278832722418379,
2.117511515570159,
2.2952954851754823,
1.5713430041133767,
1.692836870061289,
1.4852257955192338,
1.9940271424775076,
1.88709693320907,
1.354542310875241,
1.495732585982521,
1.6475547469488465,
1.373850428231872,
1.6133607543341004,
1.6519908692577097,
1.5837344179059019,
1.4834882528475015,
1.6276662066431329,
1.6195568070553317,
1.3616305566070104,
1.6443650663489162
],
"val_loss": [
1.3339124917984009,
1.4195239543914795,
0.8973055481910706,
1.115020513534546,
0.8197479844093323,
1.0796087980270386,
1.1145185232162476,
0.9336652755737305,
0.8151512145996094,
0.7224335074424744,
0.6819175481796265,
0.6661708950996399,
0.5967586040496826,
0.6375955939292908,
0.6169827580451965,
0.668306291103363,
0.6130881905555725,
0.8564951419830322,
0.6821354031562805,
0.5612975358963013,
0.6010717153549194,
0.5655543804168701,
0.5393393635749817,
0.535283088684082,
0.5135691165924072,
0.479194313287735,
0.5693175196647644,
0.508750319480896,
0.49516111612319946,
0.47054702043533325,
0.4978671371936798,
0.47817155718803406,
0.4462599456310272,
0.48714613914489746,
0.5033100843429565,
0.5209842324256897,
0.4964293837547302,
0.46996572613716125,
0.5029329657554626,
0.4898596405982971,
0.5353413224220276,
0.5020674467086792,
0.4771566689014435,
0.4582661986351013,
0.43435391783714294,
0.5161600112915039,
0.5500062704086304,
0.5047381520271301,
0.43625617027282715,
0.41280245780944824,
0.49247148633003235,
0.49771133065223694,
0.4600672125816345,
0.42552316188812256,
0.40019071102142334,
0.41963818669319153,
0.40450629591941833,
0.40649256110191345,
0.4044937193393707,
0.38494545221328735,
0.40198376774787903,
0.5607345700263977,
0.5284610390663147,
0.4204493761062622,
0.4655929207801819,
0.45677414536476135,
0.4601927399635315,
0.447221040725708,
0.4352206885814667,
0.4595819413661957,
0.4426516890525818,
0.42728880047798157,
0.4326021373271942,
0.463659405708313,
0.43298792839050293,
0.4211159646511078,
0.4503406286239624,
0.4703308939933777,
0.47691187262535095,
0.4307381510734558,
0.4049219489097595,
0.42217913269996643,
0.5777228474617004,
0.5424560904502869,
0.41802915930747986,
0.4048137664794922,
0.4049904942512512,
0.3825637400150299,
0.475786954164505,
0.41818690299987793,
0.43358299136161804,
0.4275345504283905,
0.48204267024993896,
0.4150637090206146,
0.42392608523368835,
0.43301647901535034,
0.4202103912830353,
0.43672797083854675,
0.43570610880851746,
0.4482676684856415
]
}