{
"epoch": [
1,
2,
3,
4,
5,
6,
7,
8,
9,
10,
11,
12,
13,
14,
15,
16,
17,
18,
19,
20,
21,
22,
23,
24,
25,
26,
27,
28,
29,
30,
31,
32,
33,
34,
35,
36,
37,
38,
39,
40,
41,
42,
43,
44,
45,
46,
47,
48,
49,
50,
51,
52,
53,
54,
55,
56,
57,
58,
59,
60,
61,
62,
63,
64,
65,
66,
67,
68,
69,
70,
71,
72,
73,
74,
75,
76,
77,
78,
79,
80,
81,
82,
83,
84,
85,
86,
87,
88,
89,
90,
91,
92,
93,
94,
95,
96,
97,
98,
99,
100
],
"train_loss": [
684642.300096388,
995.9806320388595,
760.8681957690746,
1149.4706175172485,
608.5912943257914,
580.2720760989499,
614.2481396167309,
508.46036162933746,
593.5755298168629,
609.5168837510146,
512.0510539265422,
554.4582535384537,
528.7250611936892,
549.9612196885146,
501.39348176237826,
474.088087205763,
512.360716584441,
569.3859918767756,
533.4658456777597,
559.5395396839489,
507.7666451590402,
570.9025577693791,
577.6760606641893,
531.5010304636769,
538.6018526151582,
495.4003763570414,
438.005327893542,
546.8954317167207,
486.0400652204241,
486.40669627003854,
490.4018483347707,
527.1127477868811,
494.74987000304384,
487.33345646053164,
501.62534401633525,
507.10555039442977,
516.9359305245536,
517.8529655159293,
609.9204434481534,
465.4108288257153,
522.6556459897524,
482.05144550273945,
462.94397765320616,
492.5932522067776,
418.9978532667284,
459.50865906554384,
493.0563322785613,
408.99936230151684,
474.89000156947543,
402.59842909775773,
383.4252184582995,
423.41401097681614,
431.35053203632305,
497.6872657676796,
434.0527597402597,
491.6775845614347,
467.9410661969866,
437.1894130954495,
487.6742739987064,
502.16092117111407,
521.9754127403359,
470.6764970259233,
443.4345156186587,
485.10625982903815,
448.5186236492999,
481.7469050419795,
426.11328759131493,
517.5952069171063,
472.8071435705408,
455.0555374343674,
447.71614847554787,
551.1203248655642,
433.0047175419795,
497.56309013862113,
557.7471939681412,
510.00619625735595,
525.0242293717025,
556.5187116350446,
471.1277794776025,
427.63254021979,
518.7062219396814,
488.0759824282163,
537.9549100801543,
590.1867961140422,
534.2626770812195,
1040.636932769379,
1215.41247241528,
636.281532981179,
484.5216294325791,
455.50480513139206,
511.7197701590402,
482.01830420556007,
505.5231838474026,
506.6506189123377,
479.4243742707488,
513.5621627213119,
514.2128402908127,
459.1456938904601,
476.05134285270395,
468.03617006772527
],
"val_loss": [
3.9071640968322754,
2.261443614959717,
2.1970696449279785,
1.8921421766281128,
2.01666522026062,
1.553876280784607,
1.0135937929153442,
0.6243746280670166,
0.8184468150138855,
1.9054397344589233,
0.5827556252479553,
0.6461398601531982,
0.7349343299865723,
0.7281787991523743,
0.6170134544372559,
0.5415561199188232,
0.5713725090026855,
0.5691543817520142,
0.5381879806518555,
0.5135271549224854,
0.496111124753952,
0.49671775102615356,
0.48275697231292725,
0.4921303391456604,
0.5218462347984314,
0.6108976006507874,
0.5017987489700317,
1.2873774766921997,
0.552157998085022,
0.6832730770111084,
0.5359140634536743,
0.6164461374282837,
0.5970392823219299,
0.6002267599105835,
0.5122842192649841,
0.5321155190467834,
0.5091761350631714,
0.5306114554405212,
0.4885270893573761,
0.5157967209815979,
0.4949243664741516,
0.4929366111755371,
0.4826505780220032,
0.44179296493530273,
0.4382965862751007,
0.47645846009254456,
0.42851129174232483,
0.424522340297699,
0.4278640151023865,
0.41785910725593567,
0.41253960132598877,
0.40613096952438354,
0.4051071107387543,
0.39844316244125366,
0.39768072962760925,
0.39672398567199707,
0.39101967215538025,
0.3850765526294708,
0.38398754596710205,
0.38256075978279114,
0.3850764036178589,
0.3773772418498993,
0.37282121181488037,
0.3723929524421692,
0.370429664850235,
0.36965084075927734,
0.36241474747657776,
0.3648076355457306,
0.36149367690086365,
0.35866570472717285,
0.3585059642791748,
0.3563687801361084,
0.3552382290363312,
0.35341334342956543,
0.35958975553512573,
0.35529884696006775,
0.3593515157699585,
0.5444281101226807,
0.9078903794288635,
0.8902506828308105,
0.8337205648422241,
1.3598896265029907,
1.1570873260498047,
1.671735405921936,
0.5286585688591003,
2.8019778728485107,
1.2593824863433838,
0.48899194598197937,
0.5456194281578064,
0.4796874523162842,
0.49434947967529297,
0.4787660241127014,
0.4928280711174011,
0.4673689305782318,
0.4774697721004486,
0.46405136585235596,
0.4692446291446686,
0.46048420667648315,
0.45527711510658264,
0.45486992597579956
]
}