{
  "sspg": {
    "rmse": 65.54613004078237,
    "mae": 48.600341161092125,
    "r2": 0.05781789150370664,
    "pearson_r": 0.502625753863625,
    "pearson_p": 0.0017837305072446559,
    "spearman_r": 0.4706056317021246,
    "spearman_p": 0.003772542384351063,
    "n": 36
  },
  "di": {
    "rmse": 0.9742801587198293,
    "mae": 0.8967754542827606,
    "r2": -1.636823487888082,
    "pearson_r": 0.3856477115406403,
    "pearson_p": 0.21568359708722412,
    "spearman_r": 0.27914526311954124,
    "spearman_p": 0.37959090019779784,
    "n": 12
  }
}