{
"epoch": [
1,
2,
3,
4,
5,
6,
7,
8,
9,
10,
11,
12,
13,
14,
15,
16,
17,
18,
19,
20,
21,
22,
23,
24,
25,
26,
27,
28,
29,
30,
31,
32,
33,
34,
35,
36,
37,
38,
39,
40,
41,
42,
43,
44,
45,
46,
47,
48,
49,
50,
51,
52,
53,
54,
55,
56,
57,
58,
59,
60,
61,
62,
63,
64,
65,
66,
67,
68,
69,
70,
71,
72,
73,
74,
75,
76,
77,
78,
79,
80,
81,
82,
83,
84,
85,
86,
87,
88,
89,
90,
91,
92,
93,
94,
95,
96,
97,
98,
99,
100
],
"train_loss": [
50.89046472264087,
5.709870554330781,
1.7193241757670725,
1.1178548702104825,
0.9089293531545504,
0.7909465568272147,
0.6726542373341838,
0.746821600151813,
0.7309176931231041,
0.7280974641559631,
0.6472076327781978,
0.6378842256669923,
0.5621846674934147,
0.6036564646743414,
0.5494495151549812,
0.5987467099362471,
0.6108044550174804,
0.5547232717040955,
0.5125831541583294,
0.5571656917023846,
0.4989627904779329,
0.4826084380074749,
0.5035963964274549,
0.47495095607802623,
0.468895318235938,
0.5028429101771257,
0.467125442084365,
0.5263794416517723,
0.6080817833660156,
0.5778531610496401,
0.5778622749283557,
0.4955219178218541,
0.48349400768129847,
0.5122498083771683,
0.4968185898825878,
0.4633046412092494,
0.48894419163230834,
0.5114884601803277,
0.4488060213918761,
0.4934268607867984,
0.4682246887777734,
0.4662286639213562,
0.49680986085275963,
0.5382826361130542,
0.4829073125921835,
0.46790360231099165,
0.5208428797759409,
0.4831896961673977,
0.5293396349966996,
0.5342610473707905,
0.5566363226710342,
0.548153392911896,
0.6294693139594371,
0.6091428366233045,
0.6940379795127027,
3.661081739298002,
0.6511164030690831,
0.5999258493813943,
0.5643954028294781,
0.5719246040648363,
0.5262951219645072,
0.5238110979241649,
0.5465469008355629,
0.5577119039738272,
0.5483180889933128,
0.5715037720409903,
0.577073123511367,
0.5777178373862439,
0.5740785049641226,
0.5729639633434025,
0.6127822943559782,
0.6069213792564362,
0.5597849572737386,
0.5555410061295577,
0.5455638341546998,
0.5405423195343318,
0.5292341343061192,
0.5550033051197923,
0.5503992297517972,
0.5430688991790681,
0.5839409225099669,
0.570611574049071,
0.6170152134782686,
0.5557789286290566,
0.5460096790095953,
0.5408825869635334,
0.5600264551132683,
0.5601903477053004,
0.6036460282295708,
0.6236661034306203,
0.5972326477681558,
0.6640600003595427,
0.6333056157968175,
0.5825295922324414,
0.5545273747031144,
0.5759431184746149,
0.5450494960537107,
0.5538791286663747,
0.5496283966725267,
0.5195625126361847
],
"val_loss": [
1.5720316171646118,
1.1416186094284058,
0.9062110185623169,
0.5132895112037659,
0.706116259098053,
0.5076646208763123,
0.34783414006233215,
0.26038482785224915,
0.433163046836853,
0.39482581615448,
0.3414420187473297,
0.2812158167362213,
0.2576689124107361,
0.22961123287677765,
0.25596883893013,
0.3174826204776764,
0.29088103771209717,
0.21754518151283264,
0.24549223482608795,
0.2146531343460083,
0.15450774133205414,
0.1673453152179718,
0.1614196002483368,
0.14540119469165802,
0.1807287186384201,
0.15743185579776764,
0.16585661470890045,
0.22760826349258423,
0.3946005702018738,
0.19469916820526123,
0.26121553778648376,
0.15479345619678497,
0.18380434811115265,
0.19857358932495117,
0.16421259939670563,
0.13191688060760498,
0.20320023596286774,
0.19516077637672424,
0.15729664266109467,
0.1614547222852707,
0.204065203666687,
0.17315474152565002,
0.19039559364318848,
0.2078704982995987,
0.1535414159297943,
0.2250283658504486,
0.21345555782318115,
0.16292576491832733,
0.25366416573524475,
0.3169255256652832,
0.22686395049095154,
0.18174771964550018,
0.21720892190933228,
0.1992027461528778,
0.2321729063987732,
0.25374704599380493,
0.2682924270629883,
0.262327641248703,
0.2142428308725357,
0.2227601855993271,
0.21761184930801392,
0.1921643763780594,
0.2393525093793869,
0.22597381472587585,
0.24658724665641785,
0.27027633786201477,
0.20803868770599365,
0.18305276334285736,
0.19342182576656342,
0.22973434627056122,
0.25632143020629883,
0.27807286381721497,
0.22493192553520203,
0.2042454183101654,
0.2290712147951126,
0.21989426016807556,
0.23640397191047668,
0.24599869549274445,
0.18102848529815674,
0.24506227672100067,
0.2085188329219818,
0.19029301404953003,
0.1986112892627716,
0.18736007809638977,
0.18618296086788177,
0.1650288999080658,
0.21106675267219543,
0.2501603364944458,
0.25591978430747986,
0.1915031522512436,
0.24132132530212402,
0.2577575147151947,
0.2723323404788971,
0.21517273783683777,
0.24479810893535614,
0.19557777047157288,
0.19441232085227966,
0.16677449643611908,
0.16617713868618011,
0.15855222940444946
]
}