{
  "sspg": {
    "n": 20,
    "pearson_r": 0.4661094496909792,
    "pearson_p": 0.038316819022395886,
    "spearman_r": 0.5187969924812029,
    "spearman_p": 0.019088394384192506,
    "r2": 0.11894217983886435,
    "rmse": 74.92318526058969,
    "mae": 58.670005749586174
  },
  "di": {
    "n": 16,
    "pearson_r": 0.6002811586794146,
    "pearson_p": 0.013950550552299204,
    "spearman_r": 0.5558823529411765,
    "spearman_p": 0.025362176320607922,
    "r2": 0.13639397039231538,
    "rmse": 0.673745220547271,
    "mae": 0.5681167233782919
  }
}