{
  "sspg": {
    "n": 16,
    "pearson_r": 0.3904465825312381,
    "pearson_p": 0.13486311536386936,
    "spearman_r": 0.55,
    "spearman_p": 0.027293972709730593,
    "rmse": 81.58702493299315,
    "mae": 58.765171813218984,
    "r2": 0.07730772511566508
  },
  "di": {
    "n": 16,
    "pearson_r": 0.666374254300932,
    "pearson_p": 0.0048211847541244504,
    "spearman_r": 0.7176470588235294,
    "spearman_p": 0.0017475350604702381,
    "rmse": 0.7064897206668821,
    "mae": 0.6151727511014022,
    "r2": 0.050410364631161664
  }
}