{
  "tau_m_mean": 115.8343555477707,
  "tau_m_std": 36.989979230251805,
  "tau_m_cv": 0.3193351320697217,
  "Gb_mean": 127.47356318471337,
  "Gb_std": 35.32693523967357,
  "Gb_cv": 0.27713146439401215,
  "si_mean": 0.0014987294955414014,
  "si_std": 0.0004145262910747529,
  "si_cv": 0.2765832836913465,
  "mi_mean": 2.2154010305732488,
  "mi_std": 0.40429832895965406,
  "mi_cv": 0.18249442044815478
}