{
  "sspg": {
    "rmse": 188.7702474976075,
    "mae": 177.41028254372733,
    "r2": -7.472313872809675,
    "pearson_r": 0.45461956115480395,
    "pearson_p": 0.3054324028062111,
    "spearman_r": 0.28571428571428575,
    "spearman_p": 0.5345092286010406,
    "n": 7
  },
  "di": {
    "rmse": 12.597704282123571,
    "mae": 11.911665916442871,
    "r2": -253.01743649702388,
    "pearson_r": -0.7674915023086908,
    "pearson_p": 0.07480557413033176,
    "spearman_r": -0.7714285714285715,
    "spearman_p": 0.07239650145772594,
    "n": 6
  }
}