{
"epoch": [
1,
2,
3,
4,
5,
6,
7,
8,
9,
10,
11,
12,
13,
14,
15,
16,
17,
18,
19,
20,
21,
22,
23,
24,
25,
26,
27,
28,
29,
30,
31,
32,
33,
34,
35,
36,
37,
38,
39,
40,
41,
42,
43,
44,
45,
46,
47,
48,
49,
50,
51,
52,
53,
54,
55,
56,
57,
58,
59,
60,
61,
62,
63,
64,
65,
66,
67,
68,
69,
70,
71,
72,
73,
74,
75,
76,
77,
78,
79,
80,
81,
82,
83,
84,
85,
86,
87,
88,
89,
90,
91,
92,
93,
94,
95,
96,
97,
98,
99,
100
],
"train_loss": [
8.066679730273709,
1.6404479553203772,
1.2522202293471534,
0.8375338670050744,
0.7048362608593289,
0.686130171955222,
0.6014042278327564,
0.45235169051897406,
0.4139441207493886,
0.4443157560164385,
0.4001405445655974,
0.4032842605420859,
0.3697400987148285,
0.3778408904476921,
0.3040442986063438,
0.30780941587273436,
0.2867665975400717,
0.4004705020106665,
0.3713789083579979,
0.3492668102873434,
0.3258923441171646,
0.3016762677395698,
0.3125547937827535,
0.4293563634452253,
0.3774692970927399,
0.3740112037941961,
0.3862221385582839,
0.3880520200375283,
0.439436409733083,
0.37636863624695505,
0.45621100422179345,
0.4496883363416879,
0.41020148638451454,
0.43320369130313985,
0.4127225698810993,
0.40184011760324534,
0.4268297384871115,
0.39248693343436364,
0.4141163436493071,
0.4388197170625819,
0.36309009465840786,
0.4297188390599619,
0.4899438489781748,
0.4478909919167509,
0.4313550337706462,
0.47113269803547625,
0.41334375207967095,
0.36808319493095476,
0.3949669103811283,
0.3605105035965986,
0.36278723283569414,
0.34560120607366657,
0.4495281252530542,
0.45068450906489155,
0.5051491499537288,
0.44355746631575105,
0.4525538157708574,
0.4241833356347415,
0.41290938028014534,
0.4039500441291545,
0.4193981136425887,
0.37928264123378413,
0.34801561673088827,
0.3085192459644658,
0.33599255344655254,
0.3411097585564793,
0.3116733921636449,
0.32399553178560614,
0.3234046842202102,
0.34119054232493484,
0.3257073134478956,
0.3193266037667152,
0.327717792574722,
0.3247848100001269,
0.3834231929613812,
0.36955086960650907,
1.3031187972219864,
0.34439271481910555,
0.3604513188399891,
0.3537145732062878,
0.34713779139046624,
0.346579316081387,
0.3452264890812411,
0.37066232420430323,
0.3887538237146812,
0.39693020239915,
0.4176409285847503,
0.3739112662796927,
0.3925179786021166,
0.4078529937432544,
0.3658784082030306,
0.3941416430591357,
0.33389114418832383,
0.3367932025748904,
0.3353586669015412,
0.3651860577635246,
0.32876816362437633,
0.36188004601119766,
0.3680567210263545,
0.3741565789326583
],
"val_loss": [
0.6634484529495239,
0.5425158143043518,
0.3112393319606781,
0.27510371804237366,
0.36029765009880066,
0.35044217109680176,
0.20171630382537842,
0.19572652876377106,
0.16875386238098145,
0.16520419716835022,
0.1758188158273697,
0.16918739676475525,
0.27258214354515076,
0.13598279654979706,
0.138647198677063,
0.11289109289646149,
0.12513907253742218,
0.17637020349502563,
0.15628008544445038,
0.14462266862392426,
0.12589886784553528,
0.18281495571136475,
0.2385709136724472,
0.18346469104290009,
0.15930257737636566,
0.1878511905670166,
0.18621967732906342,
0.19017089903354645,
0.1915508657693863,
0.17240718007087708,
0.18030014634132385,
0.1678704172372818,
0.2076500803232193,
0.18794064223766327,
0.17091530561447144,
0.18424846231937408,
0.18481579422950745,
0.18018898367881775,
0.22388996183872223,
0.15766331553459167,
0.17406612634658813,
0.1827532798051834,
0.15212382376194,
0.21602773666381836,
0.15280553698539734,
0.14854402840137482,
0.1834508329629898,
0.13585421442985535,
0.1279839724302292,
0.1829783171415329,
0.16502338647842407,
0.26417431235313416,
0.19583749771118164,
0.22327327728271484,
0.15200072526931763,
0.15021900832653046,
0.12812529504299164,
0.1649540811777115,
0.1532900631427765,
0.14815938472747803,
0.12914739549160004,
0.13994885981082916,
0.12135270982980728,
0.10021864622831345,
0.11051984131336212,
0.11617984622716904,
0.11283669620752335,
0.12638038396835327,
0.15435577929019928,
0.13295480608940125,
0.12518976628780365,
0.12550170719623566,
0.13883085548877716,
0.15946148335933685,
0.1359216868877411,
0.13382279872894287,
0.12764497101306915,
0.120551198720932,
0.10938473045825958,
0.11712788045406342,
0.12168511748313904,
0.13501951098442078,
0.1435936689376831,
0.14107118546962738,
0.13854479789733887,
0.1364040970802307,
0.13201628625392914,
0.18418298661708832,
0.15600036084651947,
0.13900098204612732,
0.17762695252895355,
0.11918295919895172,
0.10552729666233063,
0.13923771679401398,
0.11006871610879898,
0.10971997678279877,
0.13983719050884247,
0.12286275625228882,
0.11102517694234848,
0.11201941221952438
]
}