{
"epoch": [
1,
2,
3,
4,
5,
6,
7,
8,
9,
10,
11,
12,
13,
14,
15,
16,
17,
18,
19,
20,
21,
22,
23,
24,
25,
26,
27,
28,
29,
30,
31,
32,
33,
34,
35,
36,
37,
38,
39,
40,
41,
42,
43,
44,
45,
46,
47,
48,
49,
50,
51,
52,
53,
54,
55,
56,
57,
58,
59,
60,
61,
62,
63,
64,
65,
66,
67,
68,
69,
70,
71,
72,
73,
74,
75,
76,
77,
78,
79,
80,
81,
82,
83,
84,
85,
86,
87,
88,
89,
90,
91,
92,
93,
94,
95,
96,
97,
98,
99,
100
],
"train_loss": [
87.52266805478843,
4.46258815444342,
3.658629096380555,
3.0272095699121455,
3.7169212020269713,
2.701115345600808,
2.5504163586267152,
2.100854752677502,
2.0184781787419084,
2.7874083943886334,
2.09038510535023,
2.4238705422618603,
2.704593231182287,
2.1529997268525682,
2.4608216899456363,
2.2582005463024175,
2.327670408947633,
2.2247151407865013,
1.9867904493124178,
1.830407442432819,
1.7286587174576107,
1.5592981565116655,
2.2713354035179214,
1.9280635873870093,
1.9950198360008768,
1.5987482268621427,
1.6881264554391993,
1.593282668897421,
1.3529273708267968,
1.7161242330428397,
1.984789498961798,
1.7293791475862559,
1.821234924958484,
2.021622716790379,
1.466419218790413,
1.9490755111864297,
1.856734575021385,
1.3851584343626948,
1.6015808818363908,
1.827783447681087,
1.9883911999145356,
1.499620299528141,
2.296932605233523,
1.4145017354795248,
1.634503970641901,
1.8200801528326356,
1.5701342573260317,
1.658653206164294,
1.421085823880564,
1.5676371083401217,
1.4350541517286017,
1.64442510534041,
1.5584020779864622,
1.9295981980786465,
2.1561342843688363,
1.5136673308835171,
2.1806193035427888,
4.612414374209867,
5.142252966909125,
2.0569456780310906,
1.5151034888654653,
1.7442594306303723,
1.4134623638474115,
2.1324905481668983,
1.5764256644957135,
1.5572906968617204,
1.8461206915354964,
2.6405324817884086,
1.9493925146537252,
1.5537685710604827,
1.7298691980909593,
1.5640073294686798,
1.4282005612212834,
1.4531825261540932,
1.6514820179136673,
1.4506991747582312,
1.5730652785537267,
1.887825900965398,
1.622141695258641,
3.072023344512033,
2.349640175847724,
1.6895540504172297,
1.363449743478605,
2.3234372870756848,
1.8830872337416846,
1.3269184208152318,
1.5406221352001228,
1.6278988181954563,
1.1998579927010111,
1.82006701325426,
1.4239508716186675,
1.6573747089593718,
1.4020199156043553,
1.3617773256679573,
1.6662977863066266,
1.4608508832383864,
1.594655741559397,
1.6043814078415974,
1.7947620389485124,
1.4024467668911018
],
"val_loss": [
1.394188404083252,
2.095447301864624,
1.3993170261383057,
1.803834080696106,
1.129449725151062,
0.8500388264656067,
0.7893199920654297,
0.6768875122070312,
0.8919704556465149,
0.8073803782463074,
0.599869966506958,
0.8397857546806335,
0.6810520887374878,
0.7633408308029175,
0.6180141568183899,
0.789379358291626,
0.6617968678474426,
0.5158345103263855,
0.6070384979248047,
0.6973518133163452,
0.5555798411369324,
0.5070597529411316,
0.5249845385551453,
0.651517927646637,
0.5070011019706726,
0.42763403058052063,
0.538213849067688,
0.5112379789352417,
0.41289037466049194,
0.542394757270813,
0.5460637807846069,
0.47789904475212097,
0.519253671169281,
0.5858035087585449,
0.4467591643333435,
0.4502700865268707,
0.5398485064506531,
0.48008352518081665,
0.3856108784675598,
0.3841727375984192,
0.42969053983688354,
0.6155257821083069,
0.38154542446136475,
0.456295907497406,
0.3438108265399933,
0.30466747283935547,
0.5488381385803223,
0.46213340759277344,
0.3964766561985016,
0.3630935847759247,
0.3691457509994507,
0.4052511155605316,
0.5302952527999878,
0.5757615566253662,
0.6229388117790222,
0.4291257858276367,
0.9573987722396851,
0.42082202434539795,
0.8333472609519958,
0.8612155318260193,
0.5691255331039429,
0.8921459317207336,
0.534447193145752,
0.6161385774612427,
0.5421590805053711,
0.4653269946575165,
0.5201439261436462,
0.4984235167503357,
0.5427566766738892,
0.5268500447273254,
0.5254374146461487,
0.5269343852996826,
0.43842360377311707,
0.4209875166416168,
0.4248389005661011,
0.45811885595321655,
0.4880393445491791,
0.7368290424346924,
0.9476338028907776,
1.0600544214248657,
0.70290607213974,
0.5358200073242188,
0.5087096691131592,
0.5123572945594788,
0.5302750468254089,
0.5532106161117554,
0.6371673941612244,
0.5602743625640869,
0.5007114410400391,
0.49692633748054504,
0.5227633714675903,
0.5620939135551453,
0.5343887209892273,
0.4962424039840698,
0.4581432044506073,
0.47928670048713684,
0.4819614291191101,
0.5699141621589661,
0.4714110791683197,
0.5980663299560547
]
}