{
  "sspg": {
    "rmse": 69.17576782045052,
    "mae": 49.437232123480904,
    "r2": -0.04941850735155118,
    "pearson_r": 0.04306291919732448,
    "pearson_p": 0.8030711088248583,
    "spearman_r": -0.27258401297334806,
    "spearman_p": 0.10774559694394689,
    "n": 36
  },
  "di": {
    "rmse": 0.9737159914373875,
    "mae": 0.895142396291097,
    "r2": -1.6337706107047154,
    "pearson_r": -0.5311555363472309,
    "pearson_p": 0.07556671024284485,
    "spearman_r": -0.6334450201558821,
    "spearman_p": 0.02700864991002243,
    "n": 12
  }
}