{
"epoch": [
1,
2,
3,
4,
5,
6,
7,
8,
9,
10,
11,
12,
13,
14,
15,
16,
17,
18,
19,
20,
21,
22,
23,
24,
25,
26,
27,
28,
29,
30,
31,
32,
33,
34,
35,
36,
37,
38,
39,
40,
41,
42,
43,
44,
45,
46,
47,
48,
49,
50,
51,
52,
53,
54,
55,
56,
57,
58,
59,
60,
61,
62,
63,
64,
65,
66,
67,
68,
69,
70,
71,
72,
73,
74,
75,
76,
77,
78,
79,
80,
81,
82,
83,
84,
85,
86,
87,
88,
89,
90,
91,
92,
93,
94,
95,
96,
97,
98,
99,
100
],
"train_loss": [
16.93134557543777,
3.564384272718054,
2.6117534318308193,
3.1174269924013633,
1.556763730649873,
1.2152408117384423,
1.0557180915291853,
1.1043659932031407,
1.2016536100642887,
1.2523947550555852,
1.2040373499937884,
1.2077709642920906,
1.2129860093274454,
1.2053462830115491,
1.2171118240656815,
1.2512328455767294,
1.2673942047779954,
1.3137129967606913,
1.2464740417135043,
1.2674428722051185,
1.3904670598938709,
1.3459019154075562,
1.380339859038826,
1.426078083946949,
1.4157151622096384,
1.4686932254025316,
1.5474139799283246,
1.6102688734925639,
1.6583181225408719,
1.7664077920237864,
1.6999052030833688,
1.7031418291602547,
1.582479497579139,
1.6233795655993966,
1.621059387687623,
1.6097130165325375,
1.7802907453747245,
1.921608391709215,
1.8212152681951448,
1.1554713150647682,
1.119888239019499,
1.5321926028709711,
1.647381529094666,
2.146527712739359,
2.085038917271171,
2.197850781162893,
1.9505272531133937,
1.9643599010827972,
2.0485031764338335,
2.1474287603783795,
2.2149459264409823,
2.2073808748891035,
2.2654660686733217,
2.2913649664150446,
2.3095811746251864,
2.3805179858770895,
2.469912555274062,
2.510267197616457,
2.5573513320111854,
2.5876068355530264,
2.6000642795262374,
2.6083048009496976,
2.6883620633853704,
2.7683213883497584,
2.7482736392284,
2.7408695859233227,
2.846549694932352,
2.943464622722836,
3.015131593689205,
3.1852245236944965,
3.4858462453827146,
3.807593396329504,
3.9179508085325945,
4.1123526040024645,
4.42210151266864,
4.789428951233391,
5.005077568564828,
5.170655434525858,
5.337302147872805,
4.351227613884633,
4.7499692045797515,
4.983819274451789,
5.908667718331645,
5.48453578047865,
4.789857526463787,
5.5799037903312625,
6.080729653516154,
6.177175859766682,
6.303388242646466,
6.472285863921398,
6.478517543612503,
6.17475105270626,
5.391560899929737,
4.624420019585316,
4.745024497114767,
5.7296764381288545,
6.503128911566547,
6.631858187397634,
7.086125835658997,
7.2626618813342
],
"val_loss": [
0.8444361686706543,
0.7251055836677551,
0.4174562394618988,
0.4931271970272064,
0.40910497307777405,
0.4270084500312805,
0.39645466208457947,
0.46001189947128296,
0.49678513407707214,
0.41386324167251587,
0.3789176046848297,
0.3940449059009552,
0.41000938415527344,
0.36837705969810486,
0.37353792786598206,
0.34502577781677246,
0.47788384556770325,
0.36136507987976074,
0.3602820634841919,
0.3355304002761841,
0.3894956707954407,
0.33661478757858276,
0.3273303508758545,
0.3351278603076935,
0.3612736761569977,
0.3725438117980957,
0.3587953448295593,
0.33868229389190674,
0.337857186794281,
0.3420511782169342,
0.3095363974571228,
0.30259424448013306,
0.32776662707328796,
0.3068312406539917,
0.29753515124320984,
0.31711432337760925,
0.323314368724823,
0.2881358563899994,
0.36087924242019653,
0.5040406584739685,
0.36633583903312683,
0.32542863488197327,
0.42778128385543823,
0.3952581584453583,
0.3885835111141205,
0.3710152506828308,
0.33456432819366455,
0.29892978072166443,
0.3251817226409912,
0.31502464413642883,
0.34796762466430664,
0.3127797544002533,
0.31256312131881714,
0.2668690085411072,
0.267814576625824,
0.2774710953235626,
0.2691032290458679,
0.24969689548015594,
0.25487247109413147,
0.23354412615299225,
0.2327338457107544,
0.19479995965957642,
0.22644835710525513,
0.21364030241966248,
0.22033286094665527,
0.17839080095291138,
0.29211610555648804,
0.1619206815958023,
0.2137833684682846,
0.19092275202274323,
0.16723255813121796,
0.19697850942611694,
0.22575560212135315,
0.1956230252981186,
0.17733342945575714,
0.22982551157474518,
0.2197139710187912,
0.1641978770494461,
0.19776076078414917,
0.2770441174507141,
0.2472701221704483,
0.1928742229938507,
0.2297632396221161,
0.2230003923177719,
0.23854191601276398,
0.22845111787319183,
0.2039187103509903,
0.22605189681053162,
0.17732857167720795,
0.17325183749198914,
0.16228245198726654,
0.18329909443855286,
0.26091161370277405,
0.23386092483997345,
0.23224715888500214,
0.284223347902298,
0.20314043760299683,
0.19115149974822998,
0.18114738166332245,
0.2626679241657257
]
}