{
  "model": "RidgeCV",
  "cv_spearman": 0.3181905728467054,
  "cv_pearson": 0.28289487755520726,
  "test_pearson": 0.6127680122780657,
  "test_spearman": 0.7112781954887217,
  "test_r2": 0.23640277597141068,
  "test_rmse": 69.75031894875715
}