{
  "sspg": {
    "spearman_r": 0.6123724356957946,
    "rmse": NaN,
    "n": 7
  },
  "di": {
    "spearman_r": 0.6123724356957946,
    "rmse": NaN,
    "n": 7
  }
}