{
"epoch": [
1,
2,
3,
4,
5,
6,
7,
8,
9,
10,
11,
12,
13,
14,
15,
16,
17,
18,
19,
20,
21,
22,
23,
24,
25,
26,
27,
28,
29,
30,
31,
32,
33,
34,
35,
36,
37,
38,
39,
40,
41,
42,
43,
44,
45,
46,
47,
48,
49,
50,
51,
52,
53,
54,
55,
56,
57,
58,
59,
60,
61,
62,
63,
64,
65,
66,
67,
68,
69,
70,
71,
72,
73,
74,
75,
76,
77,
78,
79,
80,
81,
82,
83,
84,
85,
86,
87,
88,
89,
90,
91,
92,
93,
94,
95,
96,
97,
98,
99,
100
],
"train_loss": [
27.81197625940496,
2.380939836625929,
1.6709659215691801,
1.2600180019031872,
0.9262304987226214,
0.9911607263924239,
0.9152338411900904,
0.9166968023622191,
0.7597079671822585,
0.7459349500668513,
0.6910434682647904,
0.6946794808685005,
0.6492226820487481,
0.6230454553257335,
0.6060669600189507,
0.5977805690331892,
0.6053125931845083,
0.6013617353005842,
0.5959617402646449,
0.5771976481010388,
0.5486306857753109,
0.5567905345520416,
0.5786509103589244,
0.5630501261005154,
0.5337956907687249,
0.5537262597641388,
0.5157291842745496,
0.5249228748408231,
0.5211964652135774,
0.5659564346462101,
0.4847877172680644,
0.49629604235872044,
0.49840942915383873,
0.46991430706792064,
0.4903797840143179,
0.49711429840558535,
0.5079975298472813,
0.5183791808493725,
0.5171392919955315,
0.4770615379531662,
0.5863109587074874,
0.5268886429922921,
0.48623817849468876,
0.48903792283751746,
0.47810316201928377,
0.459901825948195,
0.5270049742289952,
0.49777585964698295,
0.4736736285222041,
0.5067945176904852,
0.5275201224661493,
0.490449667751015,
0.49341555230029216,
0.4968521130549443,
0.4966897445839721,
0.5031189949481518,
0.5086219504282072,
0.490458387833137,
0.5110555747886757,
0.45850734586839553,
0.481978879346476,
0.48213182099453816,
0.501456197206076,
0.49645067809464094,
0.4993971446891884,
0.5035840853468164,
0.5099506819403017,
0.5208261492964509,
0.4916085759540657,
0.48701744420187815,
0.5161957539521255,
0.4906751517351572,
0.5036658729825702,
0.5043606223998132,
0.5239864820009702,
0.5208613493225791,
0.49122225618981696,
0.49089914173274846,
0.46153932267969305,
0.46823433312502777,
0.48619807540596305,
0.476656745780598,
0.520712535102646,
0.48350948017913026,
0.48385800711520305,
0.4933590842531873,
0.4753435780475666,
0.5069188522054003,
0.47720699960535223,
0.4965684599690623,
0.47931439303732537,
0.48875196490968975,
0.4957448166686219,
0.47993416677821765,
0.47745992688389566,
0.5048992715098641,
0.5025855991747472,
0.48564785796326476,
0.48897401930449846,
0.4790633978781762
],
"val_loss": [
2.107834815979004,
1.627644419670105,
1.0944018363952637,
0.44653505086898804,
0.7727501392364502,
0.46428367495536804,
0.7193714380264282,
0.494536429643631,
0.5386459231376648,
0.5079920291900635,
0.4019150733947754,
0.4308975636959076,
0.3799440562725067,
0.3591088354587555,
0.3388599455356598,
0.4059150815010071,
0.293996125459671,
0.30714544653892517,
0.3121662437915802,
0.284210741519928,
0.28049853444099426,
0.2931269109249115,
0.28053170442581177,
0.25809523463249207,
0.267561137676239,
0.2352137714624405,
0.21621371805667877,
0.2188488394021988,
0.31057554483413696,
0.17639775574207306,
0.21450775861740112,
0.177043154835701,
0.19784444570541382,
0.20202460885047913,
0.21403247117996216,
0.19154039025306702,
0.1615876704454422,
0.21337321400642395,
0.16191987693309784,
0.3471059799194336,
0.14090920984745026,
0.16962017118930817,
0.18438461422920227,
0.18198472261428833,
0.1548067331314087,
0.12238657474517822,
0.14041824638843536,
0.16994929313659668,
0.18649011850357056,
0.15470845997333527,
0.14650565385818481,
0.16793690621852875,
0.1480935961008072,
0.15888705849647522,
0.15157972276210785,
0.1716541051864624,
0.15789274871349335,
0.14284861087799072,
0.1485634446144104,
0.13720564544200897,
0.13727062940597534,
0.14670994877815247,
0.15537072718143463,
0.1473560780286789,
0.15006138384342194,
0.15542127192020416,
0.1739632934331894,
0.1560489684343338,
0.14815747737884521,
0.13588380813598633,
0.13901033997535706,
0.15135730803012848,
0.16625675559043884,
0.1667252629995346,
0.15055279433727264,
0.14411292970180511,
0.13971620798110962,
0.13579724729061127,
0.13544581830501556,
0.14181892573833466,
0.1473209112882614,
0.14392223954200745,
0.14041483402252197,
0.14112067222595215,
0.1518058031797409,
0.14633610844612122,
0.14721889793872833,
0.14686113595962524,
0.1453401893377304,
0.1436297446489334,
0.1442083716392517,
0.14113987982273102,
0.13781416416168213,
0.1367235630750656,
0.13581646978855133,
0.13576699793338776,
0.1358899474143982,
0.1360614001750946,
0.1361309289932251,
0.1361362189054489
]
}