{
"epoch": [
1,
2,
3,
4,
5,
6,
7,
8,
9,
10,
11,
12,
13,
14,
15,
16,
17,
18,
19,
20,
21,
22,
23,
24,
25,
26,
27,
28,
29,
30,
31,
32,
33,
34,
35,
36,
37,
38,
39,
40,
41,
42,
43,
44,
45,
46,
47,
48,
49,
50,
51,
52,
53,
54,
55,
56,
57,
58,
59,
60,
61,
62,
63,
64,
65,
66,
67,
68,
69,
70,
71,
72,
73,
74,
75,
76,
77,
78,
79,
80,
81,
82,
83,
84,
85,
86,
87,
88,
89,
90,
91,
92,
93,
94,
95,
96,
97,
98,
99,
100
],
"recon_loss": [
10.454721097822313,
1.4301057945598254,
1.249492481157377,
0.7979472078286208,
0.6285322997477147,
0.7269202501742871,
0.6554643372436623,
0.6688149184375615,
0.5022459223672942,
0.4808100012989787,
0.4323007421834128,
0.4265207717945049,
0.38694702533932473,
0.3632728008480815,
0.34407692683207525,
0.3412180651317943,
0.3418879352219693,
0.3425398964386482,
0.3294094042344527,
0.3198826154331108,
0.2882909407089283,
0.30142347301755634,
0.3198347416791049,
0.30280046900371455,
0.27399499037049035,
0.2873777329147636,
0.2511675137204009,
0.26369102473382827,
0.25360335119358907,
0.29654792763970117,
0.2148604830364128,
0.2242886679513114,
0.23125147587293154,
0.2024274541960134,
0.22443571880266264,
0.22259128674284204,
0.23054451485732932,
0.23214166988800097,
0.23714845598518075,
0.19049347259781577,
0.300643738988158,
0.24379475705035322,
0.20644358593922157,
0.20143419929913112,
0.18181775297437394,
0.15869319806625318,
0.2275004650091196,
0.2060052135160991,
0.18295805717443492,
0.2095894560024336,
0.19698060913519425,
0.19091010258182303,
0.19085268656928817,
0.1846296837577572,
0.19790926672421494,
0.19632555544376373,
0.2047233053229072,
0.18446806556992718,
0.1991239906131447,
0.1521803264494066,
0.16970459691115788,
0.17081192174515167,
0.1902282890174296,
0.19186987079583206,
0.190585701109527,
0.1983224211575149,
0.19872380406051487,
0.20657587612604167,
0.17730049324500097,
0.16820576961164352,
0.19630799587670858,
0.17463864850533473,
0.1945037025135833,
0.20270472726264557,
0.2052351762722065,
0.20300092074004086,
0.18532378623237858,
0.19695363087313517,
0.1695872837459886,
0.15931756523522464,
0.17682277478955008,
0.18043514892652437,
0.20042082802815872,
0.1781926029301309,
0.17790373676008991,
0.1788391869563561,
0.17058189968010048,
0.19860335990980074,
0.1852409481615215,
0.1935317829831854,
0.17808784331594193,
0.16913022778250955,
0.19485100058766155,
0.18334070041582182,
0.17593895092413023,
0.20589955470391683,
0.19730698462430532,
0.1860686122597038,
0.18373361017022813,
0.17577964609319513
],
"sspg_loss": [
149.6047505960836,
7.259281183218027,
2.1149772452069566,
3.0006014340883724,
1.3201462881905692,
1.008520489389246,
1.0154774963081656,
0.9999665788241795,
1.0065392689271406,
1.034264875696851,
0.9644640885390244,
1.0651880672999792,
1.02729338717151,
0.9947663266937454,
0.9973257950374058,
0.9954435329932672,
1.0322594673602612,
1.0185286441406647,
1.0241889651719627,
0.9879246330880499,
0.9813557569082682,
1.0029663637086943,
0.9794642352438593,
1.0047396990385922,
0.9751463230554159,
1.0046075814730162,
0.9988231186742906,
0.9923740478305073,
0.9986375570297241,
0.985611274644926,
1.005946159362793,
1.0061174089258367,
0.9780804011728856,
0.9803067856020742,
0.9967791314248915,
1.0213553812596705,
0.9937166145869664,
1.0091056606986306,
1.0035943338623294,
1.0045786112933963,
0.9646939108898114,
1.0386059315173657,
0.9832859581167047,
1.0071107536167294,
0.988345810345241,
0.9849014951811208,
0.9961063861846924,
1.0025400960600221,
1.0149009699945326,
0.9520569853968435,
1.1083934616732907,
1.0112716911675095,
1.0020255299357625,
0.9956250686150092,
0.9622727988602279,
1.028271781933772,
1.023891167981284,
1.0022496046958032,
1.013980128548362,
0.9702508836597591,
1.001907153563066,
1.0036963944311266,
1.0086926283774438,
1.0000467238488135,
1.0123000624892,
0.9858309556911518,
0.9834684505091085,
1.007977607962373,
0.9975461619240897,
1.0130317110519904,
0.986880113552143,
0.9880151353873216,
0.9679203900423917,
0.9137580913382691,
1.0021571269283047,
1.0268322121013294,
0.9029871937516448,
0.8270873698321256,
0.8709814161449284,
0.9366159485532092,
0.9239919495272946,
0.8917473376571358,
0.9729964330598906,
0.9421394366722602,
0.927324649962512,
1.0366344219678407,
0.8950655305540407,
0.94603097283995,
0.8676857685113882,
0.9040087291172573,
0.8788798629463493,
1.0248545965591034,
0.894516421602918,
0.8651580438985453,
0.9075234207240018,
0.8763450345435699,
0.909278484133931,
0.8790440822576547,
0.8886359481068401,
0.9203639680689032
],
"di_loss": [
23.50725814274379,
1.5600216079067875,
1.2377254281725203,
1.0442795838628496,
1.0819457722948742,
0.9762309216833734,
0.9867249789176049,
0.9339522402007858,
1.0020060957252206,
1.0008491711183027,
1.024534070646608,
1.0540212779850155,
1.0155294096315062,
0.9915344653191505,
1.0121125617584625,
0.9772256705668065,
1.00135086496155,
0.9919572418386285,
1.0273966998248905,
0.9789773976648009,
1.0320362936366687,
0.9822468583459978,
1.0326618296759469,
1.0009037457503283,
0.9914362802133931,
1.0007362226387122,
0.9826854784767349,
0.9800137265936121,
1.011353899906208,
1.0177895922165412,
0.9902374713451831,
1.0167253009684674,
0.9858265627514232,
1.0350476689152903,
1.0133305772558434,
0.989163705280849,
0.9784683585166931,
1.0148003983807254,
1.0021439573981545,
1.009484801199529,
1.0005493210507679,
0.9974511985654955,
0.9717524082629712,
0.9880924580933211,
0.9875816369985605,
1.0120169450710346,
1.0360820448243773,
1.0067924191425373,
0.9817931977185336,
1.0600166467877177,
1.1896315549875234,
0.9842534777405975,
0.974423660086347,
1.0607770665899499,
0.9843279796761352,
1.0132101441358592,
0.9858656394017207,
0.992576078935103,
1.001162104792409,
0.9721069320455774,
1.017956037025947,
0.9923063083128496,
0.9954956971205674,
0.9547373954351847,
0.9914731491695751,
0.96736148677089,
0.9987432283240479,
1.0020818075576385,
1.0014008817734656,
0.9996586774850821,
1.019330882406854,
0.9989563420221403,
0.9886236686211127,
0.9501723670340204,
0.9883474490859292,
0.9556232311508872,
0.9713882734249164,
0.9334315882100688,
0.8659681948748502,
0.964444689936452,
0.977929476019624,
0.8753575194965709,
1.0303511162856958,
0.9066505114753525,
0.9283937711220283,
0.9080722862249845,
0.9576344195898477,
0.9421802612094136,
0.8530651454801683,
0.9206806831545644,
0.9198235350769836,
0.9549634657896958,
0.8975481352248749,
0.8845723348778564,
0.8928951675241644,
0.8994835553231177,
0.9297785650600087,
0.9030451348849705,
0.9499640735712919,
0.8983785989996674
],