{
  "icc_sspg": 0.5803196200014927,
  "icc_di": 0.6383661837562962
}