{
  "n": 16,
  "pearson_r": -0.6273131250454008,
  "pearson_p": 0.009290380819089821,
  "spearman_r": -0.5264705882352941,
  "spearman_p": 0.036166514972245475,
  "r2": -0.3995804384781383,
  "rmse": 0.8577027378317694,
  "mae": 0.715898554393377
}