{
  "n": 16,
  "pearson_r": 0.6273131250454012,
  "spearman_r": 0.5264705882352941,
  "r2": -0.2054548897434183,
  "rmse": 0.7960005098707595,
  "mae": 0.7173576459572188
}