{
  "n": 20,
  "pearson_r": 0.5673399833512203,
  "pearson_p": 0.009082988356845784,
  "spearman_r": 0.6045112781954887,
  "spearman_p": 0.00475310082409381,
  "r2": 0.15749803315142408,
  "rmse": 73.26549516233635,
  "mae": 49.952791442871096
}