{
  "n": 20,
  "pearson_r": 0.5673399833512204,
  "spearman_r": 0.6045112781954887,
  "r2": 0.22402789488416108,
  "rmse": 70.31323540646203,
  "mae": 46.7547803373554
}