{
  "sspg": {
    "rmse": 84.15340088285906,
    "mae": 64.25303115844727,
    "r2": -0.12102672688566285,
    "pearson_r": 0.49923415674812704,
    "pearson_p": 0.14182112360940055,
    "spearman_r": 0.20060882941442132,
    "spearman_p": 0.5784061446498445,
    "n": 10
  },
  "di": {
    "rmse": 0.9733443944697928,
    "mae": 0.8945874174435934,
    "r2": -0.7882566623918263,
    "pearson_r": 0.5853806094552553,
    "pearson_p": 0.222225406568694,
    "spearman_r": 0.7714285714285715,
    "spearman_p": 0.07239650145772594,
    "n": 6
  }
}