{
"epoch": [
1,
2,
3,
4,
5,
6,
7,
8,
9,
10,
11,
12,
13,
14,
15,
16,
17,
18,
19,
20,
21,
22,
23,
24,
25,
26,
27,
28,
29,
30,
31,
32,
33,
34,
35,
36,
37,
38,
39,
40,
41,
42,
43,
44,
45,
46,
47,
48,
49,
50,
51,
52,
53,
54,
55,
56,
57,
58,
59,
60,
61,
62,
63,
64,
65,
66,
67,
68,
69,
70,
71,
72,
73,
74,
75,
76,
77,
78,
79,
80,
81,
82,
83,
84,
85,
86,
87,
88,
89,
90,
91,
92,
93,
94,
95,
96,
97,
98,
99,
100
],
"train_loss": [
25.253058294258494,
2.3396002538133374,
3.2860138251049684,
1.4695747111103323,
1.261760666818902,
1.0501405986228791,
0.9001905003396591,
0.8362056807716294,
0.7517018241457419,
0.7615345433206842,
0.6942746202544411,
0.6775757587782227,
0.6082638502120972,
0.6372617551005713,
0.6091710146110837,
0.6391670824867663,
0.7663328281723627,
0.6400382023046512,
0.6808055780901767,
0.6859047793515838,
0.6119692042322442,
0.6128778746812651,
0.5496646148143428,
0.6500153063547494,
0.6241399037956011,
0.7671990677861884,
0.6123249861273435,
0.6350634431484903,
0.6875341227739165,
0.6943928268876406,
0.7296891106237279,
0.6564712370976363,
0.6483518882553176,
0.6520383257677059,
0.6173490486522712,
0.6136646701557802,
0.6533247580622682,
0.5967443901123387,
0.6392262153106161,
0.6257629969922622,
0.600027064285656,
0.6329172011649254,
0.5973978694712762,
0.6181784449237409,
0.5917700954002909,
0.6138985640931838,
0.5988387884479938,
0.5984235335104536,
0.7851593842600831,
0.5966230477436935,
0.6362717765392644,
0.6132929764761783,
0.580246384781186,
0.5663174715372595,
0.5892830550080479,
0.6009895164187592,
0.6034442806007838,
0.6216774874984627,
0.6243448741365187,
0.6644970045821501,
0.6212825916781284,
0.6185041595213484,
0.6282563386577191,
0.6118715104490223,
0.6285018841228863,
0.610313347070524,
0.6409502327442169,
0.6313088624784262,
0.6580895651685129,
0.6394022986440375,
0.6319540626931899,
0.6215940259470798,
0.6314684819466997,
0.6154459107040179,
0.6327117474952547,
0.6572481677083686,
0.6304724116136532,
0.622963818583158,
0.6267530693866239,
0.647036072641316,
0.7581417472055643,
0.6186564334548346,
0.6249479120320612,
0.625039254674817,
0.6099938177826381,
0.6376851950541581,
0.6279264275390323,
0.6736099365914222,
0.6678283993560489,
0.6368213467078634,
0.6469982183805787,
0.6036532114047816,
0.6206672551608322,
0.682300850896552,
0.6924409748304008,
0.6684826742304434,
0.706366233896501,
0.648904012571467,
0.6568257159525805,
0.6568899066141336
],
"val_loss": [
1.2926366329193115,
2.3612778186798096,
0.777445375919342,
0.434401273727417,
0.5122718811035156,
0.4707900285720825,
0.4219910502433777,
0.5130259990692139,
0.34760481119155884,
0.45353856682777405,
0.35511940717697144,
0.33004334568977356,
0.3037416338920593,
0.27370160818099976,
0.2568172514438629,
0.2694089710712433,
0.47126761078834534,
0.1774298995733261,
0.31555813550949097,
0.2748201787471771,
0.22458866238594055,
0.1999082863330841,
0.20570917427539825,
0.23788361251354218,
0.4336641728878021,
0.26065367460250854,
0.2951720058917999,
0.37101811170578003,
0.35122400522232056,
0.39845332503318787,
0.3611539602279663,
0.3720785081386566,
0.39425134658813477,
0.3293381631374359,
0.34153690934181213,
0.31817662715911865,
0.3242283761501312,
0.3287903964519501,
0.3180854320526123,
0.3190242052078247,
0.3112747073173523,
0.32851216197013855,
0.32490482926368713,
0.3523963987827301,
0.2950643002986908,
0.31081125140190125,
0.29445040225982666,
0.3133601248264313,
0.3551658093929291,
0.30968859791755676,
0.29717281460762024,
0.2975464463233948,
0.2974177300930023,
0.3191058337688446,
0.325610488653183,
0.30362051725387573,
0.3090088665485382,
0.3012608289718628,
0.3474617898464203,
0.35130739212036133,
0.3728163242340088,
0.3748345971107483,
0.351832777261734,
0.33150002360343933,
0.31643933057785034,
0.3067838251590729,
0.31388646364212036,
0.31561174988746643,
0.3307078778743744,
0.3041238784790039,
0.319942831993103,
0.2966550886631012,
0.29622045159339905,
0.33224499225616455,
0.3060614764690399,
0.3069934546947479,
0.32217440009117126,
0.2883899509906769,
0.30132657289505005,
0.4908023476600647,
0.2990489900112152,
0.3035503327846527,
0.2948895990848541,
0.3171443045139313,
0.310841828584671,
0.31330692768096924,
0.30722105503082275,
0.30897724628448486,
0.2922118306159973,
0.3296341001987457,
0.3119906187057495,
0.2928376793861389,
0.31505686044692993,
0.31148532032966614,
0.3042868375778198,
0.299032986164093,
0.31345969438552856,
0.28440672159194946,
0.29787012934684753,
0.3293452560901642
]
}